"iPad13,18",R
"iPad13,19",R
"iPad14,8",R
"iPad14,9",R
"iPad14,10",R
"iPad14,11",R
"iPad16,3",R
"iPad16,4",R
"iPad16,5",R
"iPad16,6",R
SM-X700,R
SM-X800,R
SM-X900,R
SM-X710,R
SM-X810,R
SM-X910,R
SM-X820,R
SM-X920,R
SM-X200,T
SM-X205,T
SM-X205C,T
SM-X205N,T
SM-X207,T
"iPad1,1",T
"iPad11,1",T
"iPad11,2",T
"iPad11,3",T
"iPad11,4",T
"iPad11,6",T
"iPad11,7",T
"iPad12,1",T
"iPad12,2",T
"iPad13,1",T
"iPad13,10",T
"iPad13,11",T
"iPad13,16",T
"iPad13,17",T
"iPad13,2",T
"iPad13,4",T
"iPad13,5",T
"iPad13,6",T
"iPad13,7",T
"iPad13,8",T
"iPad13,9",T
"iPad14,1",T
"iPad14,2",T
"iPad14,3",T
"iPad14,4",T
"iPad14,5",T
"iPad14,6",T
"iPad15,3",R
"iPad15,4",R
"iPad15,5",R
"iPad15,6",R
"iPad15,7",R
"iPad15,8",R
"iPad16,1",T
"iPad16,10",R
"iPad16,11",R
"iPad16,2",T
"iPad16,8",R
"iPad16,9",R
"iPad17,1",R
"iPad17,2",R
"iPad17,3",R
"iPad17,4",R
"iPad2,1",T
"iPad2,2",T
"iPad2,3",T
"iPad2,4",T
"iPad2,5",T
"iPad2,6",T
"iPad2,7",T
"iPad3,1",T
"iPad3,2",T
"iPad3,3",T
"iPad3,4",T
"iPad3,5",T
"iPad3,6",T
"iPad4,1",T
"iPad4,2",T
"iPad4,3",T
"iPad4,4",T
"iPad4,5",T
"iPad4,6",T
"iPad4,7",T
"iPad4,8",T
"iPad4,9",T
"iPad5,1",T
"iPad5,2",T
"iPad5,3",T
"iPad5,4",T
"iPad6,11",T
"iPad6,12",T
"iPad6,3",T
"iPad6,4",T
"iPad6,7",T
"iPad6,8",T
"iPad7,1",T
"iPad7,11",T
"iPad7,12",T
"iPad7,2",T
"iPad7,3",T
"iPad7,4",T
"iPad7,5",T
"iPad7,6",T
"iPad8,1",T
"iPad8,10",T
"iPad8,11",T
"iPad8,12",T
"iPad8,2",T
"iPad8,3",T
"iPad8,4",T
"iPad8,5",T
"iPad8,6",T
"iPad8,7",T
"iPad8,8",T
"iPad8,9",T
"iPhone1,1",T
"iPhone1,2",T
"iPhone10,1",T
"iPhone10,2",T
"iPhone10,3",T
"iPhone10,4",T
"iPhone10,5",T
"iPhone10,6",T
"iPhone11,2",T
"iPhone11,4",T
"iPhone11,6",T
"iPhone11,8",T
"iPhone12,1",T
"iPhone12,3",T
"iPhone12,5",T
"iPhone12,8",T
"iPhone13,1",T
"iPhone13,2",T
"iPhone13,3",T
"iPhone13,4",T
"iPhone14,2",T
"iPhone14,3",T
"iPhone14,4",T
"iPhone14,5",T
"iPhone14,6",T
"iPhone14,7",T
"iPhone14,8",T
"iPhone15,2",T
"iPhone15,3",T
"iPhone15,4",T
"iPhone15,5",T
"iPhone16,1",T
"iPhone16,2",T
"iPhone17,1",T
"iPhone17,2",T
"iPhone17,3",T
"iPhone17,4",T
"iPhone17,5",T
"iPhone18,1",T
"iPhone18,2",T
"iPhone18,3",T
"iPhone18,4",T
"iPhone18,5",T
"iPhone2,1",T
"iPhone3,1",T
"iPhone3,2",T
"iPhone3,3",T
"iPhone4,1",T
"iPhone5,1",T
"iPhone5,2",T
"iPhone5,3",T
"iPhone5,4",T
"iPhone6,1",T
"iPhone6,2",T
"iPhone7,1",T
"iPhone7,2",T
"iPhone8,1",T
"iPhone8,2",T
"iPhone8,4",T
"iPhone9,1",T
"iPhone9,2",T
"iPhone9,3",T
"iPhone9,4",T
"iPod1,1",T
"iPod2,1",T
"iPod3,1",T
"iPod4,1",T
"iPod5,1",T
"iPod7,1",T
"iPod9,1",T
001DL,T
001HT,T
003P,T
003Z,T
009Z,T
01016,T
01516,T
01519,T
02018,T
0PAJ5,T
0PCV1,T
0PJA10,T
0PJA2,T
0PM92,T
1,T
10 Plus,T
10.1Myros,T
100,T
100003561,T
100003562,T
100005206,T
100005207,T
100005208,T
100005208-CA,T
100005209,T
100011885,T
100011886,T
100011886A,T
100011886BK,T
100011886CA,T
100011886_GTW,T
100015685-A,T
100015685-E,T
100026191,T
100026203,T
100043279,T
100044018,T
100044018G,T
100044018P,T
100071481,T
100071481A,T
100071483,T
100071483A,T
100071485,T
100071485A,T
100071486,T
100071486A,T
100092980,T
100092980A,T
100092988,T
100092988A,T
1001-G,T
1001-G Go,T
100110027,T
100110603,T
100135794,T
100135920,T
100135921,T
100135923,T
100135924,T
100135925,T
100146660,T
100146663,T
1008,T
10080,T
1008S,T
1010,T
1013,T
1016S,T
1016TPC,T
101F,T
101HH1B,T
101K,T
101N,T
101P,T
101P51C,T
101P51D,T
102017,T
102P,T
1032,T
104S,T
10542843,T
1070TPC,T
10A20S,T
10A30Q,T
10AWM20S,T
10A_3G,T
10A_LTE_eea,T
10BIZ332,T
10C-LTE-A11,T
10C-PRO-LTE,T
10C_LTE,T
10DTB10,T
10DTB12A,T
10DTB42,T
10DTB44,T
10L-PLUS,T
10LA1,T
10LA2,T
10LA3,T
10LB1,T
10LB2,T
10LB4,T
10LC1,T
10LC1-3,T
10ML_012G,T
10T-LTE,T
10WB1,T
10WB2,T
10WB3,T
10WB4,T
10WC1,T
10_1Q205,T
10_Notebook,T
10_Pro,T
10edge,T
10in-I-Series-4,T
10in-I-Series-4-Value,T
10in-I-Series-5,T
10in-I-Series-5-Value,T
10or G2,T
10sm3tb,T
1100,T
1100AS,T
1100AS_plus,T
1105,T
1107,T
1170TPC,T
11DTB1,T
11T-LTE-Pro,T
11_Pro_WLAN,T
1200AS,T
1200AS_plus,T
1201,T
1202,T
1206,T
121-1001P02,T
12998-99,T
1319D,T
1402D 4G WS1250PL,T
14A-DA,T
14in-E-Series-1,T
14in-E-Series-5,T
15,T
15 Lite,T
15 Plus,T
15 Pro Max,T
15in-I-Series-4,T
15in-I-Series-4-USB-C,T
15in-I-Series-4-USBC-V,T
15in-I-Series-4-Value,T
15in-I-Series-5,T
15in-I-Series-5-USB-C,T
16,T
16 Pro Max,T
16 X,T
16A_Pro,T
16G4H101,T
16M4HI105024,T
16M5HI105023,T
16T,T
16s,T
16s Pro,T
16th,T
16th Plus,T
175FT1050241,T
175HS1050231,T
175WT1050231,T
176HS1050232,T
176HS1050531,T
17X,T
17_Pro_Max,T
18 Pro,T
1803,T
1821,T
1825-I01,T
1826,T
1826-I01,T
1827,T
185FT5050231,T
186FT1080231,T
186HS1050232,T
186HS1050531,T
186HS2080531,T
19 Pro Max,T
1901,T
1903,T
1904,T
1921,T
1932,T
1939,T
1AEC,T
1AY,T
1AZ2P_eea,T
1AZ2T,T
1AZ2TW,T
1AZ_eea,T
1BEC,T
1BY,T
1CY,T
1DY,T
1DY4G,T
1EY,T
1EY4G,T
1HY4G,T
1IY4G,T
1XPHONE,T
2,T
2000_000170_00,T
2000_000176_00,T
2007-100,T
2011-100,T
2013022,T
2013023,T
2014011,T
2014501,T
2014502,T
2014811,T
2014812,T
2014813,T
2014817,T
2014818,T
2014819,T
201F,T
201K,T
201M,T
2021,T
2022,T
202F,T
202K,T
2032,T
2039,T
2040,T
2042,T
204HW,T
206886-01,T
20721400,T
20721400E,T
20721400R,T
20725300,T
20725300E,T
20725300R,T
20726600,T
20728200,T
20728200E,T
20728200R,T
21051182C,T
21051182G,T
21061110AG,T
21061119AG,T
21061119AL,T
21061119BI,T
21061119DG,T
2106118C,T
2107113SG,T
2107113SI,T
2107113SR,T
2107119DC,T
21081111RG,T
21091116AC,T
21091116AG,T
21091116AI,T
21091116C,T
21091116I,T
21091116UC,T
21091116UG,T
21091116UI,T
2109119BC,T
2109119DG,T
2109119DI,T
211033MI,T
21121119SC,T
21121119SG,T
21121119VL,T
21121210C,T
21121210G,T
2112123AC,T
22011119TI,T
22011119UY,T
2201116PG,T
2201116PI,T
2201116SC,T
2201116SG,T
2201116SI,T
2201116SR,T
2201116TG,T
2201116TI,T
2201117PG,T
2201117PI,T
2201117SG,T
2201117SI,T
2201117SL,T
2201117SY,T
2201117TG,T
2201117TI,T
2201117TL,T
2201117TY,T
22011211C,T
2201122C,T
2201122G,T
2201123C,T
2201123G,T
22021211RC,T
22021211RG,T
22021211RI,T
220233L2C,T
220233L2G,T
220233L2I,T
22031116BG,T
2203121C,T
2203129G,T
220333QAG,T
220333QBI,T
220333QL,T
220333QNY,T
22041211AC,T
22041216C,T
22041216G,T
22041216I,T
22041216UC,T
22041219C,T
22041219G,T
22041219I,T
22041219NY,T
22041219PG,T
22041219PI,T
22061218C,T
2206122SC,T
2206123SC,T
2207117BPG,T
22071212AG,T
22071219AI,T
22071219CG,T
22071219CI,T
2207122MC,T
220733SFG,T
220733SG,T
220733SI,T
220733SL,T
220733SPI,T
220743FI,T
22081212C,T
22081212R,T
22081212UG,T
22081281AC,R
22081283G,R
22087RA4DI,T
2209116AG,T
2209129SC,T
221,T
2210129SG,T
22101316C,T
22101316G,T
22101316I,T
22101316UC,T
22101316UCP,T
22101316UG,T
22101316UP,T
22101317C,T
22101320C,T
22101320G,T
22101320I,T
2210132C,T
2210132G,T
2211133C,T
2211133G,T
22120RN86G,T
22120RN86I,T
22122RK93C,T
22126RN91Y,T
22127PC95I,T
22127RK46C,T
2212ARNC4L,T
22200414R,T
22M Gathers,T
22in-I-Series-4,T
22in-I-Series-4-Value,T
22in-I-Series-5,T
22in-I-Series-5-Value,T
23013RK75C,T
23021RAA2Y,T
23021RAAEG,T
23026RN54G,T
23027RAD4I,T
23028RA60L,T
23028RN4DG,T
23028RNCAG,T
2302EPCC4H,T
23030RAC7Y,T
2303CRA44A,T
2303ERA42L,T
23043RP34C,R
23043RP34G,R
23043RP34I,R
23046PNC9C,T
23046RP50C,R
23049PCD8G,T
23049PCD8I,T
23049RAD8C,T
2304FPN6DC,T
2304FPN6DG,T
2305003M,T
23053RN02A,T
23053RN02I,T
23053RN02L,T
23053RN02Y,T
23054RA19C,T
2305EPCC4G,T
2306004M,T
2306EPN60G,T
23073RPBFC,R
23073RPBFG,R
23073RPBFL,R
23076PC4BI,T
23076RA4BR,T
23076RN8DY,T
23078PND5G,T
23078RKD5C,T
2307BRPDCC,R
2308005M,T
23088PND5R,T
2308CPXD0C,T
23090RA98C,T
23090RA98G,T
23090RA98I,T
23100RN82L,T
23106RN0DA,T
23108RN04Y,T
2310FPCA4G,T
2310FPCA4I,T
23113RKC6C,T
23113RKC6G,T
23116PN5BC,T
23117RA68G,T
23117RK66C,T
2311BPN23C,T
2311DRK48C,T
2311DRK48G,T
2311DRK48I,T
2311DRN14I,T
2311FRAFDC,T
23122PCD1G,T
23122PCD1I,T
23124RA7EO,T
23124RN87G,T
23124RN87I,T
23127PN0CC,T
23127PN0CG,T
23129RA5FL,T
23129RAA4G,T
23129RN51H,T
23129RN51X,T
2312BPC51H,T
2312BPC51X,T
2312CRAD3C,T
2312CRNCCL,T
2312DRA50C,T
2312DRA50G,T
2312DRA50I,T
2312DRAABC,T
2312DRAABG,T
2312DRAABI,T
2312FPCA6G,T
23Q,T
24018RPACG,R
24030PN60G,T
24031PN0DC,T
24040RA98R,T
24040RN64Y,T
24044RN32L,T
24048RN6CG,T
24048RN6CI,T
24049RN28L,T
2404APC5FG,T
2404ARN45A,T
24053PY09C,T
24053PY09I,T
2405CPCFBG,R
2405CPX3DC,T
2405CPX3DG,T
2405CRPFDC,R
2405CRPFDG,R
2405CRPFDI,R
24066PC95I,T
24069PC21G,T
24069PC21I,T
24069RA21C,T
2406APNFAG,T
2406ERN9CC,T
2406ERN9CI,T
24072PX77C,T
24074RPD2C,R
24074RPD2G,R
24075RP89G,T
24076RP19G,T
24076RP19I,T
2407FPN8EG,T
2407FPN8ER,T
2407FRK8EC,T
24090RA29C,T
24090RA29G,T
24090RA29I,T
24091RPADC,R
24091RPADG,R
24094RAD4C,T
24094RAD4G,T
24094RAD4I,T
24095PCADG,T
24095PCADI,T
2409BRN2CA,T
2409BRN2CG,T
2409BRN2CL,T
2409BRN2CY,T
2409FPCC4G,T
2409FPCC4I,T
24108PCE2I,T
2410CRP4CC,R
2410CRP4CG,R
2410CRP4CI,R
2410DPN6CC,T
2410FPCC5G,T
24115RA8EC,T
24115RA8EG,T
24115RA8EI,T
24116PCC1I,T
24116RACCG,T
24116RNC1I,T
24117RK2CC,T
24117RK2CG,T
24117RN76E,T
24117RN76G,T
24117RN76L,T
24117RN76O,T
2411DRN47I,T
24122RKC7C,T
24122RKC7G,T
24129PN74C,T
24129PN74G,T
24129PN74I,T
24129RT7CC,T
2412DPC0AG,T
2412DPC0AI,T
24S_Ultra,T
24ZPro,T
25010PN30C,T
25010PN30G,T
25010PN30I,T
25019PNF3C,T
25028PC03G,T
25028PC03I,T
25028RN03A,T
25028RN03I,T
25028RN03L,T
25028RN03Y,T
2502FRA65G,T
25032RP42C,R
25040RP0AC,R
25040RP0AE,R
25040RP0AG,R
25040RP0AI,R
25040RP0AL,R
25042PN24C,T
25053PC47G,T
25053PC47I,T
25053RP5CC,R
25053RT47C,T
25057PC09I,T
25057RA09C,T
25057RN09E,T
25057RN09G,T
25057RN09I,T
25057RN09R,T
2505DRP06E,R
2505DRP06G,R
2505DRP06I,R
25060RK16C,T
25062PC34E,T
25062PC34G,T
25062RN2DE,T
25062RN2DL,T
25062RN2DY,T
25067PYE3C,T
25069PTEBG,T
2506BPN68G,T
2506BPN68R,T
25078PC3EE,T
25078PC3EG,T
25078RA3EA,T
25078RA3EE,T
25078RA3EL,T
25078RA3EY,T
25079RPDCC,T
25079RPDCG,T
25080RABDC,T
25080RABDG,T
25080RABDI,T
25080RABDR,T
2508CPC2BI,T
2508CRN2BE,T
2508CRN2BI,T
25091RP04C,R
25097RP43C,R
25098PN5AC,T
25098RA98C,T
25098RA98G,T
25098RA98I,T
25098RA98T,T
25099RP13C,R
25099RP13G,R
25099RP13I,R
2509ARPBDG,R
2509BRP2DG,R
2509BRP2DI,R
2509FPN0BC,T
25100RA69G,T
25102PCBEG,T
25102RK69C,T
25102RKBEC,T
25104RADAC,T
2510DPC44G,T
2510DRA23E,T
2510DRA23G,T
2510DRA23L,T
2510DRK44C,T
2510EPC8BG,T
2510ERA8BC,T
2510ERA8BG,T
2510ERA8BI,T
25113PN0EC,T
25113PN0EG,T
25113PN0EI,T
25118PC98G,T
25118PC98I,T
2511FPC34G,T
2511FPC34I,T
25128PC17G,T
25128PC17I,T
25128PC17L,T
25128PC17Y,T
25128RN17A,T
25128RN17I,T
25128RN17L,T
25128RN17Y,T
2512BPNDAC,T
2512BPNDAG,T
2512BPNDAI,T
2525PRE_GHTB,T
26020PC1AI,T
26020PCB4I,T
26020RN1AI,T
26020RNB4I,T
26021PC18I,T
26021RN18C,T
26021RN18I,T
26022PCACI,T
2602BPC18G,T
2602BPC18I,T
2602BRNA4I,T
2602BRT18C,T
2602DPT53G,T
2602DPT53I,T
2602EPTC0G,T
2602EPTC0R,T
2603APC14G,R
2603ARP14C,R
2603ARP14G,R
26048RP6AC,T
2604ERP4DC,R
2604ERP4DG,R
2605EPN8EC,T
26062RN92G,T
2606FRT34I,T
270,T
27409-1,T
27PM01,T
2851F Google Monitor,T
2E E450 2018,T
2K Blaupunkt Google TV,T
2K DATV,T
2K EKO Google TV,T
2K ELEXIA Google TV,T
2K MGS Google TV,T
2K NSTV,T
2K SMART ISDB TV,T
2K SMART TV,T
2K SMART TV PH,T
2K Siera SMART TV,T
2K Smart Monitor,T
2K T56 Smart TV,T
2K TV,T
2KTV-2TH,T
2KTV-3MH,T
2KTV-5SH,T
2KTV-5SHP,T
2PQ93,T
2PS64,T
2PYB2,T
2PZC5,T
2Q74100,T
2Q8L10000,T
2Q9F100,T
2Q9J100,T
2Q9U100,T
2QAG100,T
2QBK100,T
2QBK10000,T
2QC9100,T
2QRK,T
2T-C12AF,T
2T-C12AP,T
2T-C16AP,T
2T-C32ACTA,T
2T-C40AE1T,T
3,T
3000,T
3001,T
3005,T
3006,T
3007,T
3008,T
301F,T
302HW,T
302KC,T
304SH,T
305SH,T
306SH,T
31TL04,T
32P1S,T
32S1U_Pro,T
32S2U Pro,T
3500,T
3600I,T
36018344,T
36018345,T
36020962,T
3917JR,T
3G,T
3GR,T
3G_16,T
3HT2018,T
3L-2,T
3Q-3,T
3W_EEA,T
3W_US,T
4003A,T
4003J,T
4009A,T
4009D,T
4009E,T
4009F,T
4009K,T
4009M,T
4009S,T
4009X,T
4013D,T
4013E,T
4013J,T
4013K,T
4013M,T
4013X,T
4014A,T
4014E,T
4014M,T
4016D,T
4017A,T
4017D,T
4017F,T
4017S,T
4017X,T
4018A,T
4018D,T
4018E,T
4018F,T
4018M,T
4018X,T
401SH,T
401SO,T
4024D,T
4024E,T
4024X,T
4027A,T
4027D,T
4027N,T
4027X,T
4028A,T
4028E,T
4028J,T
4028S,T
402HW,T
402LG,T
402SH,T
402SO,T
402ZT,T
4032A,T
4032D,T
4032E,T
4032X,T
4033L,T
4034A,T
4034D,T
4034E,T
4034F,T
4034G,T
4034L,T
4034L_EEA,T
4034T,T
4034X,T
4035A,T
4035D,T
4035X,T
4035X_Orange,T
4035Y,T
4036E,T
403HW,T
403SC,T
403SH,T
4045A,T
4045D,T
4045L,T
4045O,T
4045X,T
4047A,T
4047D,T
4047F,T
4047G,T
4047N,T
4047X,T
4049D,T
4049E,T
4049G,T
4049M,T
4049X,T
404KC,T
404SC,T
404SH,T
4055A,T
4055I,T
4055J,T
4055Q,T
4055T,T
4055U,T
4060S,T
4060W,T
4063A,T
4063A1,T
4063F,T
4065D,T
4065D_EEA,T
4065D_RU,T
4065F,T
4087M,T
4087N,T
4087U,T
4087U_EEA,T
4087U_RU,T
40D,T
40DCOL,T
40DNA,T
40DSA,T
40TL04,T
4114E,T
4163D,T
4165F,T
4165J,T
4187D,T
4187M,T
4187U,T
4188C,T
4188L,T
4188O,T
4188R,T
4188S,T
4188V,T
41EA04,T
43F,T
43FCOL,T
43FNA,T
43FSA,T
48AX600C,T
4E,T
4G,T
4Game,T
4K Android Hybrid,T
4K Android TV Box,T
4K Blaupunkt Google TV,T
4K DATV,T
4K DATV-Z,T
4K DVB SMART TV,T
4K Dongle Research,T
4K EKO Google TV,T
4K ELEXIA Google TV,T
4K Google TV Box,T
4K Google TV Stick,T
4K Hybrid STB,T
4K MGS Google TV,T
4K SA SMART TV,T
4K SMART ATSC TV,T
4K SMART COL TV,T
4K SMART ISDB TV,T
4K SMART TV,T
4K SMART TV PH,T
4K Sharp Google TV,T
4K Siera SMART TV,T
4K Smart GMTV,T
4K T31 Smart TV,T
4KGoogle TV,T
4KS1,T
4KTV-0SU,T
4KTV-0SUF,T
4KTV-0SUW,T
4KTV-3MUP,T
4KTV-3SU,T
4KTV-3SUC,T
4KTV-3SUF,T
4KTV-3SUP,T
4KTV-4SUH,T
4KTV-JUP,T
4K_Edition,T
4S806_Z31S,T
4T-C60ASAA,T
4U,T
5-0,T
5-Inches,T
5.5,T
5.5M,T
5001A,T
5001D_EEA,T
5001D_RU,T
5001J,T
5001T,T
5001U,T
5002A,T
5002B,T
5002D,T
5002D_EEA,T
5002D_RU,T
5002D_TR,T
5002E,T
5002F,T
5002F_EEA,T
5002F_RU,T
5002H,T
5002H_EEA,T
5002H_RU,T
5002H_TR,T
5002I,T
5002J,T
5002L,T
5002M,T
5002Q,T
5002S,T
5002T,T
5002U,T
5002V,T
5002W,T
5002X,T
5002X_EEA,T
5003A,T
5003D,T
5003D_EEA,T
5004S,T
5006A,T
5006G,T
5007A,T
5007G,T
5007O,T
5007S,T
5007U,T
5007U_EEA,T
5007U_RU,T
5007U_TR,T
5007W,T
5007Z,T
5008A,T
5008D,T
5008D_EEA,T
5008R,T
5008T,T
5008U,T
5008Y,T
5008Y_EEA,T
5008Y_RU,T
5009A,T
5009D,T
5009D_RU,T
5009U,T
5010D,T
5010E,T
5010G,T
5010S,T
5010U,T
5010X,T
5011A,T
5012D,T
5012F,T
5012G,T
5014G,T
5015A,T
5015D,T
5015E,T
5015X,T
5016A,T
5016J,T
5017A,T
5017B,T
5017D,T
5017E,T
5017O,T
5017X,T
5019D,T
501LV,T
501SO,T
5023E,T
5023F,T
5024A,T
5024D,T
5024D_EEA,T
5024D_RU,T
5024F,T
5024F_EEA,T
5024I,T
5024J,T
5025D,T
5025E,T
5025G,T
5025X,T
5026A,T
5026D,T
5026J,T
5027B,T
5028A,T
5028D,T
5028D_EEA,T
5028D_RU,T
5028D_TR,T
5028Y,T
5028Y_EEA,T
5028Y_RU,T
5029A,T
5029D,T
5029D_EEA,T
5029D_RU,T
5029D_TR,T
5029E,T
5029F,T
5029Y,T
5029Y_EEA,T
5029Y_RU,T
502SH,T
502SO,T
502ZT,T
5030A,T
5030D,T
5030D_EEA,T
5030D_RU,T
5030E,T
5030E_RU,T
5030E_TCL,T
5030F,T
5030F_EEA,T
5030F_TR,T
5030G,T
5030I,T
5030J,T
5030M,T
5030U,T
5031A,T
5031D,T
5031G,T
5031J,T
5032W,T
5033A,T
5033D,T
5033D_EEA,T
5033D_RU,T
5033E,T
5033EP,T
5033F,T
5033FP,T
5033F_EEA,T
5033F_RU,T
5033G,T
5033G_EEA,T
5033J,T
5033M,T
5033MP,T
5033O,T
5033Q,T
5033S,T
5033T,T
5033TP,T
5033X,T
5033X_EEA,T
5033Y,T
5033Y_EEA,T
5034D,T
5034D_EEA,T
5034D_RU,T
5038A,T
5038D,T
5038E,T
5038X,T
5039D,T
5039D_EEA,T
5039D_RU,T
5039U,T
5039Y_RU,T
503HW,T
503KC,T
503SH,T
5041,T
5041C,T
5041D,T
5042A,T
5042D,T
5042G,T
5042T,T
5042W,T
5042X,T
5044A,T
5044D,T
5044G,T
5044I,T
5044K,T
5044O,T
5044P,T
5044S,T
5044T,T
5044Y,T
5045A,T
5045D,T
5045F,T
5045G,T
5045I,T
5045J,T
5045T,T
5045X,T
5045Y,T
5046A,T
5046D,T
5046G,T
5046I,T
5046J,T
5046S,T
5046T,T
5046U,T
5046Y,T
5047D,T
5047I,T
5047U,T
5047Y,T
5048A,T
5048I,T
5048U,T
5048U_EEA,T
5048Y,T
5048Y_EEA,T
5048Y_RU,T
5048Y_TR,T
5049E,T
5049G,T
5049S,T
5049W,T
5049Z,T
5050A,T
5050S,T
5050X,T
5050Y,T
5051,T
5051A,T
5051D,T
5051J,T
5051M,T
5051T,T
5051X,T
5052A,T
5052D,T
5052D_EEA,T
5052D_RU,T
5052Y,T
5052Y_EEA,T
5053A,T
5053D,T
5053D_EEA,T
5053K,T
5053K_EEA,T
5053K_RU,T
5053Y,T
5053Y_EEA,T
5053Y_RU,T
5054A,T
5054D,T
5054S,T
5054T,T
5054W,T
5054X,T
5056,T
5056A,T
5056D,T
5056E,T
5056G,T
5056I,T
5056M,T
5056N,T
5056T,T
5056U,T
5056W,T
5056X,T
5057M,T
5058,T
5058A,T
5058I,T
5058I_RU,T
5058J,T
5058T,T
5058Y,T
5059,T
5059A,T
5059D,T
5059D_RU,T
5059I,T
5059J,T
5059S,T
5059T,T
5059X,T
5059Y,T
5059Z,T
5060,T
5060A,T
5060D,T
5060D_EEA,T
5060D_RU,T
5060J,T
5061,T
5061A,T
5061K,T
5061K_EEA,T
5061K_RU,T
5061K_TR,T
5061U,T
5061U_EEA,T
5061U_TR,T
5062,T
5062W,T
5062Z,T
5063,T
5064A,T
5065A,T
5065D,T
5065N,T
5065W,T
5065X,T
506SH,T
5070D,T
507SH,T
5080A,T
5080D,T
5080F,T
5080Q,T
5080U,T
5080X,T
5085A,T
5085B,T
5085D,T
5085G,T
5085H,T
5085I,T
5085J,T
5085N,T
5085O,T
5085Q,T
5085Y,T
5086A,T
5086D,T
5086Y,T
5087Z,T
5090A,T
5090I,T
5090Y,T
5095I,T
5095K,T
5095Y,T
5098O,T
5098S,T
5099A,T
5099D,T
5099D_RU,T
5099I,T
5099U,T
5099Y,T
509SH,T
50S904,T
50U3A,T
5101A,T
5101J,T
5102B,T
5102I,T
5102K,T
5102M,T
5102P,T
5107G,T
5107J,T
5116J,T
5124J,T
5128A,T
5128Y,T
5129A,T
5129Y,T
5130E,T
5130G,T
5130I,T
5130J,T
5130K,T
5130M,T
5131A,T
5131E,T
5131G,T
5133A,T
5133MP,T
5145A,T
5148A,T
5148I,T
5152D,T
5153A,T
5153K,T
5154A,T
5158A,T
5159A,T
5159J,T
5161A,T
5161K,T
5164A,T
5164D,T
5186A,T
5186D,T
5199I,T
5202,T
5501,T
5502,T
5503,T
5504,T
5505,T
5516D,T
5560S,T
55AX600C,T
55TR3BG-BX,T
562,T
5701,T
5701A,T
57PB1,T
5860E,T
5E,T
5E4,T
5EQ,T
5G UG Phone U23,T
5G UG Phone U25,T
5G UG Phone U26,T
5G UG Tablet T26,T
5S,T
5Star_Note_5,T
6001,T
6002,T
6002A,T
6002D,T
6002J,T
6003,T
6004,T
6014X,T
6016A,T
6016D,T
6016E,T
6016X,T
601HT,T
601LV,T
601SO,T
6025A,T
6025D,T
6025D_EEA,T
6025D_RU,T
6025H,T
6025H_EEA,T
6025H_RU,T
6027A,T
602KC,T
602LV,T
602SO,T
602ZT,T
6036A,T
6036X,T
6036Y,T
6037B,T
6037K,T
6037Y,T
6039A,T
6039H,T
6039J,T
6039K,T
6039S,T
6039Y,T
603SH,T
6042D,T
6043A,T
6043D,T
6044D,T
6045B,T
6045F,T
6045I,T
6045K,T
6045O,T
6045Y,T
6050A,T
6050F,T
6050W,T
6050Y,T
6055A,T
6055B,T
6055D,T
6055K,T
6055P,T
6056A,T
6056D,T
6056D_EEA,T
6056D_RU,T
6056D_TR,T
6056H,T
6056H_EEA,T
6056H_RU,T
6056H_TR,T
6058A,T
6058D,T
6058X,T
605HW,T
605SH,T
6060S,T
6060X,T
6062W,T
6065A,T
606HW,T
606SH,T
6070K,T
6070O,T
608HW,T
60XX_Nova,T
610,T
6102A,T
6102D,T
6102H,T
6102K,T
6125A,T
6125D,T
6125F,T
6125H_RU,T
6127A,T
6127I,T
6156A,T
6156D,T
6156H,T
6165A,T
6165H,T
6165H_EEA,T
6165S,T
6201,T
62S,T
6501,T
65E-L3576C-E7,T
65PA1,T
65PA2,T
65PB1,T
65SX,T
65TR3BF,T
666770,T
66896,T
6769-4G,T
6781,T
67E 5G,T
6801,T
6AT,T
6CS,T
6Cb,T
6S,T
7008,T
701HW,T
701LV,T
701SH,T
701SO,T
702HW,T
702LV,T
702SH,T
702SO,T
7035,T
7037,T
7039,T
704-G,T
7040N,T
7040R,T
7040T,T
7043A,T
7043K,T
7043Y,T
7044A,T
7044X,T
7045Y,T
7048A,T
7048S,T
7048W,T
7048X,T
704HW,T
704KC,T
704SH,T
705-G,T
705-G Go,T
7050Y,T
7053D,T
7055A,T
705KC,T
706,T
706SH,T
706Z,T
7070I,T
7070Q,T
7070X,T
7071A,T
7071D,T
708Z,T
710C,T
716,T
721,T
721_PRO,T
7301,T
730TPC,T
732,T
750TAIO,T
7588AN,T
769TPC,T
77-EV,T
770G,T
770N,T
776PLUS,T
776TPCIII,T
778TPC,T
785TB4,T
788TPCII,T
7A_3G,T
7A_Plus,T
7BY,T
7C08S,T
7C08X,T
7CY,T
7D-501u,T
7DTB25,T
7DTB37,T
7DTB41,T
7DY,T
7GB1,T
7GW,T
7LB1,T
7LC1,T
7LV,T
7ML_73G,T
7PAN,T
7Q204,T
7Qa_3G,T
7WA1,T
7WB1,T
7WC1,T
7WD1,T
7_PREMIUM_PRO,T
7in-I-Series-Pay,T
8,T
80 Air 5G,T
80 Lite 5G,T
80-1,T
8001,T
8002,T
8002N,T
8003,T
8004,T
800P31C,T
800P71D,T
801EM,T
801ES,T
801FJ,T
801LG,T
801LV,T
801SH,T
801SO,T
802LG,T
802SO,T
8030B,T
8030Y,T
803SH,T
8050D,T
8050E,T
8050G,T
8050X,T
8051,T
8051_EEA,T
8051_RU,T
8051_TR,T
8052,T
8052_EEA,T
8052_RU,T
8053,T
8054,T
8055,T
8056,T
8057,T
8062,T
8063,T
8068,T
8070,T
8076,T
8076_EEA,T
8079,T
8080,T
8082,T
8084,T
8084_EEA,T
8088G,T
8088M,T
8088X,T
808SH,T
8091,T
8091_EEA,T
8091_RU,T
8091_TR,T
8092,T
8092_EEA,T
8092_RU,T
8092_TR,T
8093,T
8094M,T
8094T,T
8094T_EEA,T
8094T_RU,T
8094T_TR,T
8094X,T
8094X_EEA,T
8094X_RU,T
8094X_TR,T
8095,T
8095_EEA,T
8095_RU,T
8095_TR,T
80Pro,T
816,T
8167,T
816TPC,T
816x,T
8182,T
8183A,T
8188G,T
8188S,T
8188X,T
8189K,T
8189R,T
8189S,T
8192A,T
8193A,T
8194,T
8194A,T
8196G,T
81V,T
825_T-Mobile,T
8262,T
831C,T
8391,T
8391X,T
8391X_EEA,T
8483A,T
8491X,T
8491XN,T
8491XN_EEA,T
8491XN_RU,T
8491XN_TR,T
8491X_EEA,T
8491X_RU,T
8491X_TR,T
8492A,T
8496G,T
850_4G,T
86KTA_PRO_FULL,T
86KTA_PRO_PIS,T
86SG1,T
86TR3BF,T
86v,T
8741,T
8742,T
8744,T
8753,T
8788_7,T
885TPC,T
8990,T
8AY,T
8A_Plus,T
8BIZ18,T
8BY,T
8CY,T
8C_LTE,T
8DTB38,T
8DTB40,T
8DY,T
8EY,T
8LA1,T
8LAB1,T
8LAB1-3,T
8LB1,T
8LB1_TMO,T
8L_PLUS_EEA,T
8MA-A 3G,T
8ML_08G,T
8Qa_3G,T
8TT-A,T
8WB1,T
8WB3,T
8WC1,T
9 Pro,T
9 inch SDU,T
9.4\'\' FFF,T
9001D,T
9001I,T
9001X,T
9002A,T
9002W,T
9002X,T
9003A,T
9003X,T
9005X,T
9006W,T
9007A,T
9007X,T
9008A,T
9008D,T
9008I,T
9008J,T
9008N,T
9008T,T
9008U,T
9008X,T
9009A,T
9009F,T
9009G,T
9010X,T
9011,T
9013A,T
9013T,T
9013X,T
9013X_EEA,T
9013X_RU,T
9013X_TR,T
9015B,T
9015J,T
9015Q,T
9015U,T
9015W,T
901FJ,T
901KC,T
901LG,T
901SH,T
901SO,T
901ZT,T
9020A,T
9021A,T
9022S,T
9022X,T
9024O,T
9024W,T
9025Q,T
9026T,T
9026X,T
9027F,T
9027G,T
9027Q,T
9027T,T
9027W,T
9027X,T
9029G,T
9029W,T
9029Z,T
902SO,T
902ZT,T
9030G,T
9030Q,T
9032,T
9032T,T
9032W,T
9032X,T
9032X_EEA,T
9032X_RU,T
9032X_TR,T
9032Z,T
9048S,T
9049L,T
9050S,T
9060G,T
9060X,T
9060X_EEA,T
9061,T
906SH,T
907SH,T
9080G,T
9080X,T
9081X,T
908SH,T
9095,T
9096,T
9098,T
9108A,T
9132G,T
9132L,T
9132S,T
9132X,T
9136K,T
9136R,T
9137W,T
9138S,T
9150S,T
916,T
9160G,T
9160G1,T
9161G,T
9166G,T
9183G,T
9183T,T
9183W,T
9185W,T
9194T,T
9198S,T
9199G,T
9199S,T
9203A,T
920TPC,T
9288A,T
9288M,T
9295G,T
9295G_EEA,T
9295G_RU,T
9296G,T
9296G_EEA,T
9296G_RU,T
9296G_TR,T
9296Q,T
9296X,T
9296X_EEA,T
9296X_TR,T
9309S,T
9309S2,T
9309S2_EEA,T
9309S_EEA,T
9309X,T
9309X2,T
9309X2_TR,T
9309X_EEA,T
9309X_RU,T
9309X_TR,T
9317G,T
9317G1,T
9317H,T
9317H1,T
9317X,T
9317X1,T
9342,T
9343,T
9344,T
9425X,T
9445X,T
9460G,T
9461G,T
9463A1,T
9465G,T
9465X,T
9466X,T
9469X,T
9491G,T
9494G,T
9593,T
9788,T
9A,T
9C,T
9DTB38,T
9DTB39,T
9DTB7,T
9S61Z_ZQ20S,T
A SENSE,T
A-K1061PRO,T
A-STREAM,T
A-TT00,T
A-X25A3L1,T
A/S10,T
A/S7,T
A/S8,T
A0001,T
A001,T
A001KC,T
A001LG,T
A001OP,T
A001SH,T
A001SO,T
A001T,T
A001XM,T
A001ZT,T
A002OP,T
A002SH,T
A002SO,T
A003SH,T
A003ZT,T
A004SH,T
A009P,T
A015,T
A01SH,T
A024,T
A059,T
A059P,T
A06,T
A063,T
A065,T
A068,T
A069,T
A069P,T
A07,T
A07_go,T
A08,T
A08S,T
A0BRTD1325,T
A0_S905X2,T
A1,T
A1 Alpha,T
A1 Alpha 20+,T
A1 Alpha 21,T
A1 Indian,T
A1 Plus,T
A1 lite,T
A1-64G,T
A1-713,T
A1-713HD,T
A1-724,T
A1-734,T
A1-810,T
A1-811,T
A1-830,T
A1-840,T
A1-840FHD,T
A1-841,T
A1-850,T
A1-901,T
A1-Smart-Box-DV9161,T
A10,T
A10 PLUS,T
A10 Pro,T
A10-11,T
A10-21,T
A10-21_CUS1,T
A10-21_EEA,T
A10-31M,T
A10-31MN,T
A10-31P,T
A10-31P_EEA,T
A100,T
A1000,T
A1000/P1003/P1010,T
A101,T
A1010,T
A101BM,T
A101FC,T
A101KC,T
A101LV,T
A101OP,T
A101SH,T
A101SO,T
A102,T
A1020,T
A102OP,T
A102SH,T
A102SO,T
A103,T
A103OP,T
A103SH,T
A103SO,T
A103ZT,T
A1040M,T
A1046DRI,T
A1046G,T
A104SH,T
A1052,T
A105SH,T
A1080,T
A1080G,T
A1083,T
A1090,T
A10A,T
A10B,T
A10Max,T
A10Pro,T
A10Pro_EEA,T
A10Pro_ROW,T
A10S,T
A10ST-5G,T
A10U,T
A10_A16_EU,T
A10_A16_UK,T
A10_A16_US,T
A10_EEA,T
A10_EU,T
A10_L,T
A10_Lite,T
A10_Lite_2019,T
A10_Lite_2GB,T
A10_M_EU,T
A10_M_UK,T
A10_M_US,T
A10_Max,T
A10_PRO,T
A10_PRO_EEA,T
A10_Plus,T
A10_Pro,T
A10_ROW,T
A10_SMART,T
A10_Y,T
A10_premium,T
A10c,T
A10e,T
A10s,T
A11,T
A11 Pro,T
A11 Pro Max,T
A11-11,T
A11-11_EEA,T
A11-21M,T
A11-21MN,T
A11-21M_EEA,T
A11-21P,T
A11-21P_EEA,T
A110,T
A1100,T
A110Q,T
A110_E,T
A111,T
A1110,T
A1130,T
A116,T
A1180,T
A1190,T
A11D,T
A11_EEA,T
A11_N,T
A11_Y,T
A11f,T
A11t,T
A11w,T
A12,T
A12 Pro,T
A12-11MN,T
A12-21P,T
A12-21P_EEA,T
A121,T
A1240,T
A125,T
A1250,T
A126,T
A13,T
A13-21P,T
A13-21P_EEA,T
A130,T
A130-2023,T
A131,T
A131_14,T
A1324,T
A1332E,T
A1363,T
A13_EEA,T
A13_US,T
A13_Y,T
A14-11MN,T
A14-11MN_EEA,T
A140,T
A142,T
A142P,T
A145,T
A15,T
A150,T
A150_14,T
A151,T
A152,T
A15_EEA,T
A16,T
A16 Max,T
A16 Pro Max,T
A16-11MN,T
A16-11MN_EEA,T
A160,T
A1601,T
A1601fw,T
A1603,T
A161,T
A161_Plus,T
A16pro,T
A17,T
A17 Pro Max,T
A170,T
A170_Plus,T
A171,T
A171_14,T
A171_Plus,T
A17_PLUS,T
A18,T
A180,T
A180_Plus,T
A181,T
A181_Plus,T
A184,T
A19,T
A19 Plus,T
A1P,T
A1R,T
A1_Neo,T
A1s,T
A2,T
A20,T
A200,T
A200 Pro,T
A200PRO,T
A201KC,T
A201OP,T
A201SH,T
A201SO,T
A201XM,T
A2020N3,T
A2023,T
A202SH,T
A202SO,T
A202ZT,T
A203SO,T
A204,T
A204SH,T
A204SO,T
A205,T
A205KC,T
A208SH,T
A20C,T
A20K,T
A20Plus_EEA,T
A20Plus_ROW,T
A20Pro,T
A20Pro_EEA,T
A20Pro_ROW,T
A20S,T
A20S PRO,T
A20_EEA,T
A20_Lite,T
A20_Max,T
A20_ROW,T
A21,T
A210,T
A2107A-H,T
A211,T
A21S,T
A22,T
A221,T
A23,T
A23 Max,T
A239,T
A24,T
A240,T
A25,T
A25 Ultra,T
A250,T
A25024L,T
A25563L,T
A25751P,T
A26,T
A26 Ultra,T
A260,T
A26062K,T
A26062L,T
A265,T
A27,T
A28,T
A2L,T
A2S905X4,T
A2X4N,T
A3,T
A3-1510P,T
A3-A10,T
A3-A11,T
A3-A20,T
A3-A20FHD,T
A3-A30,T
A3-A40,T
A3-A50,T
A3-Pro,T
A30,T
A30-RU,T
A301KC,T
A301LV,T
A301OP,T
A301SH,T
A301SO,T
A301XM,T
A302OP,T
A302SH,T
A302SH-s,T
A302SO,T
A302ZT,T
A303OP,T
A303SH,T
A303SH-y,T
A303ZT,T
A304ZT,T
A30L1,T
A30L2,T
A30PRO,T
A30Pro_A,T
A30Pro_A_US,T
A30_Max,T
A30_Plus,T
A31,T
A310 4G,T
A31c,T
A31t,T
A31u,T
A33,T
A33f,T
A33fw,T
A33t,T
A33w,T
A340,T
A345,T
A35,T
A350,T
A355,T
A36,T
A360,T
A37 DUGL,T
A37f,T
A37fw,T
A3S,T
A3X,T
A3_Lite,T
A3_MAX,T
A3_Pro,T
A3_mini,T
A4,T
A4+,T
A40,T
A40 Indian,T
A40 Indian Plus,T
A400,T
A4000,T
A401FC,T
A401KC,T
A401LV,T
A401OP,T
A401SH,T
A401SO,T
A401XM,T
A402FC,T
A402KC,T
A402OP,T
A402SH,T
A402SO,T
A402XM,T
A402ZT,T
A403KC,T
A403SH,T
A403ZT,T
A404KC,T
A404SH,T
A404ZT,T
A405SH,T
A40C,T
A40_Style_Plus,T
A41 Power,T
A42,T
A42_A47,T
A43,T
A43_A48,T
A44,T
A440,T
A45,T
A45 Indian,T
A450TL,T
A451,T
A455,T
A46,T
A460-T,T
A460G,T
A460T,T
A463BG,T
A464BG,T
A466BG,T
A466T,T
A49,T
A4C,T
A4G,T
A4_Lite,T
A4_Pro,T
A5,T
A5 PLUS,T
A5+,T
A5-2-R,T
A50,T
A500,T
A5000,T
A5003,T
A501,T
A501DL,T
A501OP,T
A501SH,T
A501SO,T
A501XM,T
A502DL,T
A502OP,T
A502SH,T
A502SO,T
A502ZT,T
A503DL,T
A504SH,T
A504ZT,T
A505SH,T
A505ZT,T
A506ZT,T
A507DL,T
A507ZT,T
A508DL,T
A509DL,T
A509_Jeans,T
A50LT,T
A50TI,T
A50UNS,T
A50_Style_Plus,T
A51,T
A510,T
A510 4G,T
A510_Jeans_4G,T
A511,T
A511 Harmony,T
A512 Harmony Pro,T
A51f,T
A51kc,T
A51w,T
A52,T
A52 Pro,T
A52 Pro(6+128GB),T
A520L,T
A521L,T
A523 PRO,T
A53,T
A53 PRO,T
A53 Pro,T
A53f,T
A53fw,T
A53w,T
A54,T
A55,T
A55 Pro,T
A550,T
A5500,T
A5501,T
A551,T
A552,T
A554C,T
A555,T
A55AM,T
A55L,T
A56,T
A56L,T
A57,T
A5700,T
A570BL,T
A571VL,T
A572BG,T
A573VC,T
A574BL,T
A576BL,T
A576CC,T
A576RW,T
A577VL,T
A57B,T
A5801,T
A58B,T
A5B,T
A5C,T
A5L,T
A5Pro,T
A5SLIM,T
A5_CRISTAL,T
A5_Easy,T
A5_Easy_TM,T
A5_Lite,T
A5_Pro,T
A5_Quad_Plus,T
A5_Quad_Plus_TM,T
A5_Ready,T
A5_Ready_TM,T
A6,T
A6 Plus,T
A60,T
A600,T
A600DL,T
A601N,T
A601OP,T
A601Q,T
A601SO,T
A601ZT,T
A602SH,T
A60L,T
A60Plus,T
A60Pro,T
A60UNS,T
A61,T
A61L,T
A61LX,T
A62,T
A62 LITE,T
A62 ULTRA,T
A62 ULTRA V25,T
A621BL,T
A621R,T
A622GL,T
A622VL,T
A62LX,T
A63,T
A65,T
A650,T
A65L,T
A65M,T
A65Plus,T
A65S,T
A65U,T
A6650,T
A67,T
A67L,T
A67L Gen2,T
A67M,T
A67M_Lite,T
A67U,T
A67W,T
A67W Lite,T
A68,T
A68EL,T
A6L-C,T
A6L-G,T
A6S,T
A6_Duo,T
A6_EEA,T
A6_Lite,T
A6_Max,T
A6_US,T
A6_mini,T
A7,T
A7 Plus,T
A7 Pro,T
A70,T
A70 Pro,T
A700,T
A7008,T
A7009,T
A701,T
A7070,T
A7080,T
A70W_A_EU,T
A70W_A_UK,T
A71,T
A7100_X3,T
A7101_X3_mini,T
A712,T
A713_Vivo_Pro,T
A714_Vivo_Play,T
A7155_X4_mini,T
A715_Inspire_One,T
A716_Inspire_Life,T
A72,T
A720,T
A726_Infinity_Lite,T
A727_Infinity_Pro,T
A728_XP2,T
A73,T
A73 Pro 5G,T
A731,T
A731-H1,T
A731-N1,T
A731-N2,T
A732G,T
A737_XploraZ,T
A741,T
A74W,T
A75,T
A75 MAX,T
A75 Pro 5G,T
A750,T
A75B,T
A76,T
A76Plus,T
A77,T
A7700,T
A770_SL8_Pro,T
A770_XL7,T
A78,T
A780,T
A780B,T
A780G,T
A780G1,T
A79,T
A7A,T
A7H,T
A7K,T
A7LED2,T
A7Pro,T
A7S,T
A7X_PTAB735X,T
A7_3G,T
A7_Lite,T
A7_SLIM,T
A7_WF,T
A8,T
A8 MAX,T
A8-11,T
A8-11_EEA,T
A8-21M,T
A8-21M_EEA,T
A8-21P,T
A8-21P_EEA,T
A80,T
A801,T
A80Plus,T
A80Pro,T
A80RG11,T
A80S,T
A80ST,T
A81,T
A81F,T
A81G,T
A81G_Ibi,T
A82,T
A831L-D,T
A84,T
A846L,T
A85,T
A850,T
A853,T
A854,T
A86,T
A860,T
A87,T
A870,T
A88,T
A880,T
A89,T
A890,T
A8GC,T
A8KD,T
A8M,T
A8_B,T
A8_LTE,T
A8_Lite,T
A8_Lite_TM,T
A8_SMART,T
A8i-Q2,T
A9,T
A9 Indian,T
A9 Pro,T
A9-EEA,T
A90,T
A900,T
A90PRO,T
A90S,T
A90S-1,T
A91,T
A910S,T
A912,T
A920,T
A930,T
A940,T
A941,T
A94GT_Plus,T
A95,T
A950,T
A953,T
A955,T
A955Z,T
A956,T
A958,T
A96,T
A97,T
A97 2GB,T
A97 2GB PLUS,T
A97 IPS,T
A97GT,T
A97GT_Pro,T
A99,T
A9Pro,T
A9_EEA,T
A9_Lite,T
A9_Plus,T
A9_Pro,T
A9_US,T
A9x/PTAB935x,T
AA 787 S,T
AA3-600,T
AB10PGN,T
ABGC,T
ABR-LX1,T
ABR-LX2,T
ABR-LX3,T
ABR-NX1,T
ABR-NX3,T
AC101XPro4G,T
AC2001,T
AC2003,T
AC45BHE,T
AC50,T
AC50 V25,T
AC50BHE,T
AC50DHE,T
AC81,T
AC92,T
ACD-Tab-10S,T
ACE,T
ACER TAB V9-22,T
ACER_ALTOS_EZB,T
ACER_ALTOS_EZBA,T
ACE_I,T
ACK1010,T
ACM-T01K,T
ACONATIC 2K Android TV,T
ACONATIC 4K Android TV,T
ACONATIC AndroidTV,T
ACONZZ,T
ACP65P,T
ACP65PAV,T
ACR4KR75P,T
ACRUX,T
ACT101WF,T
ACT4K1007,T
ACT4K2020,T
ACTAB1021_A,T
ACTAB1022,T
ACTAB1024,T
ACTAB1025,T
ACTAB10KB23,T
ACTAB10KB24,T
ACTAB10KB26,T
ACTAB1123,T
ACTAB1422,T
ACTAB721,T
ACTAB723,T
ACTAB821_A,T
ACTABKID,T
ACTABKID2,T
ACTION,T
ACTION-X3,T
AC_934312,T
AD-Z5,T
AD11,T
AD115,T
AD115_EEA,T
AD116,T
AD11_EEA,T
AD7003,T
ADMIRE GLORY+,T
ADMIRE NEO+,T
ADMIRE SHINE,T
ADMIRE STRONG,T
ADMIRE SWADESH+,T
ADMIRE_BEAT,T
ADMIRE_CURVE+,T
ADMIRE_CURVE_NEO,T
ADMIRE_DUO,T
ADMIRE_INFINITY,T
ADMIRE_INFINITY_NEO,T
ADMIRE_SENSE+,T
ADMIRE_UNITY,T
ADOBox 4K (DIW377),T
ADOC D18,T
ADOC TCAT10,T
ADOCEX650,T
ADP-503G,T
ADR1776,T
ADR3010,T
ADR6300,T
ADR6325,T
ADR6330VW,T
ADR6350,T
ADR6400L,T
ADR6410LRA,T
ADR6410LVW,T
ADR6410OM,T
ADR6425LVW,T
ADR8995,T
ADR910L,T
ADR930L,T
ADS41F,T
ADS51U,T
ADT-2,T
ADT-3,T
ADT-R10TME,T
ADT1012L,T
ADT1061,T
ADT1061_1,T
ADT_1061,T
ADVAN 1011,T
ADVAN M4,T
ADVAN S40,T
ADVAN TAB A10,T
ADVANCE,T
ADVANNASAPro,T
ADVAN_V11,T
AE1020,T
AE9010,T
AE9110,T
AE9120,T
AE9150,T
AE9230,T
AE9240,T
AE9250,T
AE9260,T
AE9270,T
AE9310,T
AE9950,T
AEONSR570,T
AEOP513,T
AEOP517,T
AEOP518,T
AEOP519,T
AEOP520,T
AEOP522,T
AEOP523,T
AEOP525,T
AEOP526,T
AEOP527,T
AERIAL,T
AERIAL PLUS,T
AERO,T
AEW7,T
AEW7A,T
AF12,T
AF12_EEA,T
AF12_US,T
AF13,T
AF13Air,T
AF13Air_EEA,T
AF13_EEA,T
AF51,T
AF9-AT701_EEA,T
AF9010,T
AF9010_F,T
AF9020,T
AF9021,T
AF9030,T
AF930,T
AF980,T
AFFIX T737,T
AFK-0001-1001,T
AFK-0001-1002,T
AG Go-Tab Access,T
AG11,T
AGE FHD Android TV,T
AGE UHD Android TV,T
AGM A10,T
AGM A7,T
AGM A9,T
AGM Glory G1,T
AGM Glory_G1S,T
AGM H1,T
AGM PAD T3,T
AGM X1,T
AGM X2,T
AGM X3,T
AGM-W09HN,R
AGM3-AL09HN,R
AGM3-W09HN,R
AGM_G3,T
AGM_H3,T
AGM_H5,T
AGM_H5_PRO,T
AGM_H6,T
AGM_H_MAX,T
AGM_NOTE_N2,T
AGM_Note_N1,T
AGM_PAD_P1,T
AGM_PAD_P2,T
AGM_PAD_P2W,T
AGM_PAD_T1,T
AGM_PAD_T2,T
AGM_X6,T
AGORA XI,T
AGS-L03,T
AGS-L09,T
AGS-W09,T
AGS2-AL00,T
AGS2-AL00HN,T
AGS2-L03,T
AGS2-L09,T
AGS2-W09,T
AGS2-W09HN,T
AGS2-W19,T
AGT418,T
AGT419,T
AG_1088_A133,T
AG_1088_A133P,T
AG_1088_A523P,T
AG_Go_Tab_Access_2,T
AG_Tab_7_0,T
AH9110,T
AH9130,T
AH9210,T
AH9910,T
AI PONT PLUS,T
AI System EN P133-01,T
AI+ Nova 1 5G,T
AI+ Nova 2 5G,T
AI+ Nova 2 Neo,T
AI+ Nova 2 Pro,T
AI+ Nova 2 Ultra,T
AI+ NxtFlip 5G,T
AI+ Pulse 1,T
AI+ Pulse 2 4G,T
AIBTAB7-1125,T
AIGO_Pad_Y800,T
AILiveBoard-Core,T
AIM H1,T
AIM-75,T
AIM-76S,T
AIM75-LTE,T
AIM75-WIFI,T
AIN065,T
AIP_X92,T
AIR,T
AIRTEL SMART ROUTER,T
AIS-M31,T
AISPLAYBOX,T
AIVI2 B,T
AIVI2 FULL,T
AIVI2 R FULL DOM,T
AIVI2_N_FULL,T
AIWA 2K SMART TV,T
AIWA 4K GOOGLE TV,T
AIWA 4K SMART TV,T
AIXT2601,T
AIXT2602,T
AI_Board_75,T
AI_Board_86,T
AI_Board_Ultra,T
AI_System_EN_P10_04,T
AI_System_EN_P10_04_EU,T
AI_System_EN_P13_02,T
AI_System_EN_P13_03,T
AI_System_EN_PO10_06,T
AIrStick,T
AK10,T
AK330,T
AK330S,T
AK815,T
AKAI 4K Android TV,T
AKS01_KL783,T
AKUS,T
AKUS P1,T
AKUS PRO,T
AKUS Z1,T
AKUS_TAB,T
AL-10,T
AL-13,T
AL140,T
AL240,T
AL250,T
AL350,T
ALBA 10 TABLET,T
ALBA 4,T
ALBA 5,T
ALBA 7 TABLET,T
ALBA 8 TABLET,T
ALCATEL 4015T,T
ALCATEL A564C,T
ALCATEL A564R,T
ALCATEL A845L,T
ALCATEL A995L,T
ALCATEL ONE TOUCH 4005D,T
ALCATEL ONE TOUCH 4010A,T
ALCATEL ONE TOUCH 4010D,T
ALCATEL ONE TOUCH 4010E,T
ALCATEL ONE TOUCH 4010X,T
ALCATEL ONE TOUCH 4027A,T
ALCATEL ONE TOUCH 4029A,T
ALCATEL ONE TOUCH 4030D,T
ALCATEL ONE TOUCH 4030E,T
ALCATEL ONE TOUCH 4030X,T
ALCATEL ONE TOUCH 4030Y,T
ALCATEL ONE TOUCH 4030Y_orange,T
ALCATEL ONE TOUCH 4037N,T
ALCATEL ONE TOUCH 4037R,T
ALCATEL ONE TOUCH 4037T,T
ALCATEL ONE TOUCH 5020A,T
ALCATEL ONE TOUCH 5020D,T
ALCATEL ONE TOUCH 5020E,T
ALCATEL ONE TOUCH 5020N,T
ALCATEL ONE TOUCH 5020T,T
ALCATEL ONE TOUCH 5020W,T
ALCATEL ONE TOUCH 5020X,T
ALCATEL ONE TOUCH 5021E,T
ALCATEL ONE TOUCH 5035A,T
ALCATEL ONE TOUCH 5035D,T
ALCATEL ONE TOUCH 5035E,T
ALCATEL ONE TOUCH 5035X,T
ALCATEL ONE TOUCH 5036A,T
ALCATEL ONE TOUCH 5036D,T
ALCATEL ONE TOUCH 5036F,T
ALCATEL ONE TOUCH 5036X,T
ALCATEL ONE TOUCH 5037A,T
ALCATEL ONE TOUCH 5037E,T
ALCATEL ONE TOUCH 5037X,T
ALCATEL ONE TOUCH 6010,T
ALCATEL ONE TOUCH 6010A,T
ALCATEL ONE TOUCH 6010D,T
ALCATEL ONE TOUCH 6010X,T
ALCATEL ONE TOUCH 6010X-orange,T
ALCATEL ONE TOUCH 6012D,T
ALCATEL ONE TOUCH 6012X,T
ALCATEL ONE TOUCH 6030A,T
ALCATEL ONE TOUCH 6030D,T
ALCATEL ONE TOUCH 6030N,T
ALCATEL ONE TOUCH 6030X,T
ALCATEL ONE TOUCH 6030X-orange,T
ALCATEL ONE TOUCH 6032,T
ALCATEL ONE TOUCH 6032A,T
ALCATEL ONE TOUCH 6032X,T
ALCATEL ONE TOUCH 6033A,T
ALCATEL ONE TOUCH 6033M,T
ALCATEL ONE TOUCH 6033X,T
ALCATEL ONE TOUCH 6034L,T
ALCATEL ONE TOUCH 6034M,T
ALCATEL ONE TOUCH 6034R,T
ALCATEL ONE TOUCH 6034Y,T
ALCATEL ONE TOUCH 6035L,T
ALCATEL ONE TOUCH 6035R,T
ALCATEL ONE TOUCH 6037B,T
ALCATEL ONE TOUCH 6040A,T
ALCATEL ONE TOUCH 6040D,T
ALCATEL ONE TOUCH 6040E,T
ALCATEL ONE TOUCH 6040X,T
ALCATEL ONE TOUCH 6050Y,T
ALCATEL ONE TOUCH 7024N,T
ALCATEL ONE TOUCH 7024R,T
ALCATEL ONE TOUCH 7024W,T
ALCATEL ONE TOUCH 7025D,T
ALCATEL ONE TOUCH 7030R,T
ALCATEL ONE TOUCH 7030Y,T
ALCATEL ONE TOUCH 7040A,T
ALCATEL ONE TOUCH 7040D,T
ALCATEL ONE TOUCH 7040E,T
ALCATEL ONE TOUCH 7040K,T
ALCATEL ONE TOUCH 7040X,T
ALCATEL ONE TOUCH 7041D,T
ALCATEL ONE TOUCH 7041X,T
ALCATEL ONE TOUCH 7042A,T
ALCATEL ONE TOUCH 7042D,T
ALCATEL ONE TOUCH 7042E,T
ALCATEL ONE TOUCH 7047A,T
ALCATEL ONE TOUCH 7047D,T
ALCATEL ONE TOUCH 7047E,T
ALCATEL ONE TOUCH 7047X,T
ALCATEL ONE TOUCH 8000A,T
ALCATEL ONE TOUCH 8000D,T
ALCATEL ONE TOUCH 8008D,T
ALCATEL ONE TOUCH 8008X,T
ALCATEL ONE TOUCH 8020A,T
ALCATEL ONE TOUCH 8020D,T
ALCATEL ONE TOUCH 8020E,T
ALCATEL ONE TOUCH 8020X,T
ALCATEL ONE TOUCH 9002A,T
ALCATEL ONE TOUCH 903,T
ALCATEL ONE TOUCH 903A,T
ALCATEL ONE TOUCH 903D,T
ALCATEL ONE TOUCH 908,T
ALCATEL ONE TOUCH 918,T
ALCATEL ONE TOUCH 918A,T
ALCATEL ONE TOUCH 918D,T
ALCATEL ONE TOUCH 918N,T
ALCATEL ONE TOUCH 918S,T
ALCATEL ONE TOUCH 922,T
ALCATEL ONE TOUCH 930D,T
ALCATEL ONE TOUCH 930N,T
ALCATEL ONE TOUCH 985,T
ALCATEL ONE TOUCH 985D,T
ALCATEL ONE TOUCH 985N,T
ALCATEL ONE TOUCH 990,T
ALCATEL ONE TOUCH 991,T
ALCATEL ONE TOUCH 991A,T
ALCATEL ONE TOUCH 991D,T
ALCATEL ONE TOUCH 991T,T
ALCATEL ONE TOUCH 992,T
ALCATEL ONE TOUCH 992D,T
ALCATEL ONE TOUCH 993,T
ALCATEL ONE TOUCH 993D,T
ALCATEL ONE TOUCH 997,T
ALCATEL ONE TOUCH 997D,T
ALCATEL ONE TOUCH D668,T
ALCATEL ONE TOUCH FIERCE,T
ALCATEL ONE TOUCH Fierce,T
ALCATEL ONE TOUCH P310A,T
ALCATEL ONE TOUCH P310X,T
ALCATEL ONE TOUCH P320A,T
ALCATEL ONE TOUCH P320X,T
ALCATEL ONE TOUCH P321,T
ALCATEL ONETOUCH 4037R,T
ALCATEL ONETOUCH 5050X,T
ALCATEL ONETOUCH 6032,T
ALCATEL ONETOUCH 6032A,T
ALCATEL ONETOUCH 6032X,T
ALCATEL ONETOUCH 6043D,T
ALCATEL ONETOUCH 6050A,T
ALCATEL ONETOUCH Flash Plus,T
ALCATEL ONETOUCH P310A,T
ALCATEL ONETOUCH POP 7 LTE,T
ALCATEL ONETOUCH POP D3,T
ALCATEL one touch 890D,T
ALCATEL one touch 918,T
ALCATEL one touch 986+,T
ALCATEL one touch 990,T
ALCATEL one touch 990C+,T
ALCATEL one touch D920,T
ALCATEL one touch J320,T
ALCATEL_4034A,T
ALCATEL_5080U,T
ALCATEL_6055K,T
ALCATEL_ONETOUCH_5022D,T
ALCATEL_ONETOUCH_7053D,T
ALCATEL_ONE_TOUCH_4005D,T
ALCATEL_ONE_TOUCH_5020D_Orange,T
ALCATEL_ONE_TOUCH_5020X_Orange,T
ALCATEL_ONE_TOUCH_6010X_Orange,T
ALCATEL_ONE_TOUCH_6030X_Orange,T
ALCATEL_ONE_TOUCH_903,T
ALCATEL_ONE_TOUCH_985,T
ALCATEL_ONE_TOUCH_991_Orange,T
ALCATEL_one_touch_4030A,T
ALCATEL_one_touch_903,T
ALCATEL_one_touch_906Y,T
ALCATEL_one_touch_908,T
ALCATEL_one_touch_918,T
ALCATEL_one_touch_918A,T
ALCATEL_one_touch_918D,T
ALCATEL_one_touch_983,T
ALCATEL_one_touch_985,T
ALCATEL_one_touch_990,T
ALCATEL_one_touch_990A,T
ALCATEL_one_touch_990S,T
ALCATEL_one_touch_991,T
ALCATEL_one_touch_995,T
ALCATEL_one_touch_995A,T
ALCATEL_one_touch_995S,T
ALE-L02,T
ALE-L21,T
ALE-L23,T
ALE-TL00,T
ALE-UL00,T
ALFA 7RS,T
ALFA 8TX,T
ALFA10MX,T
ALFA10TB,T
ALFA10TX,T
ALFA10TX_PRO,T
ALFA_10BS,T
ALFA_10BT,T
ALFA_10BT_V2,T
ALFA_10RC,T
ALFA_10RX,T
ALFA_10YC,T
ALFA_7M,T
ALFA_7MD,T
ALFA_7MRC,T
ALFA_7RC,T
ALFA_8RC,T
ALFA_8RX,T
ALFA_8SL,T
ALFA_8ST,T
ALFP200,T
ALGIZ_RT10,T
ALGIZ_RT8,T
ALI-NX1,T
ALI-NX3,T
ALI-NX3P,T
ALIGATOR RX510,T
ALIGATOR RX710,T
ALIGATOR RX800,T
ALIGATOR RX850,T
ALIGATOR S4080,T
ALIGATOR S5060,T
ALIGATOR S5065,T
ALIGATOR S5070,T
ALIGATOR S5540,T
ALIGATOR S6000,T
ALIGATOR S6500,T
ALIGATOR_S5520,T
ALLVIEW 2K Android TV,T
ALLVIEW 4K Android TV,T
ALLVIEW eplay  2KTV,T
ALLVIEW eplay 4KTV,T
ALLVIEW eplay 4KTV FF,T
ALMIIS-01,T
ALO,T
ALOO 6032,T
ALP-AL00,T
ALP-L09,T
ALP-L29,T
ALP-TL00,T
ALPHA 2,T
ALPHA 2K,T
ALPHA 4,T
ALPHA 4K,T
ALPHA 6,T
ALT-LX1,T
ALT-LX2,T
ALT-LX3,T
ALT-NX1,T
ALT-NX3,T
ALTAB08,T
ALTICE_S43,T
ALTOS_EZA,T
ALTOS_EZAA,T
AM-F2000N,T
AM-H100,T
AM-H200,T
AM350,T
AM402,T
AM410,T
AM412,T
AM415,T
AM506,T
AM508,T
AM509,T
AM515,T
AM518,T
AM520,T
AM530,T
AM535,T
AM60 series,T
AM801,T
AMA_A703,T
AMBER_KIDS,T
AMBK290471,T
AME_QT08UM,T
AMG series,T
AMICO SMARTPHONE POCKET,T
AMICO SMARTPHONE XL,T
AMICO SMARTPHONE XS,T
AMICO_VERO_4G,T
AMN-LX1,T
AMN-LX2,T
AMN-LX3,T
AMN-LX9,T
AMS-R2C,T
AMS-R2O,T
AMS5118R_GO,T
AMS5518R,T
AN-NP40,T
AN200,T
AN9910,T
ANAM 4K Android TV,T
ANAM4KAndroidTV,T
AND1E,T
ANDROID TV MEDIA BOX,T
ANDY 5EI,T
ANE-AL00,T
ANE-LX1,T
ANE-LX2,T
ANE-LX2J,T
ANE-LX3,T
ANE-TL00,T
ANEXA Android TV,T
ANGEL_SMART,T
ANY-LX1,T
ANY-LX2,T
ANY-LX3,T
ANY-NX1,T
ANZATECH,T
AO4,T
AO5510,T
AOC Smart Gaming Monitor,T
AORO-M7,T
AORO_A25,T
AOSP on IA Emulator,T
AOSP on x86,T
AOW4KMCTV,T
AOW4KMNTV,T
AOpen Chromebase Mini,T
AOpen Chromebox Mini,T
AOx_A_B_C,T
AP-115G,T
AP-727G,T
AP02 PLUS,T
AP12,T
AP17,T
AP2718T,T
AP54,T
AP5501,T
AP5701,T
AP5702,T
AP5705S,T
AP5801,T
AP6001,T
AP6301,T
AP8003TL,T
APD REGGIO,T
APD3,T
APEX_5G,T
APEX_P10HD_PRO,T
APLE,T
APOLLO,T
APOLO,T
APPC-10SLBe,T
AQ21,T
AQ6,T
AQ710A,T
AQ9,T
AQ9PRO,T
AQT100,T
AQT80,T
AQT82,T
AQUA Android TV 2K,T
AQUA MatrixTV AE,T
AQUA MatrixTV BE,T
AQUA MatrixTV CE,T
AQUA MatrixTV DE,T
AQUA MatrixTV EE,T
AQUA MatrixTV FE,T
AQUA MatrixTV GE,T
AQUOS 50S1,T
AQUOS 58U1,T
AQUOS 60LX765A,T
AQUOS 60UE20A,T
AQUOS-2KTVJ24-2,T
AQUOS-4KTVJ17,T
AQUOS-4KTVJ22,T
AQUOS-4KTVJ22-2,T
AQUOS-4KTVJ23-1,T
AQUOS-4KTVJ23-2,T
AQUOS-4KTVJ24-2,T
AQUOS-4KTVJ25-1,T
AQUOS-4KTVJ25-2,T
AQUOS-4KTVJ26-1,T
AQUOS-4KTVJ26-2,T
AQUOS-4KTVT17,T
AQUOS-4KTVX17,T
AQUOS-8KTVJ19,T
AQUOS-8KTVJ20,T
AQUOS-8KTVJ21,T
AQUOS-TVE19A,T
AQUOS-TVE19C,T
AQUOS-TVE19G,T
AQUOS-TVE19I,T
AQUOS-TVE19J,T
AQUOS-TVE19K,T
AQUOS-TVE19L,T
AQUOS-TVE21A,T
AQUOS-TVE21A2,T
AQUOS-TVE21B,T
AQUOS-TVE21C,T
AQUOS-TVE21F,T
AQUOS-TVE23A,T
AQUOS-TVH21A,T
AQUOS-TVH21B,T
AQUOS-TVH22A,T
AQUOS-TVH23C,T
AQUOS-TVJ19,T
AQUOS-TVJ19B,T
AQUOS-TVJ20B,T
AQUOS-TVJ21,T
AQUOS-TVJ21-2,T
AQUOS-TVL23A,T
AQUOS-TVL23B,T
AQUOS-TVN23A,T
AQUOS-TVP21A,T
AQUOS-TVP22A,T
AQUOS-TVT18,T
AQUOS-TVT23A,T
AQUOS-TVT23C,T
AQUOS-TVU19A,T
AQUOS-TVU23A,T
AQUOS-TVW21A,T
AQUOS-TVW24A,T
AQUOS-TVW24B,T
AQUOS-TVW24C,T
AQUOS-TVX18,T
AQUOS-TVX19A,T
AQUOS-TVX19B,T
AQUOS-TVX19C,T
AQUOS-TVX19D,T
AQUOS-TVX21A,T
AQUOS-TVX21B,T
AQUOS-TVX22A,T
AQUOS-TVX23A,T
AQUOS-TVX23C,T
AQUOS-TVX26A,T
AQUOS_TVE19A,T
AR-5003MSB,T
AR1,T
ARC,T
ARCHOS 101 CHILDPAD,T
ARCHOS 101 Magnus,T
ARCHOS 101 PLATINUM,T
ARCHOS 101 Titanium,T
ARCHOS 101 XS 2,T
ARCHOS 101G10,T
ARCHOS 101G9,T
ARCHOS 101S Oxygen Ultra,T
ARCHOS 101b XS2,T
ARCHOS 40C TIv2,T
ARCHOS 40d Titanium,T
ARCHOS 45b Helium,T
ARCHOS 50c Neon,T
ARCHOS 70 Cobalt,T
ARCHOS 70 Titanium,T
ARCHOS 70b TITANIUM,T
ARCHOS 70it2,T
ARCHOS 70it2G8,T
ARCHOS 79 Platinum,T
ARCHOS 80 CHILDPAD,T
ARCHOS 80 COBALT,T
ARCHOS 80 Carbon,T
ARCHOS 80 Platinum,T
ARCHOS 80 TITANIUM,T
ARCHOS 80G9,T
ARCHOS 80XSK,T
ARCHOS 80b PLATINUM,T
ARCHOS 97 CARBON,T
ARCHOS 97 Platinum,T
ARCHOS 97 TITANIUMHD,T
ARCHOS 97 XENON,T
ARCHOS 97B TITANIUM,T
ARCHOS 97b PLATINUM,T
ARCHOS FAMILYPAD 2,T
ARCHOS GAMEPAD,T
ARCHOS GAMEPAD2,T
ARCHOS T101 FHD 4G ULTRA,T
ARCHOS T101 FHD WiFi,T
ARCHOS T101 FHD2 WIFI,T
ARCHOS T101 HD 4G,T
ARCHOS T101 HD2 4G,T
ARCHOS T101HD3 WiFi,T
ARCHOS T105 FHD 4G,T
ARCHOS T105FHD WIFI ULTRA,T
ARCHOS T110 FHD 4G ULTRA,T
ARCHOS T80 HD WIFI,T
ARCHOS T96 3G,T
ARCHOS T96 3G_EEA,T
ARCHOS T96 WIFI_EEA,T
ARCHOS T96 WIFI_EEA_V2,T
ARCTIC,T
ARE-AL00,T
ARE-AL10,T
ARE-L22HN,T
ARE-TL00,T
ARGON,T
ARKENSTONE,T
ARRQW FHD Android TV,T
ARRQW UHD Android TV,T
ARS-AL00,T
ARS-L22,T
ARS-TL00,T
ARSP25MTA14A1,T
ART 3 Lite,T
ART 3S,T
ART1,T
ART1_PRO,T
ART2PRO,T
ART3_PRO,T
ARZOPA P1,T
ARZOPA P1 Pro,T
ARZOPA P1S,T
AS-10,T
AS-502,T
AS-503,T
AS01,T
AS01M,T
AS1,T
AS1000,T
AS10L,T
AS10W,T
AS10WF,T
AS10WF NEO,T
AS155,T
AS160,T
AS20WF,T
AS20WF NEO,T
AS210291,T
AS260,T
AS360,T
AS5,T
AS57,T
AS6,T
AS650C,T
AS65U,T
AS7,T
AS740,T
AS8,T
AS870 4G,T
AS876,T
AS8W,T
AS9,T
AS985,T
AS986,T
ASANZO A2,T
ASANZO_S3_PLUS,T
ASG 4K TV,T
ASIUR-702,T
ASIUR-703,T
ASIUR_101,T
ASPE2201,T
ASPERA_R10,T
ASPERA_R9,T
ASPWR24,T
AST21,T
AST707G,T
ASTECH FHD Android TV,T
ASTECH UHD Android TV,T
ASTECH_IRIS_60,T
ASTER P,T
ASTEX 2K Android,T
ASTEX 4K Android,T
ASTEX JT Google TV,T
ASTRO,T
ASTRO A55,T
ASTRO A6,T
ASTRO A66,T
ASTRO A67,T
ASTROA1,T
ASUS K00S,T
ASUS MeMO Pad 7,T
ASUS Pad T3201M5A,T
ASUS Pad TF300T,T
ASUS Pad TF700T,T
ASUS PadFone X,T
ASUS PadFone X mini,T
ASUS Tablet P1801-T,T
ASUS Tablet P1802-T,T
ASUS Transformer 300,T
ASUS Transformer Pad TF300T,T
ASUS Transformer Pad TF300TG,T
ASUS Transformer Pad TF300TL,T
ASUS Transformer Pad TF502T,T
ASUS Transformer Pad TF600T,T
ASUS Transformer Pad TF700KL,T
ASUS Transformer Pad TF700T,T
ASUS ZenFone 2,T
ASUS ZenFone 2E,T
ASUSAI2501A,T
ASUSAI2501B,T
ASUSAI2501C,T
ASUSAI2501H,T
ASUS_A001,T
ASUS_A001D,T
ASUS_A002,T
ASUS_A002A,T
ASUS_A006,T
ASUS_A007,T
ASUS_A009,T
ASUS_AI2201_A,T
ASUS_AI2201_B,T
ASUS_AI2201_C,T
ASUS_AI2201_D,T
ASUS_AI2202,T
ASUS_AI2203_B,T
ASUS_AI2203_C,T
ASUS_AI2203_D,T
ASUS_AI2205_A,T
ASUS_AI2205_C,T
ASUS_AI2302,T
ASUS_AI2401_A,T
ASUS_AI2401_C,T
ASUS_AI2401_D,T
ASUS_AI2401_H,T
ASUS_AI2401_N,T
ASUS_I001D,T
ASUS_I001DC,T
ASUS_I001DE,T
ASUS_I002D,T
ASUS_I003D,T
ASUS_I003DD,T
ASUS_I004D,T
ASUS_I005D,T
ASUS_I005DA,T
ASUS_I005DB,T
ASUS_I006D,T
ASUS_I007D,T
ASUS_I01WD,T
ASUS_L001,T
ASUS_P00I,T
ASUS_P00J,T
ASUS_T00E,T
ASUS_T00F,T
ASUS_T00G,T
ASUS_T00I,T
ASUS_T00I-D,T
ASUS_T00J,T
ASUS_T00K,T
ASUS_T00N,T
ASUS_T00P,T
ASUS_T00Q,T
ASUS_T00T,T
ASUS_X002,T
ASUS_X003,T
ASUS_X005,T
ASUS_X007D,T
ASUS_X008D,T
ASUS_X008DA,T
ASUS_X008DB,T
ASUS_X008DC,T
ASUS_X009DB,T
ASUS_X00AD,T
ASUS_X00BD,T
ASUS_X00DD,T
ASUS_X00DDA,T
ASUS_X00GD,T
ASUS_X00HD,T
ASUS_X00HDA,T
ASUS_X00ID,T
ASUS_X00LD,T
ASUS_X00LDA,T
ASUS_X00LDB,T
ASUS_X00PD,T
ASUS_X00QD,T
ASUS_X00QSA,T
ASUS_X00RD,T
ASUS_X00TD,T
ASUS_X00TDB,T
ASUS_X013DA,T
ASUS_X013DB,T
ASUS_X014D,T
ASUS_X017D,T
ASUS_X017DA,T
ASUS_X018D,T
ASUS_X01AD,T
ASUS_X01BDA,T
ASUS_X550,T
ASUS_Z002,T
ASUS_Z007,T
ASUS_Z008D,T
ASUS_Z00AD,T
ASUS_Z00ADA,T
ASUS_Z00ADB,T
ASUS_Z00ED,T
ASUS_Z00EDB,T
ASUS_Z00LD,T
ASUS_Z00LDC,T
ASUS_Z00MD,T
ASUS_Z00RD,T
ASUS_Z00SD,T
ASUS_Z00TD,T
ASUS_Z00UD,T
ASUS_Z00UDA,T
ASUS_Z00VD,T
ASUS_Z00WD,T
ASUS_Z00XS,T
ASUS_Z00XSA,T
ASUS_Z00XSB,T
ASUS_Z00YD,T
ASUS_Z010D,T
ASUS_Z010DA,T
ASUS_Z010DB,T
ASUS_Z010DD,T
ASUS_Z011D,T
ASUS_Z012D,T
ASUS_Z012DA,T
ASUS_Z012DE,T
ASUS_Z012S,T
ASUS_Z016D,T
ASUS_Z016DA,T
ASUS_Z016S,T
ASUS_Z017D,T
ASUS_Z017DA,T
ASUS_Z01BD,T
ASUS_Z01BDA,T
ASUS_Z01BDC,T
ASUS_Z01BS,T
ASUS_Z01FD,T
ASUS_Z01GD,T
ASUS_Z01HD,T
ASUS_Z01HDA,T
ASUS_Z01KD,T
ASUS_Z01KDA,T
ASUS_Z01KS,T
ASUS_Z01MD,T
ASUS_Z01MDA,T
ASUS_Z01QD,T
ASUS_Z01RD,T
AS_401L,T
AS_501,T
AS_601L,T
AT&T TV,T
AT-E8T,T
AT-M120,T
AT-M130,T
AT-M140,T
AT-M150,T
AT10,T
AT10-A,T
AT100,T
AT1001,T
AT1002,T
AT1002J,T
AT101-1118,T
AT1011E,T
AT1011U,T
AT1012E,T
AT1012U,T
AT1014,T
AT1014U,T
AT1031E,T
AT1031U,T
AT10K,T
AT10LE-A,T
AT10PE-A,T
AT1101,T
AT11K,T
AT11R464,T
AT1202J,T
AT12K,T
AT13,T
AT14P464,T
AT16RT4F,T
AT1S0,T
AT270,T
AT300,T
AT300SE,T
AT330,T
AT374,T
AT400,T
AT470,T
AT500,T
AT500a,T
AT502,T
AT503,T
AT503_HEMS,T
AT570,T
AT7,T
AT7-A,T
AT7-B,T
AT7-C,T
AT7003,T
AT701,T
AT701E,T
AT701U,T
AT702,T
AT703,T
AT70K,T
AT70KS,T
AT70K_EEA,T
AT71K,T
AT74K,T
AT8-N,T
AT801,T
AT801U,T
AT81K,T
AT830,T
AT8B,T
AT908,T
AT908_EEA,T
ATAB10-1224,T
ATAB1021E,T
ATAB1024E,T
ATAB10KB24E,T
ATAB1123E,T
ATAB1422E,T
ATAB7-0125,T
ATAB721E,T
ATAB723E,T
ATAB821E,T
ATABKD1024K,T
ATH-AL00,T
ATH-CL00,T
ATH-TL00,T
ATH-TL00H,T
ATH-UL00,T
ATHENA_A10,T
ATILIM_mPAD07,T
ATKSLIM,T
ATL1021EA,T
ATLAS,T
ATLAS 2,T
ATLTE1022,T
ATLTE1022E,T
ATOM,T
ATOM4,T
ATPA801_1,T
ATRIUM II F55L2,T
ATS,T
ATS6,T
ATU-AL10,T
ATU-L11,T
ATU-L21,T
ATU-L22,T
ATU-L31,T
ATU-L42,T
ATU-LX3,T
ATU-TL10,T
ATV,T
ATV HD Stick,T
ATV-101,T
ATV495MAX,T
ATV598MAX,T
AT_701B,T
AUM-AL00,T
AUM-AL20,T
AUM-L29,T
AUM-L33,T
AUM-L41,T
AUM-TL00,T
AUM-TL20,T
AUPO Cute 75,T
AUPO_Zeus_10_Pro,T
AURA,T
AURA M1,T
AURA M2,T
AURA PLUS,T
AURA PLUS JLO,T
AURA PRO,T
AURA PRO JLO,T
AURA X,T
AURA X1,T
AURA Z1,T
AURA_Z,T
AURII ULTRA,T
AURII_AMUSE_3G,T
AURII_AMUSE_4G,T
AURII_FAME,T
AURII_XCITE,T
AURORA,T
AURUS III,T
AURZEN BOOM MINI,T
AURZEN D1G,T
AUTIOD9N,T
AUTOID Pad Air,T
AUTOID Pad Air-5G,T
AUTOID Q7,T
AUTOID Q9,T
AUTOID10,T
AUTOID11,T
AUTOID9N,T
AUTOIDQ9,T
AV-08NT310,T
AV-10NT310,T
AV-11NT510,T
AV-ATB100,T
AV10,T
AV7,T
AVALON,T
AVT-U_Series,T
AVT-V_Series,T
AVT015,T
AVT016,T
AW-P,T
AW01,T
AW02,T
AW790,T
AWM-A0,T
AWM501,T
AWM509,T
AWM533,T
AWM539,T
AWM561,T
AWM580,T
AWM599,T
AWM999,T
AWOW_CreaPad_1001,T
AWOW_CreaPad_1003_EEA,T
AWPM106A,T
AWPM108T,T
AWPP101AK,T
AWPP101AW,T
AWPP86AW,T
AWT10H,T
AWTH801,T
AW_TAB10_14,T
AX-115ATV,T
AX-117ATV,T
AX09,T
AX1,T
AX10,T
AX1010,T
AX1015,T
AX1016,T
AX1017,T
AX1020,T
AX1030,T
AX1035,T
AX1040,T
AX1045,T
AX1055,T
AX1060,T
AX1065,T
AX1065E,T
AX1070,T
AX1071,T
AX1072,T
AX1073,T
AX1073+,T
AX1073PLUSMV18,T
AX1074,T
AX1075,T
AX1076,T
AX1076+,T
AX1077,T
AX1077+,T
AX1078,T
AX1080,T
AX1082,T
AX1083,T
AX1085,T
AX1091,T
AX1092,T
AX1093,T
AX10_EEA,T
AX1100,T
AX117 ATV,T
AX13,T
AX13_EEA,T
AX4Nano_plus,T
AX501Q,T
AX502,T
AX503,T
AX512,T
AX600C,T
AX61,T
AX64,T
AX660,T
AX680+,T
AX681,T
AX683,T
AX684,T
AX685,T
AX686,T
AX686A,T
AX687,T
AX688,T
AX688+,T
AX715,T
AX751,T
AX751+,T
AX752,T
AX754,T
AX754+,T
AX7OO,T
AX820,T
AX821,T
AX822,T
AX823,T
AX824,T
AX824+,T
AX824A,T
AX825,T
AX826,T
AX829,T
AX830,T
AX85,T
AX905,T
AX920,T
AX921,T
AX922,T
AX925,T
AX926,T
AX950,T
AX951,T
AX959,T
AX960,T
AX965,T
AXE_II,T
AXIS7_LED,T
AXIS7_SLIM,T
AXON 7 mini,T
AXS B866V2FA,T
AXSTV130,T
AXSTV530,T
AXX10,T
AXXA S71,T
AXXA_S45,T
AXXA_S45_PLUS,T
AX_META_Tab_7,T
AX_PRO,T
AYCON,T
AYYA T1,T
AZ101F,T
AZ101FB,T
AZ101FC,T
AZ101FCN,T
AZ210A,T
AZ210B,T
AZDroid,T
AZIMUT 4 PLUS,T
AZIMUT_4,T
AZIMUT_4_LITE,T
AZIMUT_4_PRO,T
AZOM River 1,T
A_Series,T
Aaztec-IFP-Series,T
Abans,T
AblePad,T
Aborder 2K Android TV,T
Aborder 4K Android TV,T
Access_Q784C,T
Ace,T
AceReal0100,T
Acepad ABLE,T
Acepad HIGH,T
Acer Iconia Tab iM10-22,T
Acer Iconia Tab iM11-12M,T
Acer Iconia iM11-22M5G,T
Acer Liquid,T
Acer Liquid Metal,T
Acer One 10 T4-129L,T
Acer One 10 T4-129LI,T
Acer One 10 T4-129LIx,T
Acer One 7 4G,T
Acer One 8 T4-82L,T
Acer One 8 T4-82L-G2,T
Acer One 8 T9-422L,T
Acer One Pro 11,T
Acer One Pro 87,T
Acer One T10-22L,T
Acer One T11-22L,T
Acer One T11-22L-5G,T
Acer S100,T
Acer lconia Tab iM9-12M,T
AcerOne8T4-82L-G2,T
Acer_Iconia_T10-21M,T
Acer_One_10_T8-129L,T
Acer_One_10_T9-1212L,T
Acer_one_8_T2,T
Acerone Liquid S162E4,T
Acerone Liquid S262F5,T
Acerone Liquid S272E4,T
Aconatic 2K Android TV,T
Aconatic 4K Android TV,T
Action 15,T
Action A5Pro,T
Action-X3,T
Action-X3 Pro,T
Action-X5,T
ActionKids3.0,T
Action_Kids_3.0,T
Active,T
Active 1,T
Active 1+,T
Active 10 Pro,T
Active 12 Pro,T
Active 3,T
Active 5,T
Active 5.0,T
Active 6,T
Active 7,T
Active 8,T
Active 8 Pro,T
Adesa_AD33,T
Adget Alternative,T
Admire Blaze,T
Adoc_T20,T
Adonis 4K Android TV,T
Adrenalin Pro,T
Advance 4.0 L3,T
Advance 4.0M,T
Advance 5.0 HD,T
Advance 5.2,T
Advance A4,T
Advance A5,T
Advance A5 LTE,T
Advance A5 Plus LTE,T
Advance A6,T
Advance A7,T
Advance L4,T
Advance L5,T
Advance Pro,T
Aero1021/P1021HCBA4C1VXX,T
Agora 4G,T
Agora 4G Pro,T
Agora 4G+,T
Agora 8 Plus,T
Agora Go,T
Agora Lite,T
Agora XS,T
Ahiga,T
Ahlo 1,T
Ai-ES1059,T
AiPlus2K,T
AiPlus4K,T
AiPlus4KMY,T
AiPro2K,T
AiPro2KN,T
AiPro4K TV,T
Ainuevo Neo S25 Pro,T
Aiplus4K,T
Aipro4K,T
Air,T
Air1,T
Air1 Pro,T
Air1 Ultra,T
Air1 Ultra Pro,T
Air2 Pro,T
Air3,T
Air3S,T
AirStick,T
AirStick 4K,T
AirTV Mini,T
AirTV Player,T
AirTouch5,T
AirTouch5n,T
Airpro4KS,T
Airtel Imagine,T
Airtel Smart Box,T
Aix-AN00,T
AkinoTV,T
Akta_A4,T
Akus Z,T
Alba 10,T
Alba 4 Android,T
Alba 4.0 Smartphone,T
Alba 4G Plus,T
Alba 6,T
Alba 7,T
Alba 8,T
Alba10Nou,T
Alba10Pie,T
Alba10Q,T
Alba7Nou,T
Alba7Pie,T
Alba7Q,T
Alba8Nou,T
Alba8Pie,T
Alba_8in,T
Alcatel 5085C,T
Alcatel 6055U,T
Alcatel 7030L,T
Alcatel 7046T,T
Alcatel 9026S,T
Alcatel A851L,T
Alcatel T 5033T,T
Alcatel one touch 908F Orange,T
Alcatel one touch 990 Orange,T
Alcatel one touch 990S,T
Alcatel9007T,T
Alcatel9022S,T
Alcatel_4034F,T
Alcatel_4060A,T
Alcatel_4060O,T
Alcatel_5002C,T
Alcatel_5002R,T
Alcatel_5004C,T
Alcatel_5004R,T
Alcatel_5005R,T
Alcatel_5008R,T
Alcatel_5044C,T
Alcatel_5044R,T
Alcatel_5045A,T
Alcatel_5054O,T
Alcatel_5056O,T
Alcatel_5059R,T
Alcatel_5098O,T
Alcatel_6055U,T
Alcatel_6060C,T
Alcatel_7049D,T
Alcatel_9001X,T
Alcatel_9022S,T
Alcatel_one_touch_908F_Orange,T
Alcatel_one_touch_918_Orange,T
Alco_S9,T
Alfa 10MX,T
Alfa 11 BT,T
Alfa 11BT Lite,T
Alfa10LA,T
Alfa10LT,T
Alfa7LM,T
Alfa_12_GX_Pro,T
Alfard,T
Algiz RT7,T
Alien X Lite,T
Alien X Pro 2021,T
AlienXLite2020,T
Alien_X,T
Alien_X_ApeX,T
Alien_X_Apex_2020,T
Aligator S5510,T
Aligator S8000,T
Aligator_S5066,T
Aligator_S5550,T
Aligator_S6100,T
Aligator_S6550,T
Aligator_S6600,T
Aligator_S6700,T
AllCall_60,T
AllCall_Madrid,T
AllCall_S1,T
AllCall_S1_X,T
Allegro,T
Allente 1,T
Allente Streaming Hub,T
Allure A8 Pro,T
Allure M1,T
Allure M1 Plus,T
Allure M2,T
Allure M3,T
Allure M3 Lite,T
Allure X,T
Ally,T
Alnilam,T
Aloha,T
Alola 5G,T
Alola Max 2,T
Alola_Max,T
Alpha,T
Alpha 100,T
Alpha 1R,T
Alpha 1V,T
Alpha 20,T
Alpha 200,T
Alpha 300,T
Alpha 3R,T
Alpha 3V,T
Alpha 400,T
Alpha 5G,T
Alpha 5V,T
Alpha 950,T
Alpha 950XL,T
Alpha 9V,T
Alpha A16,T
Alpha Ice,T
Alpha S6,T
Alpha_Plus,T
Alpha_X,T
Alphatel_T1,T
Altice_S31,T
Altus 18,T
Altus 24,T
Altus 32,T
Alumini_3_Plus,T
Amazing A1,T
Amazing A3,T
Amazing A30,T
Amazing A4,T
Amazing A4C,T
Amazing A4S,T
Amazing A50,T
Amazing A5S,T
Amazing A6,T
Amazing A7,T
Amazing A8,T
Amazing P6,T
Amazing X1,T
Amazing X2,T
Amazing X3,T
Amazing X5,T
Amazing X5s,T
Amazing X6,T
Amazing X7,T
Amazing p5_Lite,T
Amazing_A32,T
Amazing_A35,T
Amazing_A55,T
Amazing_A57,T
Amazing_P5,T
Amazing_P8,T
Amazing_X3s,T
Amazing_X3s_16G,T
Amber,T
Amber5S,T
Amber5S_Pro,T
Amber5s Plus,T
Amber6,T
Amber7S,T
Amber8,T
Amber8S,T
Amber8S plus,T
Amber8s Mate,T
Amber8s Pro,T
Ambition,T
Amigo 7Y,T
Amigo 7Y EspialTV,T
Amigo7,T
Amigo7x,T
Amigo7xESP,T
Amigo7xJDS,T
Amigo7xJP,T
Amigo7xSCB,T
Amigo7xYUF,T
Amigo7xcCN,T
Amino SBCTV,T
Ammp10pro,T
Ammp8,T
Amstrong,T
AnPad_U2,T
Android,T
Android Edition StarTrail,T
Android SDK built for x86,T
Android SDK built for x86_64,T
Android TV,T
Android Tablet FT7,T
Android edition by sfr STARADDICT,T
Android_G17,T
Android_G18,T
Android_Rugged,T
Android_Tablet,T
Android_Tough,T
Andromax A16C3H,T
Andromax A26C4H,T
Andromax A36C5H,T
Andromax AD687G,T
Andromax B16C2G,T
Andromax B16C2H,T
Andromax B26D2H,T
Andromax C46B2G,T
Andromax C46B2H,T
Andromax G36C1G,T
Andromax G36C1H,T
Andromax G46D1Z,T
Andromax I46D1G,T
Andromax I56D2G,T
Andromax-c,T
Antares,T
Antel Box2.0,T
Anya S5U,T
AoGo1,T
Apex1,T
Apex2,T
Apex3,T
Aplus,T
Apollo Premium4K TV,T
Apollo Pro4K TV,T
Apolosign Calendar,T
Aprix Tab64,T
Aprix_Phat6,T
Aprix_X4,T
Aqua,T
Aqua 5.5 VR,T
Aqua Aura 2GB,T
Aqua Pad,T
Aqua Power 4G,T
Aqua Pride,T
Aqua Q8,T
Aqua S10,T
Aqua S10 Pro,T
Aqua S10 Pro 5G,T
Aqua S9,T
Aqua S9 Max,T
Aqua S9 lite,T
Aqua SV,T
Aqua View,T
Aqua_II,T
Aqua_Infinity,T
Aqua_Ring,T
Aqua_Tab_S2_Pro,T
Aqua_Tab_Ultra,T
Aquaris A4.5,T
Aquaris C,T
Aquaris E10,T
Aquaris E10 3G,T
Aquaris E4,T
Aquaris E4.5,T
Aquaris E5,T
Aquaris E5 FHD,T
Aquaris E5 HD,T
Aquaris E6,T
Aquaris M,T
Aquaris M10,T
Aquaris M10 4G,T
Aquaris M10 FHD,T
Aquaris M4.5,T
Aquaris M5,T
Aquaris M5.5,T
Aquaris M8,T
Aquaris U,T
Aquaris U Lite,T
Aquaris U Plus,T
Aquaris U2,T
Aquaris U2 Lite,T
Aquaris V,T
Aquaris V Plus,T
Aquaris VS,T
Aquaris VS Plus,T
Aquaris X,T
Aquaris X Pro,T
Aquaris X2,T
Aquaris X2 Pro,T
Aquaris X5,T
Aquaris X5 Plus,T
Aquaris_A4.5,T
Aquaris_M4.5,T
Aquarius,T
Ara 5.7 A5719,T
Arc,T
Arcelik Android TV,T
Arcelik Nano QLED,T
Archer,T
Archos 101 Cobalt,T
Archos 101 Copper,T
Archos 101 DB,T
Archos 101 Helium,T
Archos 101 Helium Lite,T
Archos 101 Neon,T
Archos 101 Oxygen,T
Archos 101 Oxygen 4G,T
Archos 101 Platinium 3G,T
Archos 101 Platinum 3G,T
Archos 101 Xenon,T
Archos 101 Xenon Lite,T
Archos 101 Xenon v2,T
Archos 101XS3,T
Archos 101b Copper,T
Archos 101b Helium,T
Archos 101b Neon,T
Archos 101b Oxygen,T
Archos 101b Platinium,T
Archos 101b Xenon,T
Archos 101b Xenon v2,T
Archos 101b Xenon v3,T
Archos 101c Copper,T
Archos 101c Helium,T
Archos 101c Neon,T
Archos 101c Platinum,T
Archos 101c Xenon,T
Archos 101d Neon,T
Archos 101d Platinum v2,T
Archos 101d Platinum v3,T
Archos 101e Neon,T
Archos 116 Neon,T
Archos 121 Neon,T
Archos 133 Oxygen,T
Archos 156 Oxygen,T
Archos 35b Titanium,T
Archos 40 Helium,T
Archos 40 Neon,T
Archos 40 Power,T
Archos 40 Titanium,T
Archos 40b Titanium Surround,T
Archos 40c Titanium,T
Archos 45 Helium 4G,T
Archos 45 Neon,T
Archos 45 Platinum,T
Archos 45 Titanium,T
Archos 45b Neon,T
Archos 45b Platinum,T
Archos 45c Helium,T
Archos 45c Platinum,T
Archos 45c Titanium,T
Archos 45d Platinum,T
Archos 50 Cobalt,T
Archos 50 Diamond,T
Archos 50 Helium 4G,T
Archos 50 Helium Plus,T
Archos 50 Neon,T
Archos 50 Oxygen,T
Archos 50 Oxygen Plus,T
Archos 50 Platinum,T
Archos 50 Platinum 4G,T
Archos 50 Power,T
Archos 50 Saphir,T
Archos 50 Titanium,T
Archos 50B Cobalt,T
Archos 50F Neon,T
Archos 50b Helium 4G,T
Archos 50b Neon,T
Archos 50b Oxygen,T
Archos 50b Platinum,T
Archos 50c Helium,T
Archos 50c Neon,T
Archos 50c Oxygen,T
Archos 50c Platinum,T
Archos 50d Neon,T
Archos 50d Oxygen,T
Archos 50e Helium,T
Archos 50e Neon,T
Archos 50f Helium,T
Archos 50f Neon,T
Archos 52 Platinum,T
Archos 53 Platinum,T
Archos 53 Titanium,T
Archos 55 Cobalt Plus,T
Archos 55 Cobalt plus,T
Archos 55 Diamond 2 Plus,T
Archos 55 Diamond Plus,T
Archos 55 Helium,T
Archos 55 Helium Plus,T
Archos 55 Platinum,T
Archos 55 diamond Selfie,T
Archos 55B Cobalt,T
Archos 55B Platinum,T
Archos 59 Titanium,T
Archos 59 Xenon,T
Archos 60 Platinum,T
Archos 62 Xenon,T
Archos 64 Xenon,T
Archos 70 Carbon,T
Archos 70 Copper,T
Archos 70 Helium,T
Archos 70 Neon,T
Archos 70 Neon Plus,T
Archos 70 Oxygen,T
Archos 70 Platinum,T
Archos 70 Platinum 3G,T
Archos 70 Platinum v2,T
Archos 70 Platinum v3,T
Archos 70 Xenon,T
Archos 70 Xenon Color,T
Archos 70b Cobalt,T
Archos 70b Copper,T
Archos 70b Helium,T
Archos 70b Neon,T
Archos 70b Xenon,T
Archos 70c Cobalt,T
Archos 70c Neon,T
Archos 70c Titanium,T
Archos 70c Xenon,T
Archos 70d Titanium,T
Archos 79 Cobalt,T
Archos 79 Neon,T
Archos 79 Xenon,T
Archos 79b Neon,T
Archos 79c Neon,T
Archos 80 Helium 4G,T
Archos 80 Oxygen,T
Archos 80 Platinum,T
Archos 80 Platinum v2,T
Archos 80 Xenon,T
Archos 80b Helium,T
Archos 80b Helium v2,T
Archos 80b Xenon,T
Archos 80c Platinum,T
Archos 80c Xenon,T
Archos 80d Xenon,T
Archos 90 Copper,T
Archos 90 Neon,T
Archos 90b Copper,T
Archos 90b Neon,T
Archos 96 Xenon,T
Archos 97 Cobalt,T
Archos 97c Platinum,T
Archos Access 101 3G,T
Archos Access 101 3G V2,T
Archos Access 101 3G v3,T
Archos Access 101 Wifi,T
Archos Access 101 Wifi v2,T
Archos Access 40 3G,T
Archos Access 40 4G,T
Archos Access 45 4G,T
Archos Access 50 3G,T
Archos Access 50 4G,T
Archos Access 50 Color 3G,T
Archos Access 50 Color 4G,T
Archos Access 50S 4G,T
Archos Access 55 3G,T
Archos Access 57 3G,T
Archos Access 57 4G,T
Archos Access 70 3G,T
Archos Access 70 Wifi,T
Archos Chefpad,T
Archos Core 101 3G,T
Archos Core 101 3G v5,T
Archos Core 101 4G,T
Archos Core 3g v4,T
Archos Core 50 4G,T
Archos Core 50P,T
Archos Core 55 4G,T
Archos Core 55P,T
Archos Core 55S,T
Archos Core 55S Ultra,T
Archos Core 57S,T
Archos Core 57S Ultra,T
Archos Core 60S,T
Archos Core 62S,T
Archos Core 70 3G,T
Archos Core 80 Wifi,T
Archos Diamond Plus,T
Archos Diamond S,T
Archos Hello 10,T
Archos Hello 5,T
Archos Hello 7,T
Archos Oxygen 101S,T
Archos Oxygen 101S ARDOIZ,T
Archos Oxygen 57,T
Archos Oxygen 63,T
Archos Oxygen 68XL,T
Archos Phone,T
Archos Saphir 50X,T
Archos Sense 101 X,T
Archos Sense 47 X,T
Archos Sense 50 DC,T
Archos Sense 50X,T
Archos Sense 55 DC,T
Archos Sense 55 S,T
Archos Smart Home Tablet,T
Archos T 101 4G,T
Archos T 101X 4G,T
Archos T 80 W,T
Archos T101 HD,T
Archos T101 HD PLUS,T
Archos T101 HD WIFI,T
Ares,T
Aries_8in,T
Aris,T
Aris Pro,T
ArkF-AF00,T
Armor 10 5G,T
Armor 11 5G,T
Armor 11T 5G,T
Armor 12 5G,T
Armor 12S,T
Armor 15,T
Armor 17 Pro,T
Armor 20WT,T
Armor 21,T
Armor 22,T
Armor 23 Ultra,T
Armor 24,T
Armor 25T,T
Armor 25T Pro,T
Armor 26 Ultra,T
Armor 27,T
Armor 27 Pro,T
Armor 27T,T
Armor 27T Pro,T
Armor 28 Pro,T
Armor 28 Ultra,T
Armor 29 Pro,T
Armor 29 Ultra,T
Armor 30,T
Armor 30 Pro,T
Armor 33,T
Armor 33 Pro,T
Armor 34,T
Armor 34 Pro,T
Armor 5S,T
Armor 7,T
Armor 7E,T
Armor 8,T
Armor 8 Pro,T
Armor 9,T
Armor 9E,T
Armor C1 Max,T
Armor C1s,T
Armor H1s,T
Armor H2s,T
Armor I1 Slim,T
Armor I1w,T
Armor I2w,T
Armor Mini 20,T
Armor Mini 20 Pro,T
Armor Mini 20T Pro,T
Armor P1 Pro,T
Armor P1s,T
Armor P1w,T
Armor Pad,T
Armor Pad 2,T
Armor Pad 3 Pro,T
Armor Pad 4 Ultra,T
Armor Pad 5 Pro,T
Armor Pad 5 Ultra,T
Armor Pad Lite,T
Armor Pad Pro,T
Armor V1s,T
Armor X10,T
Armor X10 Pro,T
Armor X12,T
Armor X12 Pro,T
Armor X13,T
Armor X16,T
Armor X16 Pro,T
Armor X17 Ultra,T
Armor X31,T
Armor X31 Pro,T
Armor X32,T
Armor X32 Pro,T
Armor X5,T
Armor X5 Pro,T
Armor X6 Pro,T
Armor X7,T
Armor X7 Pro,T
Armor X8,T
Armor X8i,T
Armor X9,T
Armor X9 Pro,T
ArmorX,T
Armor_2,T
Armor_2S,T
Armor_3,T
Armor_3W,T
Armor_3WT,T
Armor_6,T
Armor_6E,T
Armor_6S,T
Armor_7,T
Armor_C1w,T
Armor_H1w,T
Armor_X,T
Armor_X2,T
Armor_X3,T
Armor_X6,T
Arrow,T
ArrowPro,T
ArtPadAir_EEA,T
ArtPadAir_ROW,T
ArtPadPro_EEA,T
ArtPadPro_ROW,T
ArtPad_ROW,T
Artel Air,T
Artel Premium,T
Artel Quadro,T
Artel Quadro Pro,T
Artel T10,T
Artel Tesla,T
Artel Tomchi,T
Artizlee_S9,T
Ascom Myco 3 Cellular Wi-Fi,T
Ascom Myco 3 Cellular Wi-Fi EU,T
Ascom Myco 3 DECT Wi-Fi,T
Ascom Myco 3 DECT Wi-Fi EU,T
Ascom Myco 3 Wi-Fi,T
Ascom Myco 3 Wi-Fi EU,T
Aspen_4,T
Astech IRIS,T
Astech NEO,T
Astech S7,T
Astech S7 pro,T
Astech S8,T
Astech S9,T
Aster,T
Aster T,T
Astra Blaze,T
Astra Curve 4G,T
Astra Curve Pro,T
Astra NXT Pro,T
Astra Star,T
Astra Titan 4G,T
Astra Young Pro,T
Astro 4 PRO,T
Astro 4R,T
Astro 4T,T
Astro 5 PRO,T
Astro 55N LTE,T
Astro 55R,T
Astro 55T,T
Astro 5P,T
Astro 5T,T
Astro 5X,T
Astro 63R,T
Astro 63T,T
Astro 6M,T
Astro 8Q,T
Astro 8R,T
Astro 8T,T
AstroPhablet7s,T
Astro_4P,T
Astro_5N_LTE,T
Astro_5_GO_LTE,T
Astro_6,T
Astro_6S,T
Astro_Pad10,T
Astro_Slide_5G_Transformer,T
Athesi_AP5706,T
Atlantis_A10_G403,T
Atlas,T
Atom,T
Atom3,T
Atom_L,T
Atom_XL,T
Atractivo,T
AuPad,T
AudeaTablet,T
Audi tablet,T
AupadMini,T
Aura 4G,T
Aura Champ,T
Aura Note 2,T
Aura Note 4G,T
Aura Note Play,T
Aura Power 4G,T
Aura Power 4G Plus,T
Aura Sleek 4G,T
Aura Sleek Plus,T
Aura Storm,T
Aura_Plus,T
Aura_Power,T
Australia,T
Autana LTE,T
Automotive SDK built for x86,T
Automotive SDK built for x86_64,T
Avaya Vantage,T
Avea inTouch 2,T
Avea inTouch 3,T
Avea inTouch 3 Large,T
Avea inTouch 4,T
Avengers,T
Avid,T
Avion A10,T
Avion A10 Pro,T
Avvio_4GO,T
Avvio_A400,T
Avvio_A50,T
Avvio_A600,T
Avvio_Pro450,T
Avvio_Pro550,T
Avvio_Q503,T
Awadjidje,T
Axe,T
Axiom 1,T
Axiom 2,T
Axion_6507M,T
Axioo_AX4,T
Axis,T
Axon Radiance 1,T
AxxNE,T
Axzy_Pad,T
Axzy_Pad_Pro,T
Ayat101,T
Ayat_101,T
Azerbaijan,T
Azimut 3 Lite,T
Azimut 3 Pro,T
Azimut2,T
Azumi A4,T
Azumi A4+,T
Azumi A4v,T
Azumi A5,T
Azumi AKANE,T
Azumi AX5,T
Azumi Extend Akaru 55 QL,T
Azumi IKU 54,T
Azumi IKU A55,T
Azumi IRO A55 Q Pro,T
Azumi IRO A5QL V2,T
Azumi K55QL,T
Azumi K5QL,T
Azumi KIREI A5 D,T
Azumi M5,T
Azumi NOBU A55,T
Azumi Speed 4,T
Azumi Speed 5,T
Azumi V4,T
Azumi V51,T
Azumi V6,T
Azumi_DOSHI_A55_QL,T
Azumi_Daburu_A55O,T
Azumi_IRO_A4_Q,T
Azumi_IRO_A4_Q_PRO,T
Azumi_IRO_A55_QL,T
Azumi_IRO_A5_Q,T
Azumi_IRO_A5_QL,T
Azumi_IRO_A5_QLT,T
Azumi_KINZO_A55_OLi,T
Azumi_KIREI_A45_D,T
Azumi_KIREI_A4_D,T
Azumi_KIREI_A5_D,T
Azumi_M5+,T
Azumi_NA60_PRO,T
Azumi_Speed_Pro_55,T
Azumi_T7_3G,T
Azumi_V5,T
Azumi_V51,T
Azumi_V52,T
Azumi_V54,T
Azumi_V56,T
Azumi_V60,T
Azumi_V61,T
Azumi_V65,T
Azumi_V65_PLUS,T
Azumi_V66,T
B BOT 50,T
B BOT 550,T
B UHD Android TV,T
B-KOOL,T
B-ONE,T
B-STREAM,T
B001,T
B02,T
B1,T
B1 Pro,T
B1-710,T
B1-711,T
B1-723,T
B1-730,T
B1-730HD,T
B1-733,T
B1-750,T
B1-780,T
B1-790,T
B1-7A0,T
B1-810,T
B1-820,T
B1-850,T
B1-860A,T
B1-870,T
B1-A71,T
B10,T
B10 Pro,T
B11,T
B110DL,T
B11Air,T
B11_EEA,T
B12017,T
B130DL,T
B131DL,T
B140,T
B140DL,T
B145,T
B15,T
B155,T
B15Q,T
B160,T
B160V,T
B161V,T
B1661V,T
B1680V,T
B17,T
B170D,T
B18,T
B19,T
B1Teen,T
B1_Max,T
B1_PDA,T
B1s,T
B2,T
B2 Pro,T
B2 Ultra,T
B2 Ultra 2026,T
B2017,T
B2021,T
B20X,T
B21,T
B21_EEA,T
B21_US,T
B22-EEA,T
B22-U-EEA,T
B22-US,T
B22_EEA,T
B22_US,T
B23_EEA,T
B23_US,T
B23_U_EEA,T
B23_U_US,T
B245,T
B255,T
B25_EEA,T
B25_US,T
B260,T
B27,T
B28,T
B29_EEA,T
B29_US,T
B2mini,T
B2s,T
B3,T
B3-A20,T
B3-A20B,T
B3-A30,T
B3-A32,T
B3-A40,T
B3-A40FHD,T
B3-A42,T
B3-A50,T
B3-A50FHD,T
B30,T
B31,T
B340,T
B350,T
B355,T
B38,T
B3C,T
B3Pro,T
B3S,T
B4,T
B450,T
B4570,T
B50,T
B501,T
B502,T
B502 Basic,T
B502_SA,T
B5032,T
B504_Unit,T
B505,T
B505_Unit_4G,T
B5060,T
B506_Intro,T
B506_TW,T
B5070,T
B50Pro,T
B50_CHT,T
B55,T
B5531,T
B5532,T
B5Pro,T
B6 Master,T
B6 Note X,T
B60Pro,T
B60Pro_DG,T
B60Pro_MV03,T
B610A103A,T
B610A115,T
B610A215,T
B63Pro,T
B6546,T
B70Pro,T
B760E,T
B760H,T
B790,T
B7V1-STK,T
B8,T
B820C-A15,T
B826C-A12,T
B8405,T
B8416,T
B8506,T
B850J,T
B860AV2,T
B860H,T
B860H V1.0,T
B860H V1.1,T
B860H V5.0,T
B866,T
B866F V1.1,T
B866V2,T
B866V2F01,T
B866V2F02,T
B866V2FA,T
B866V2FA V3.3,T
B866V2FA V3.4,T
B866V2FI,T
B866V2H,T
B866V5-W10,T
B866W12M,T
B8Lite,T
B8plus,T
B9000,T
B9401,T
B9502,T
B9504,T
B9505,T
BAC-AL00,T
BAC-L01,T
BAC-L03,T
BAC-L21,T
BAC-L22,T
BAC-L23,T
BAC-TL00,T
BAH-AL00,T
BAH-L09,T
BAH-W09,T
BAH2-AL00,T
BAH2-AL10,T
BAH2-L09,T
BAH2-W09,T
BAH2-W19,T
BAM III,T
BAM-II,T
BARRY,T
BAS-AT800,T
BASE Lutea 2,T
BASE Tab,T
BASE lutea,T
BASE_Lutea_3,T
BATV10,T
BAUHN 2K Android TV,T
BAUHN 4K Android TV,T
BAUHN4KAndroidTV,T
BB8252,T
BBA100-1,T
BBA100-2,T
BBB100-1,T
BBB100-2,T
BBB100-3,T
BBB100-4,T
BBB100-5,T
BBB100-6,T
BBB100-7,T
BBC100-1,T
BBD100-1,T
BBD100-2,T
BBD100-6,T
BBE100-1,T
BBE100-2,T
BBE100-4,T
BBE100-5,T
BBF100-1,T
BBF100-2,T
BBF100-4,T
BBF100-6,T
BBF100-8,T
BBF100-9,T
BBG100-1,T
BBH100-1,T
BBT1019863,T
BCGA92,T
BDL0232PR,T
BDL0948,T
BDL1064PR001,T
BDL4152E,T
BDL424,T
BDL4252E,T
BDL5048PR001,T
BDLE716,T
BDLE716PR,T
BDLT107,T
BE-730,T
BE109,T
BE2011,T
BE2012,T
BE2013,T
BE2015,T
BE2025,T
BE2026,T
BE2028,T
BE2029,T
BEAM,T
BEAT 8,T
BENGAL_6,T
BENQANDROIDTV,T
BENTLEY ENTERTAINMENT TABLET,T
BEQUE7S,T
BERRY,T
BERRY 2,T
BERRY PRO,T
BERRY1,T
BERRY_PLUS,T
BETELGEUSE,T
BE_dg,T
BE_et,T
BE_ets,T
BE_fr,T
BE_o2,T
BE_se,T
BE_xl,T
BF1001_Kids,T
BFX-AT100,T
BFX-UA300,T
BG-7,T
BG001,T
BG2-U01,T
BG2-U03,T
BG2-W09,T
BGH JOY X2,T
BGH Joy 303,T
BGH Joy Smart A1,T
BGH Joy Smart A2,T
BGH Joy Smart A3,T
BGH Joy Smart A5C,T
BGH Joy Smart A5d,T
BGH Joy Smart A6,T
BGH Joy Smart A6d,T
BGH Joy Smart A7G,T
BGH Joy Smart AXS,T
BGH Joy Smart AXS D,T
BGH Joy Smart AXS II,T
BGH Joy Smart AXS II D,T
BGH Joy V6,T
BGH Joy X5,T
BGO-DL09,T
BGO-L03,T
BGX5,T
BH1002H,T
BH105,T
BH502G,T
BH505GS,T
BH558G,T
BH805G,T
BHT-1700BWB-1-A7,T
BHT-1700QLWB-P-A7,T
BHT-1700QWB-1-A7,T
BHT-1700QWB-2-A7,T
BHT-1700QWBG-1-A7,T
BHT-1700QWBG-2-A7,T
BHT-1800QWB-1-A7,T
BHT-1800QWB-2-A7,T
BHT-1800QWB-3-A7,T
BHT-1800QWBG-1-A7,T
BHT-1800QWBG-2-A7,T
BHT-1800QWBG-3-A7,T
BHT-M60-QW-A10,T
BHT-M60-QW-A10N,T
BHT-M60-QWG-A10,T
BHT-M60-QWG-A10N,T
BHT-M70-QW-A10,T
BHT-M70-QWG-A10,T
BHT-M80-QW-A10,T
BHT-M80-QWG-A10,T
BHT1600,T
BID-AI100,T
BID-AT200,T
BIENESTAR_SMART,T
BIG BANG e Gen 3,T
BIG1,T
BILIMLI2025,T
BIOWOLF8F30,T
BIP-AI100,T
BIP-EB100,T
BIP-UW200,T
BIRDY,T
BISON,T
BISON GT,T
BISON Pro,T
BK3_TH3_series,T
BKK-AL00,T
BKK-AL10,T
BKK-L21,T
BKK-L22,T
BKK-LX2,T
BKK-TL00,T
BKL-AL00,T
BKL-AL20,T
BKL-L04,T
BKL-L09,T
BKL-TL10,T
BKM10,T
BKO-AT800,T
BKO-UC500,T
BKQ-N49,T
BL.9UEEP.209,T
BL.9UEEP.210,T
BL12000,T
BL12000 PRO,T
BL150,T
BL155,T
BL160,T
BL250,T
BL350,T
BL40_MV12,T
BL50,T
BL5000,T
BL50PRO_TG06HS,T
BL50PRO_TG07NP,T
BL50P_TG05,T
BL50P_TG06,T
BL50P_TG07,T
BL50P_TG09,T
BL50_CL,T
BL50_DG,T
BL51,T
BL51_MV05,T
BL51_MV12,T
BL52,T
BL52Pro,T
BL53_TG05,T
BL53_TG06,T
BL53_TG07,T
BL54Pro,T
BL54_PRO,T
BL5500_Lite,T
BL55_PRO,T
BL55_TG,T
BL55_TG06,T
BL60,T
BL6000Pro,T
BL60M_MV05,T
BL60_TG05,T
BL60_TG05B,T
BL60_TG17,T
BL61,T
BL62,T
BL62B,T
BL62_TG,T
BL63,T
BL63Pro,T
BL63_TG07,T
BL65Plus,T
BL65Plus_TG07,T
BL65_OM,T
BL65_TG,T
BL70,T
BL7000,T
BL7000 Pro,T
BL8000,T
BL8800,T
BL8800Pro,T
BL9000,T
BL9000 Pro,T
BLA-A09,T
BLA-AL00,T
BLA-L09,T
BLA-L29,T
BLA-TL00,T
BLACK,T
BLACK 03,T
BLACK_PRO,T
BLADE A110,T
BLADE A3,T
BLADE A320,T
BLADE A510,T
BLADE A520,T
BLADE A521,T
BLADE A530,T
BLADE A6,T
BLADE A6 MAX,T
BLADE A602,T
BLADE A610,T
BLADE A910,T
BLADE E01,T
BLADE III_IL,T
BLADE L7,T
BLADE L7A,T
BLADE V Ultra,T
BLADE V7,T
BLADE V8,T
BLADE V8 MINI,T
BLADE V8 SE,T
BLADE V8 mini,T
BLADE V8Q,T
BLADE V9,T
BLADE V9 VITA,T
BLADE_N880,T
BLAU-TVE19H,T
BLAU-TVE19I,T
BLAUPUNKT 2K Android TV,T
BLAUPUNKT 2K TV,T
BLAUPUNKT 2K Android TV,T
BLAUPUNKT 4K Android TV,T
BLAUPUNKT 4K TV,T
BLAUPUNKT Android TV,T
BLAUPUNKT Android TV 2K,T
BLAUPUNKT EU 2K Android TV,T
BLAUPUNKT EU 2K Android TV,T
BLAUPUNKT EU 4K Android TV,T
BLAUPUNKT FHD Android TV,T
BLAUPUNKT GOOGLE TV,T
BLAUPUNKT GOOGLE TV 4K,T
BLAUPUNKT SMART TV,T
BLAZE,T
BLAZE_X500,T
BLESSPLUS,T
BLESS_GO55,T
BLINK,T
BLISS503,T
BLISS_8,T
BLK-L03,T
BLK-L09,T
BLK3D,T
BLL-L21,T
BLL-L22,T
BLL-L23,T
BLN-AL10,T
BLN-AL20,T
BLN-AL30,T
BLN-AL40,T
BLN-L21,T
BLN-L22,T
BLN-L24,T
BLN-TL00,T
BLN-TL10,T
BLOCK 3,T
BLOCK 3 mini,T
BLOCK GO,T
BLOCK_MINI,T
BLOOM,T
BLU ADVANCE 4.0 L2,T
BLU DASH L2,T
BLU DASH M2,T
BLU DASH X,T
BLU DASH X LTE,T
BLU DASH X2,T
BLU ENERGY DIAMOND,T
BLU ENERGY M,T
BLU ENERGY X PLUS 2,T
BLU GRAND 5.5 HD,T
BLU Grand X LTE,T
BLU LIFE MARK,T
BLU LIFE ONE X,T
BLU LIFE XL,T
BLU NEO ENERGY MINI,T
BLU NEO X,T
BLU NEO X LTE,T
BLU NEO X MINI,T
BLU NEO X PLUS,T
BLU NEO XL,T
BLU R1 HD,T
BLU STUDIO 7.0 LTE,T
BLU STUDIO C 8+8,T
BLU STUDIO C 8+8 LTE,T
BLU STUDIO C HD,T
BLU STUDIO G,T
BLU STUDIO G PLUS,T
BLU STUDIO G2,T
BLU STUDIO ONE,T
BLU STUDIO ONE PLUS,T
BLU STUDIO SELFIE 2,T
BLU STUDIO SELFIE LTE,T
BLU STUDIO X MINI,T
BLU STUDIO XL LTE,T
BLU Studio G HD,T
BLU Studio Touch,T
BLU TOUCHBOOK M7,T
BLUEPAD10,T
BLU_S1,T
BLiNK,T
BM-12WTN,T
BM001,T
BM108,T
BM180,T
BM5500,T
BM5500S,T
BM57_lite,T
BM65Plus,T
BM65Pro_TG05,T
BM65_PRO,T
BMA-AI100,T
BMAX_I9,T
BMM431B,T
BMM431S,T
BMM441A,T
BMM441B,T
BMM441D,T
BMM441S,T
BMM441W,T
BMM442D,T
BMM442S,T
BMM443D,T
BMM531A,T
BMM531B,T
BMM531D,T
BMM531S,T
BMM532D,T
BMM541A,T
BMM541B,T
BMM541D,T
BMM541W,T
BMM542D,T
BMM543D,T
BMM543S,T
BMM_533D,T
BMOBILE_BL55,T
BMPRO7DI,T
BN500,T
BND-AL00,T
BND-AL10,T
BND-L21,T
BND-L24,T
BND-L31,T
BND-L34,T
BND-TL10,T
BNT-1012,T
BNT-1013,T
BNT-700K,T
BNT-710,T
BNT-801W,T
BNT-802,T
BNTV400,T
BNTV450,T
BNTV460,T
BNTV600,T
BNTV650,T
BOBTAB,T
BOLD,T
BOLD K10,T
BOLD K12,T
BOLD K20,T
BOLD K22,T
BOLD K30,T
BOLD K5,T
BOLD K50,T
BOLD M7,T
BOLD M8,T
BOLD M9,T
BOLD N1,T
BOLD N2,T
BOLD N3,T
BOLD_PLUS,T
BOLT 2,T
BOOMAIR,T
BOOX,T
BOSCH_E10316,T
BOSS Touch,T
BOX v4,T
BOX_1,T
BOYO-MP,T
BP 2K Android TV,T
BP Android TV 2K,T
BP-1001,T
BP900,T
BPL Smart,T
BPL Smart TV,T
BPR-10IIA,T
BPRIME,T
BPRIMES,T
BPRO,T
BP_6008,T
BP_6010,T
BP_6108,T
BP_6110,T
BP_T6108X,T
BP_T6110X,T
BPad,T
BPad 13,T
BPad T1,T
BPad_,T
BPad_10_4G,T
BPad_10_SE,T
BPad_GT,T
BPad_Mini_Ultra,T
BQ-1020L,T
BQ-1022L,T
BQ-1024L,T
BQ-1025L,T
BQ-1036L,T
BQ-1045,T
BQ-1045G,T
BQ-1077L,T
BQ-1081G,T
BQ-1082G,T
BQ-1083G,T
BQ-1084L,T
BQ-1085L,T
BQ-4001G,T
BQ-4030G,T
BQ-4077,T
BQ-4501G,T
BQ-4585,T
BQ-5000G,T
BQ-5001L,T
BQ-5002G,T
BQ-5003L,T
BQ-5004G,T
BQ-5005L,T
BQ-5007L,T
BQ-5008L,T
BQ-5009L,T
BQ-5010G,T
BQ-5011G,T
BQ-5012L,T
BQ-5015L,T
BQ-5016G,T
BQ-5031G,T
BQ-5045L,T
BQ-5046L,T
BQ-5047L,T
BQ-5056,T
BQ-5060L,T
BQ-5201,T
BQ-5206L,T
BQ-5209L,T
BQ-5211,T
BQ-5300G,T
BQ-5301,T
BQ-5302G,T
BQ-5340,T
BQ-5500L,T
BQ-5507L,T
BQ-5508L,T
BQ-5511L,T
BQ-5512L,T
BQ-5514G,T
BQ-5514L,T
BQ-5515L,T
BQ-5516L,T
BQ-5517L,T
BQ-5518G,T
BQ-5519G,T
BQ-5519L,T
BQ-5520L,T
BQ-5521L,T
BQ-5522,T
BQ-5528L,T
BQ-5530L,T
BQ-5533G,T
BQ-5535L,T
BQ-5540L,T
BQ-5541L,T
BQ-5560L,T
BQ-5565L,T
BQ-5591,T
BQ-5594,T
BQ-5700L,T
BQ-5701L,T
BQ-5702,T
BQ-5707G,T
BQ-5730L,T
BQ-5731L,T
BQ-5732L,T
BQ-5740G,T
BQ-5745L,T
BQ-5765L,T
BQ-6000L,T
BQ-6001L,T
BQ-6010G,T
BQ-6015L,T
BQ-6016L,T
BQ-6022G,T
BQ-6030G,T
BQ-6035L,T
BQ-6040L,T
BQ-6042L,T
BQ-6045L,T
BQ-6051G,T
BQ-6061L,T
BQ-6065L,T
BQ-6200L,T
BQ-6353L,T
BQ-6424L,T
BQ-6430L,T
BQ-6630L,T
BQ-6631G,T
BQ-6645L,T
BQ-6761,T
BQ-6861L,T
BQ-7000G,T
BQ-7022,T
BQ-7036L,T
BQ-7038G,T
BQ-7040G,T
BQ-7055L,T
BQ-7082G,T
BQ-7083G,T
BQ-7084G,T
BQ-7098G,T
BQ-8041L,T
BQ-8067L,T
BQ-8068L,T
BQ-8077L,T
BQ-8088L,T
BQ-9055L,T
BQru-1056L,T
BQru-1057L,T
BQru-1081G,T
BQru-4028,T
BQru-4072,T
BQru-4500,T
BQru-4526,T
BQru-4583,T
BQru-5000,T
BQru-5022,T
BQru-5033,T
BQru-5035,T
BQru-5037,T
BQru-5044,T
BQru-5054,T
BQru-5057,T
BQru-5059,T
BQru-5060,T
BQru-5201,T
BQru-5202,T
BQru-5203,T
BQru-5204,T
BQru-5503,T
BQru-5504,T
BQru-5510,T
BQru-5521,T
BQru-6631G_A11,T
BQru-6868L,T
BQru-7081,T
BQru-7082,T
BQru-7083,T
BQru_5590,T
BQru_BQru-5058,T
BRAVE,T
BRAVIA 2015,T
BRAVIA 2K GB ATV3,T
BRAVIA 2K VH2,T
BRAVIA 4K 2015,T
BRAVIA 4K AE1,T
BRAVIA 4K AE2,T
BRAVIA 4K AE3,T
BRAVIA 4K GB,T
BRAVIA 4K GB ATV3,T
BRAVIA 4K UR1,T
BRAVIA 4K UR2,T
BRAVIA 4K UR3,T
BRAVIA 4K VH2,T
BRAVIA 4K VH21,T
BRAVIA 4K VH22,T
BRAVIA BF1,T
BRAVIA CT1,T
BRAVIA DE1,T
BRAVIA TL,T
BRAVIA TL2,T
BRAVIA VH1,T
BRAVIA VU1,T
BRAVIA VU2,T
BRAVIA VU3,T
BRAVIA VU31,T
BRAVIS X500,T
BRC-AN00,T
BRC-NX1,T
BRIGHT 20,T
BRIGHT 3,T
BRIGHT 6,T
BRIO_X31,T
BRK7600SPL,T
BRN01,T
BRP-AN00,T
BRP-AN80,T
BRP-NX1,T
BRP-NX1M,T
BRP-NX3,T
BRT81,T
BS101,T
BS101_EEA,T
BS150,T
BS155,T
BS160,T
BS250,T
BS472,T
BS5214G,T
BS550,T
BS650,T
BS7,T
BS7-3G,T
BS7-BUTTERFLY,T
BS7-KIDS,T
BS701,T
BS703_EEA,T
BS801,T
BS9,T
BSC451,T
BSG1,T
BSM1,T
BSM2,T
BSM3,T
BSM4,T
BSN-AN00,T
BSS45,T
BSS50,T
BSTAR,T
BSTAR+,T
BT Home SmartPhone S II,T
BT-2000,T
BT-A2000,T
BT-A2000M,T
BT-A600,T
BT-A600M,T
BT-S50,T
BT10,T
BT1025SS,T
BT1124FW,T
BT1226SS,T
BT210,T
BT230,T
BT7 Pro,T
BT7X1,T
BT8X1,T
BTA500,T
BTA700,T
BTAB-7Q2,T
BTAB10,T
BTAB8M,T
BTG Phone X1,T
BTOUCH7_PLUS,T
BTPC-1023OC4G,T
BTPC-1024QC,T
BTPC-1025OC,T
BTPC-1027QC3G,T
BTPC-801QC,T
BTSL1,T
BTV-DL09,T
BTV-W09,T
BTXS1,T
BTXS1_1,T
BU01,T
BUB6R-3T,T
BUSH 10.1 TABLET,T
BUSH 5 Android,T
BUSH 7.0 TABLET,T
BUSH 7.85 TABLET,T
BUSH SPIRA B3 10 TABLET,T
BUSH SPIRA B3 5,T
BUSH SPIRA B3 5.5,T
BUSH SPIRA B3 8 TABLET,T
BUSH SPIRA B4 5,T
BUSH SPIRA B4 5.5,T
BUSH SPIRA B5 POWER,T
BUSH SPIRA B5.5 POWER,T
BUSH SPIRA D3 5,T
BUSH SPIRA D3 5.5,T
BUSH SPIRA D4 5,T
BUSH SPIRA D4 5.5,T
BUSH SPIRA E3X 5.5,T
BUSH SPIRA E4X,T
BUSH-TVE19L,T
BUSH-TVE19N,T
BUV7TBLT10A,T
BUZZ 1,T
BUZZ 1 Lite,T
BUZZ 1 Plus,T
BUZZ 2,T
BUZZ 2 Plus,T
BUZZ 3,T
BUZZ 3 Lite,T
BUZZ 3 Plus,T
BUZZ 4,T
BUZZ 4 Note,T
BUZZ 4 Prime,T
BUZZ 4 Ultra,T
BUZZ 4Lite,T
BUZZ 4Pro,T
BUZZ 4S,T
BUZZ 5 Lite,T
BUZZ 5 Note,T
BUZZ 5 Prime,T
BUZZ 5 Pro,T
BUZZ 5 Pro PLUS,T
BUZZ 5 Ultra,T
BUZZ 6 Flip,T
BUZZ 6 Prime,T
BUZZ 6 Prime PLUS,T
BUZZ 6 Pro,T
BUZZ 6 Pro PLUS,T
BUZZ 6 Ultra,T
BUZZ 7 GT,T
BUZZ 7 Lite,T
BUZZ 7 Note,T
BUZZ 7 Prime,T
BUZZ 7 Prime PLUS,T
BUZZ 7 Pro,T
BUZZ 7 Ultra,T
BUZZ_2,T
BV4000,T
BV4000Pro,T
BV4000Pro-RU,T
BV4800,T
BV4800 Pro,T
BV4800 SE,T
BV4900,T
BV4900Pro,T
BV4900s,T
BV5100,T
BV5100Pro,T
BV5200,T
BV5200 Pro,T
BV5300,T
BV5300 Plus,T
BV5300 Pro,T
BV5500,T
BV5500Plus,T
BV5500Pro,T
BV5800,T
BV5800 PRO,T
BV5800Pro_RU,T
BV5800_RU,T
BV5900,T
BV6000,T
BV6000S,T
BV6000S_RU,T
BV6000_RU,T
BV6100,T
BV6200,T
BV6200 Plus,T
BV6200 Pro,T
BV6300,T
BV6300Pro,T
BV6600,T
BV6600E,T
BV6600Pro,T
BV6800Pro,T
BV6800Pro_RU,T
BV6900,T
BV7000,T
BV7000 Pro,T
BV7100,T
BV7200,T
BV7300,T
BV8000Pro,T
BV8000Pro_RU,T
BV8100,T
BV8200,T
BV8800,T
BV8900,T
BV8900 Pro,T
BV9000,T
BV9000-F,T
BV9000-RU,T
BV9000Pro,T
BV9000Pro-F,T
BV9000Pro-RU,T
BV9100,T
BV9200,T
BV9300,T
BV9300 Pro,T
BV9500,T
BV9500-RU,T
BV9500Plus,T
BV9500Pro,T
BV9600,T
BV9600E,T
BV9600Pro,T
BV9700Pro,T
BV9800,T
BV9800Pro,T
BV9900,T
BV9900E,T
BV9900Pro,T
BVL-AN00,T
BVL-AN16,T
BVL-AN20,T
BVL-N49,T
BVL-N59,T
BVS 4K OTT 01,T
BW10RS,T
BW768,T
BW819E_CR,T
BW819E_SK,T
BX_D04,T
BYD100F,T
BYYBUO_SmartPad_A10,T
BYYBUO_SmartPad_T10,T
BZ01,T
BZ02,T
BZ03,T
BZA-L00,T
BZA-W00,T
BZK-L00,T
BZK-W00,T
BZT-AL00,T
BZT-AL10,T
BZT-W09,T
BZW-AL00,T
BZW-AL10,T
B_TAB1021,T
Baccara,T
Backpack-4,T
Backpack-4-Value,T
Backpack-5,T
Backpack-5-Value,T
Baker,T
Bangho_AERO7,T
Base_72_GO,T
Bauhn Android TV 2K,T
Bay,T
BboxTV,T
BboxTV-4A,T
BboxTV-4B,T
BeLeno_Neod_8,T
BeLeno_Turbo_101,T
BeNeLux,T
Beam,T
Bears,T
Beat,T
Becrypt Convex 430,T
Becrypt Indigo 430,T
Bee,T
Bee 3,T
Bee Lite,T
Beeline E400,T
Beeline E600,T
Beeline E700,T
Beeline Fast,T
Beeline Fast +,T
Beeline Fast HD,T
Beeline M2,T
Beeline Pro,T
Beeline Pro 2,T
Beeline Pro 4,T
Beeline Smart 2,T
Beeline Smart 3,T
Beeline Smart 4,T
Beeline Smart 5,T
Beeline Smart 6,T
Beeline Smart Dual,T
Beeline Smart2,T
Beeline Tab,T
Beeline Tab Fast 2,T
Beeline Tab Pro,T
Beeline_Pro_3,T
Beeline_Pro_6,T
Beeline_Tab_Fast,T
Beeline_Tab_IS,T
Beeta_4_0,T
Beetle7,T
Beko Nano QLED,T
Bell Streamer,T
Bella,T
Belle,T
BenQ A3c,T
BenQ A3s,T
BenQ F5,T
BenQ F55,T
BenQ F55J,T
BenQ T3,T
BenQGP01,T
BenQGV01,T
BenQTK001,T
BenQ_Digital_Signage_04,T
Benefit_M503,T
Benefit_M505,T
Benefit_M551,T
Benefit_M8,T
Benefit_M9,T
Benefit_Note_1,T
Benefit_S505,T
Bengal Max,T
Benji,T
Benny,T
Benny10,T
BennyM,T
Benten_T20,T
Benton_M10,T
Betacrux,T
Better10,T
Beyond,T
BeyondTV2,T
BeyondTV5,T
Big Bang e,T
BigTech D2,T
Bigtech_A_RU,T
Bigtech_B_RU,T
BilimBook mini,T
Binatone Homesurf744 / Hubble Smart7 (Homesurf744),T
Binatone Homesurf844 / Hubble Smart8 (Homesurf844),T
BioWolf_8RS,T
BioWolf_C,T
BioniQP116,T
Bison2021,T
Bit,T
Bitel B866V2FAS,T
Bitmore_Mobitab_8_4G,T
Bittium Tough Mobile,T
Bittium Tough Mobile 2,T
Black,T
Black 1,T
Black 3,T
Black 6,T
Black C Plus,T
Black C2,T
Black E2,T
Black G,T
Black G3,T
Black G4,T
Black G4S,T
Black G4S2,T
Black S,T
Black X,T
Black Z1,T
Black Z2,T
BlackTAB7,T
BlackTAB8_4G,T
BlackTab7_3G_V2,T
BlackZone Apex 5G,T
Black_5,T
Black_E,T
Black_G_2,T
Black_Z,T
Blackphone 2,T
Blade,T
Blade A3 2019,T
Blade A3 2019-T,T
Blade A3 2020-T,T
Blade A3 Plus,T
Blade A3 SE,T
Blade A30,T
Blade A31,T
Blade A310,T
Blade A410,T
Blade A460,T
Blade A465,T
Blade A475,T
Blade A5 2019-T,T
Blade A5 2020-T,T
Blade A51,T
Blade A510,T
Blade A511,T
Blade A52 Pro,T
Blade A7 2019-T,T
Blade A72s,T
Blade A76 5G,T
Blade A7S 2020-T,T
Blade A9 Pro 5G,T
Blade Apex,T
Blade Apex2,T
Blade C341,T
Blade G LTE,T
Blade G Lux,T
Blade G Pro,T
Blade GT,T
Blade GT Play,T
Blade GT Pro,T
Blade GT Ultra,T
Blade III,T
Blade L110,T
Blade L2,T
Blade L2 Plus,T
Blade L3,T
Blade L3 Lite,T
Blade L3 Plus,T
Blade L5,T
Blade L5 Plus,T
Blade Q Lux,T
Blade Q Maxi,T
Blade Q2,T
Blade S,T
Blade S Lite,T
Blade S6,T
Blade S6 Lite,T
Blade S6 Plus,T
Blade Super,T
Blade V+,T
Blade V580,T
Blade V6,T
Blade V6 Max,T
Blade V6 Plus,T
Blade Vec,T
Blade10,T
Blade10 Energy,T
Blade10 Max,T
Blade10 Power,T
Blade10 Pro,T
Blade10 Pro Energy,T
Blade10 Ultra,T
Blade10 Ultra Energy,T
Blade20,T
Blade20 Max,T
Blade20 Play,T
Blade20 Pro,T
Blade20 Pro Max,T
Blade20 Turbo,T
Blade20 Ultra,T
Blade_C5,T
Blade_C6,T
Blade_C7,T
Blast,T
Blaupunkt 2K Android TV,T
Blaupunkt 2KTV,T
Blaupunkt 4K Android TV,T
Blaupunkt 4K UHDTV,T
Blaupunkt Google TV,T
Blaupunkt SF02,T
Blaupunkt SL 01,T
Blaupunkt SL 02,T
Blaupunkt SL 04,T
Blaupunkt SM 01,T
Blaupunkt SM 05,T
Blaupunkt Smart TV,T
Blaupunkt_SM_02,T
Blaupunkt_TX60,T
Blaze,T
Blaze 3,T
Blaze G,T
Blaze N,T
Blaze_V4,T
Blink 10.1,T
Blitz,T
Block,T
Bloom4,T
BlueCash-05,T
BlueCash_05S,T
BlueS10,T
Blus_Sea_S25_Plus,T
Bluslate8,T
Bluslate9,T
Bmobile AX1010,T
Bmobile AX688+,T
Bmobile AX753,T
Bmobile AX927,T
Bmobile B61Pro,T
Bmobile X11,T
Bmobile_AX1091,T
Bmobile_AX685,T
Bmobile_AX810,T
Bmobile_AX921,T
Bmobile_B60Pro,T
Bmobile_T70,T
Bola,T
Bolt,T
Bolt 1,T
Bolt 1U,T
Bonvi Prime,T
Bonvi Pro,T
Boost,T
Boost Hypa,T
Boost Ultra,T
Boost View 5.0,T
Boost_Max,T
Boston 4G,T
Bouygtel4K,T
BouygtelTV,T
Bouygues Telecom Bs 351,T
Bouygues Telecom Bs 402,T
Bouygues Telecom Bs 403,T
Box 4K,T
Box HD,T
Box Q,T
Box R 4K,T
Box R 4K Plus,T
Box R Lite 4K,T
Bphone A Series,T
Bphone A40,T
Bphone A85 5G,T
Bphone B1111,T
Bphone B1112,T
Bphone B1114,T
Bphone B1115,T
Bphone B1116,T
Bphone B2017,T
Bphone B86,T
Bradshaw,T
BrailleNote Touch +,T
BrailleSensePolaris,T
Brave Ark,T
Breeze,T
Brilliant,T
BrioTouch,T
BrioTouch_BR,T
Brondi 620 SZ,T
Brondi_730_4G_HD,T
Bs 451,T
Bs 501,T
Bubblegum,T
Bucare Y330-U05,T
Bush 10 Android,T
Bush 10.0 MyTablet,T
Bush 4 Android,T
Bush 5 4G,T
Bush 5 Android,T
Bush 5.5 4G,T
Bush 7.0 MyTablet,T
Bush 8 Android,T
Bush 8 LTE Android,T
Bush 8.0 MyTablet,T
Bush Mytablet 2,T
Bush Spira B1 10.1,T
Bush Spira B1 8,T
Bush Spira B2 10 tablet,T
Bush Spira B2 7 tablet,T
Bush Spira B2 8 tablet,T
Bush Spira C2 5 Smartphone,T
Bush Spira D2 5.5 Smartphone,T
Bush Spira E2X 5 Smartphone,T
Bush10Nou,T
Business_4_G1,T
Buzz,T
Byybuo,T
C 38,T
C Bot Tab 100,T
C Bot Tab 70,T
C-4,T
C-6,T
C-601,T
C-603,T
C-700,T
C-705,T
C-708,T
C-710_PRO,T
C-710_PRO_MAX,T
C-710_R,T
C-One,T
C-Smart IIIS,T
C-Smart_Glam,T
C-Smart_pix,T
C-TABLET,T
C-eight,T
C-five,T
C00,T
C001,T
C01,T
C015OGN-WE1,T
C025OGN-WE1,T
C025RGN,T
C02AS,T
C02AS5,T
C02BB1,T
C045RGN,T
C1,T
C1 Lite,T
C1 Pro,T
C1+,T
C1-U02,T
C10,T
C10 Pro,T
C1004,T
C101,T
C101010 Ultra2,T
C103,T
C106,T
C106-6,T
C106-7,T
C106-8,T
C106-9,T
C107,T
C107-9,T
C108,T
C109,T
C10G,T
C10S,T
C10W_EEA,T
C10X,T
C11,T
C11_Pro,T
C11_S,T
C12,T
C12 Plus,T
C12 Pro,T
C13,T
C13 Pro,T
C14100,T
C15 Pro,T
C1504,T
C1505,T
C15100i,T
C15100m,T
C15150m,T
C16,T
C1604,T
C1605,T
C16_Pro,T
C17,T
C17 Mini,T
C17 Plus,T
C17 Pro,T
C18,T
C18W,T
C18W_EEA,T
C18_Plus,T
C18_Pro,T
C19,T
C19 Pro,T
C1904,T
C1905,T
C19W,T
C19W_EEA,T
C1B,T
C1M2BD_R1,T
C1_Pro,T
C2,T
C2 pro,T
C20,T
C20 Pro,T
C200-RM-RX1,T
C2004,T
C2005,T
C205,T
C20Pro,T
C20ProSE,T
C20_ROW,T
C21,T
C21 Plus,T
C21 Pro,T
C2104,T
C2105,T
C2107,T
C210AE,T
C22,T
C23 Pro,T
C2304,T
C2305,T
C24,T
C24L,T
C25,T
C26,T
C26 Mini,T
C27 Pro,T
C28,T
C29,T
C29_C_EEA,T
C3,T
C30,T
C30 Pro,T
C30D,T
C30_Pro,T
C30plus,T
C31,T
C31 Pro,T
C32,T
C32 Pro,T
C33,T
C330,T
C35,T
C36,T
C3668,T
C37,T
C38,T
C3_Pro,T
C4,T
C4 2019,T
C40,T
C400,T
C45,T
C450,T
C450_B,T
C5,T
C5 2019,T
C5 LTE,T
C5 MAX,T
C5 PLUS,T
C5 Plus,T
C50,T
C500,T
C51,T
C5120,T
C5121,T
C5155,T
C5170,T
C5215,T
C525c,T
C53,T
C5302,T
C5303,T
C5306,T
C55,T
C55 Pro,T
C5502,T
C5503,T
C57 Pro,T
C57 S,T
C58,T
C58 Pro,T
C59,T
C59 Pro,T
C5L,T
C5L 2020,T
C5L 2021,T
C5L MAX,T
C5L Max,T
C5L Mini,T
C5L PLUS,T
C5L Plus,T
C5L+ 2021,T
C5L1,T
C5L2,T
C5Pro,T
C5X,T
C5_EEA,T
C5_Pro,T
C6,T
C6 2019,T
C6 2020,T
C6 Pro,T
C60,T
C60 Pro,T
C60 Ultra,T
C600,T
C6000,T
C61,T
C61 CDMA,T
C61 Pro,T
C61A,T
C61P,T
C62,T
C62 CDMA,T
C62 Pro,T
C62A,T
C63,T
C63 Pro,T
C65,T
C65 Pro,T
C6502,T
C6503,T
C6506,T
C6522,T
C6522N,T
C6530,T
C6530N,T
C66,T
C6602,T
C6603,T
C6606,T
C6616,T
C67,T
C67 CDMA,T
C6725,T
C6730,T
C6740,T
C6740N,T
C6742,T
C6743,T
C6750,T
C68,T
C68 Plus,T
C6802,T
C6806,T
C6806_GPe,T
C6833,T
C6843,T
C69,T
C69 Pro,T
C6902,T
C6903,T
C6906,T
C6916,T
C6930,T
C6931,T
C6943,T
C6D,T
C6L,T
C6L 2020,T
C6L 2021,T
C6L Max,T
C6L Mini,T
C6Quad_4G,T
C6R,T
C6_Duo,T
C6x,T
C7,T
C7 MAX,T
C70,T
C71,T
C71 Pro,T
C72,T
C72 Pro,T
C72W,T
C72W_EEA,T
C73W,T
C74W_EEA,T
C75,T
C75W_EEA,T
C76W,T
C76W_EEA,T
C771,T
C77W,T
C77W_EEA,T
C7X,T
C7x,T
C8,T
C8 4G,T
C80,T
C80W,T
C80W_EEA,T
C811 4G,T
C81W,T
C81W_EEA,T
C82W,T
C82W_EEA,T
C83W,T
C83W_EEA,T
C84W,T
C85W,T
C85W_EEA,T
C8660,T
C8690,T
C86W,T
C86W_EEA,T
C8817D,T
C8Finger,T
C8P4,T
C9,T
C9 MAX,T
C90,T
C90 Pro,T
C90A,T
C95,T
C9660,T
C9D,T
C9H,T
CA-201L,T
CA-ET,T
CAB_TAB,T
CAG-L02,T
CAG-L03,T
CAG-L22,T
CAG-L23,T
CAL21,T
CAM-AL00,T
CAM-CL00,T
CAM-L03,T
CAM-L21,T
CAM-L23,T
CAM-L32,T
CAM-TL00,T
CAM-TL00H,T
CAM-U22,T
CAM-UL00,T
CAMELEON C5,T
CAMELEON_C5,T
CAMELEON_C6,T
CAMELEON_C6_PLUS,T
CANAL PLUS BOX,T
CANALATV1,T
CANDY Android TV 2K,T
CANDY MatrixTV BE,T
CANDY MatrixTV CE,T
CANDY MatrixTV DE,T
CANDY MatrixTV DR,T
CANDY MatrixTV EE,T
CANDY MatrixTV ER,T
CANDY MatrixTV GE,T
CANDY2,T
CAP-001M,T
CAPT-AN00,T
CARBON_PRO4543,T
CASEBOOK_3,T
CASIO WSD-F20,T
CASIO WSD-F20S,T
CASPER_L10_4.5G,T
CASPER_VIA_A2,T
CASPER_VIA_G1,T
CASPER_VIA_G1_Plus,T
CASPER_VIA_M3,T
CAST,T
CAW21T101,T
CB68,T
CC4PRO,T
CC605,T
CC610,T
CCBEK,T
CCHUB1,T
CD-8R545F0,T
CD-8V543F0,T
CD-8V543F2,T
CD-8V545F0,T
CDP7TAB4C8,T
CDP8TAB16SD,T
CDX,T
CE1-CID-16-4G-011,T
CE10402,T
CE10402-16,T
CE10412,T
CE10412-26,T
CE200,T
CE201,T
CE4S_Series,T
CEA1,T
CEA3,T
CEDTAB70616W8,T
CEH1,T
CEIBAL_HFP_LT,T
CEIBAL_HFP_LTH,T
CELL,T
CELL C EMPIRE E8,T
CELLC_Evolve,T
CELLC_Extreme,T
CELLC_Nitro,T
CEM1,T
CENTRIC S50G,T
CEPTERTAB101,T
CEPTERTAB1095,T
CEPTERTAB10E,T
CEPTERTAB10L,T
CEPTERTAB10S,T
CEPTERTABP12,T
CER2,T
CER3,T
CETAB10KML9,T
CETAB7ML9,T
CETAB9ML9,T
CF-TBC103S,T
CF10,T
CF550,T
CF8,T
CG65,T
CG65 Pro,T
CGA-W00,R
CGM-ESAT-2501,T
CGV_Ultimate T8,T
CG_EON_Blaze_Pro,T
CG_OMEGA6,T
CG_series,T
CH-101,T
CH10,T
CH10PLUS,T
CH10PROMAX,T
CH10_PRO,T
CHALK_2series,T
CHALLENGER AndroidTV,T
CHAMP,T
CHAT,T
CHC-U01,T
CHC-U03,T
CHC-U23,T
CHE-TL00,T
CHE-TL00H,T
CHERRY,T
CHG-W60,T
CHIPPY,T
CHIVAS_50,T
CHIVAS_55,T
CHM-CL00,T
CHM-TL00,T
CHM-TL00H,T
CHM-U01,T
CHM-UL00,T
CHMT52,T
CHN-UCAN MJ,T
CHOTT0102,T
CHROME LTE,T
CHSTB02,T
CHiQ AI Center,T
CI,T
CIAO,T
CIAP-01EU,T
CIGSEI100,T
CINEMAX INFINITY+,T
CINEMAX_INFINITY,T
CINEMAX_INFINITY_BLAZE,T
CINEMAX_PRIME,T
CINK FIVE,T
CINK KING,T
CINK PEAX,T
CINK SLIM,T
CINK SLIM 2,T
CINKPLUS,T
CITI 10 E402 4G CS1235PL,T
CITI 13 X703 4G CS3242ML,T
CITI 1312C 4G CS1272PL,T
CITI 1532 3G CS1144MG,T
CITI 1576 3G CS1194MG,T
CITI 1577 3G CS1195MG,T
CITI 1578 4G CS1196ML,T
CITI 1590 3G CS1207MG,T
CITI 1593 3G CS1210MG,T
CITI 3000 4G CS3001ML,T
CITI 609 4G CS6063ML,T
CITI 7 E401 4G CS7234PL,T
CITI 7507 4G CS7113PL,T
CITI 7575 3G CS7193MG,T
CITI 7587 3G CS7204MG,T
CITI 7591 3G CS7208MG,T
CITI 8 E400 4G CS8231PL,T
CITI 8313C 4G CS8268PL,T
CITI 8443E 4G CS8271PL,T
CITI 8531 3G CS8143MG,T
CITI 8589 3G CS8206MG,T
CITI Kids 10 CS1232MG,T
CITI Kids 80 CS8239RW,T
CITI Kids 81 CS8233MG,T
CITI Kids CS7216MG,T
CITI Octa 10 CS1219PL,T
CITI Octa 70 CS7217PL,T
CITI Octa 80 CS8218PL,T
CITI_13_X703_4G_CS3242ML,T
CITI_1508_4G_CS1114ML,T
CITI_1544_3G_CS1154MG,T
CITI_7507_4G_CS7113PL,T
CITI_7543_3G_CS7153MG,T
CITI_7586_3G_TS7203MG,T
CITI_8527_4G_CS8139ML,T
CITI_8542_4G_CS8152ML,T
CITI_8588_3G_CS8205PG,T
CITY,T
CITY4,T
CITY5,T
CITY55,T
CJ-1984,T
CK07T,T
CK2-01,T
CK3-01,T
CK3-M1,T
CK62,T
CK65,T
CK67,T
CKT3,T
CK_HYYT,T
CLARMIN C1,T
CLEMPAD10_2023,T
CLEMPADCALL,T
CLEMPAD_2018,T
CLEMPAD_2019,T
CLEO_SERIES,T
CLEVER 1,T
CLEVER 3,T
CLIK,T
CLK-LX1,T
CLK-LX2,T
CLK-LX3,T
CLK-NX1,T
CLK-NX2,T
CLK-NX3,T
CLP293,T
CLT-AL00,T
CLT-AL00l,T
CLT-AL01,T
CLT-L04,T
CLT-L09,T
CLT-L29,T
CLT-TL00,T
CLT-TL01,T
CM-7600,T
CM08,T
CM10,T
CM14000Plus,T
CM17,T
CM17XA,T
CM17XA_EEA,T
CM20,T
CM4331,T
CM450XA,T
CM4805,T
CM4806,T
CM4861,T
CM76,T
CM77,T
CM81,T
CM82,T
CM826,T
CM90,T
CM91_EEA,T
CM92,T
CM93,T
CM990,T
CMA-LX1,T
CMA-LX2,T
CMA-LX3,T
CMB405,T
CMB501,T
CMB510,T
CMCC M970,T
CMC_AL10,T
CMP 756,T
CMP 759,T
CMP748,T
CMP749,T
CMP791,T
CMP793,T
CMP797,T
CMP798,T
CMP821,T
CMP823,T
CMP826,T
CMP828,T
CMP834,T
CMP837,T
CMP838,T
CMP840,T
CMP846,T
CMP_765,T
CMR-AL09,T
CMR-AL19,T
CMR-W09,T
CMR-W19,T
CN51 NC0,T
CN51 NCF,T
CN51 NCU,T
CN51 NN0,T
CN51 QC0,T
CN51 QCF,T
CN51 QCU,T
CN51 QN0,T
CN80,T
CN85,T
CNPC Security Pad S1,T
CNT07002,T
CNTV Plus Smart Box,T
COL 2K SMART TV,T
COL 4K SMART TV,T
COL-A0,T
COL-AL00,T
COL-AL10,T
COL-L29,T
COL-TL10,T
COLOR 6,T
COLOR 8,T
COLORS,T
COMBUS_IB,T
COMBUS_IB2,T
COMBUS_IB3,T
COMEK C10,T
COMEK Pad,T
COMEK Pad 10,T
COMEK SMART 20Pro,T
COMEK Tab,T
COMEK Tab 10,T
COMEK Tab 20,T
COMEK Tab K,T
COMEK Tab K2,T
COMEK smart 10,T
COMEK_Smart20,T
COMET,T
COMET_TG06,T
COMIO C1,T
COMIO C2,T
COMIO P1,T
COMIO S1,T
COMIO S1 Lite,T
COMPAQ ANDROID 2K TV,T
COMPAQ ANDROID 4K TV,T
COMPAQ SMART 2K TV,T
COMPAQ SMART 4K TV,T
CONNECT_22,T
CONQUEST S21,T
CONQUEST-S23,T
CONSTELLATION X,T
CON_102,T
COOL2,T
COOLMINTT NIU,T
COOLMINTT P3,T
COOLMINTT RIVAL 3,T
COOLMINTT X10,T
COOLMINTT X7,T
COOLMINTT X9,T
COOLPAD C202,T
COOLPAD C203,T
COOLPIX S800c,T
COOLPIX S810c,T
COR-AL00,T
COR-AL10,T
COR-L29,T
COR-TL10,T
CORE-M4,T
CORE-M4 GO,T
CORE_X,T
CORN Note1,T
CORN R10,T
CORN R20,T
CORN R60,T
CORN Star8,T
CORN X5,T
CORN X55,T
COSMAS T,T
COSMAS X,T
COSMAS_TF,T
COSMIQ_GLIDE_SERIES,T
COSMIQ_IFP_Series,T
COSMO,T
COSMO L808,T
COSMO M2 PRO,T
COSMO_B6,T
COSMO_B6_TG,T
COSMO_L707,T
COUPLE,T
COVET,T
COVET PLUS,T
COVET PRO,T
COVET X,T
COVET Z,T
COVET mini,T
COVET_PRO_LITE,T
CP-518,T
CP-519,T
CP-860,T
CP-860S,T
CP-D403,T
CP-DX650,T
CP-DX70,T
CP-DX80,T
CP-G3,T
CP-J55a,T
CP-J55aW,T
CP-K19,T
CP-L45s,T
CP-MUD-M721,T
CP-VL5A,T
CP-W5s,T
CP03,T
CP05,T
CP05_CM05_series,T
CP07,T
CP08-C1,T
CP08-C2,T
CP08-J2,T
CP08_C1,T
CP08_J1,T
CP093,T
CP1,T
CP10,T
CP10-J1,T
CP10-proK,T
CP101P,T
CP10K_Pro,T
CP10S,T
CP10SPro,T
CP10S_Pro,T
CP10_Pro,T
CP11_J1,T
CP12,T
CP12-J1,T
CP12Q,T
CP12p,T
CP12s,T
CP12t,T
CP20,T
CP20S,T
CP20_EEA,T
CP20_GOLD,T
CP20_MAX,T
CP20_PRO,T
CP30,T
CP31,T
CP31-4T,T
CP31M,T
CP31U,T
CP31W,T
CP32,T
CP32t,T
CP3503L,T
CP3504L,T
CP3667AT,T
CP3669AS,T
CP36t,T
CP3700A,T
CP3706AS,T
CP600,T
CP6001A,T
CP70K,T
CP70KS,T
CP70K_EEA,T
CP80,T
CP80K,T
CP80KS,T
CP81,T
CP81S_PRO,T
CP8298_M02,T
CP8676_I03,T
CP90,T
CPE91,T
CPH1605,T
CPH1605fw,T
CPH1607,T
CPH1607fw,T
CPH1609,T
CPH1609fw,T
CPH1611,T
CPH1613,T
CPH1613fw,T
CPH1701,T
CPH1701fw,T
CPH1705,T
CPH1705fw,T
CPH1707,T
CPH1707fw,T
CPH1715,T
CPH1717,T
CPH1719,T
CPH1721,T
CPH1723,T
CPH1725,T
CPH1727,T
CPH1729,T
CPH1801,T
CPH1803,T
CPH1805,T
CPH1807,T
CPH1808,T
CPH1809,T
CPH1819,T
CPH1821,T
CPH1823,T
CPH1825,T
CPH1827,T
CPH1831,T
CPH1833,T
CPH1835,T
CPH1837,T
CPH1851,T
CPH1853,T
CPH1859,T
CPH1861,T
CPH1871,T
CPH1875,T
CPH1877,T
CPH1879,T
CPH1881,T
CPH1893,T
CPH1901,T
CPH1903,T
CPH1905,T
CPH1907,T
CPH1909,T
CPH1911,T
CPH1913,T
CPH1915,T
CPH1917,T
CPH1919,T
CPH1919RU,T
CPH1920,T
CPH1921,T
CPH1923,T
CPH1931,T
CPH1933,T
CPH1937,T
CPH1938,T
CPH1941,T
CPH1943,T
CPH1945,T
CPH1951,T
CPH1955,T
CPH1969,T
CPH1979,T
CPH1983,T
CPH1987,T
CPH1989,T
CPH2001,T
CPH2005,T
CPH2009,T
CPH2013,T
CPH2015,T
CPH2021,T
CPH2023,T
CPH2025,T
CPH2031,T
CPH2035,T
CPH2036,T
CPH2037,T
CPH2043,T
CPH2059,T
CPH2061,T
CPH2065,T
CPH2067,T
CPH2069,T
CPH2071,T
CPH2073,T
CPH2077,T
CPH2081,T
CPH2083,T
CPH2089,T
CPH2091,T
CPH2095,T
CPH2109,T
CPH2113,T
CPH2119,T
CPH2121,T
CPH2123,T
CPH2125,T
CPH2127,T
CPH2131,T
CPH2133,T
CPH2135,T
CPH2137,T
CPH2139,T
CPH2145,T
CPH2159,T
CPH2161,T
CPH2173,T
CPH2179,T
CPH2185,T
CPH21859,T
CPH2195,T
CPH2197,T
CPH2199,T
CPH2201,T
CPH2203,T
CPH2205,T
CPH2207,T
CPH2209,T
CPH2211,T
CPH2213,T
CPH2217,T
CPH2219,T
CPH2223,T
CPH2235,T
CPH2237,T
CPH2239,T
CPH2241,T
CPH2247,T
CPH2249,T
CPH2251,T
CPH2263,T
CPH2269,T
CPH2271,T
CPH2273,T
CPH2275,T
CPH2285,T
CPH2293,T
CPH2303,T
CPH2305,T
CPH2307,T
CPH2309,T
CPH2321,T
CPH2325,T
CPH2339,T
CPH2341,T
CPH2343,T
CPH2351,T
CPH2353,T
CPH2357,T
CPH2359,T
CPH2363,T
CPH2365,T
CPH2371,T
CPH2381,T
CPH2385,T
CPH2387,T
CPH2399,T
CPH2401,T
CPH2407,T
CPH2409,T
CPH2411,T
CPH2413,T
CPH2415,T
CPH2417,T
CPH2419,T
CPH2421,T
CPH2423,T
CPH2437,T
CPH2447,T
CPH2449,T
CPH2451,T
CPH2455,T
CPH2457,T
CPH2459,T
CPH2461,T
CPH2465,T
CPH2467,T
CPH2471,T
CPH2473,T
CPH2477,T
CPH2481,T
CPH2483,T
CPH2487,T
CPH2491,T
CPH2493,T
CPH2495,T
CPH2499,T
CPH2505,T
CPH2513,T
CPH2515,T
CPH2519,T
CPH2521,T
CPH2523,T
CPH2525,T
CPH2527,T
CPH2529,T
CPH2531,T
CPH2541,T
CPH2551,T
CPH2553,T
CPH2557,T
CPH2565,T
CPH2573,T
CPH2577,T
CPH2579,T
CPH2581,T
CPH2583,T
CPH2585,T
CPH2591,T
CPH2599,T
CPH2603,T
CPH2605,T
CPH2607,T
CPH2609,T
CPH2611,T
CPH2613,T
CPH2617,T
CPH2619,T
CPH2621,T
CPH2625,T
CPH2629,T
CPH2631,T
CPH2637,T
CPH2639,T
CPH2641,T
CPH2643,T
CPH2645,T
CPH2647,T
CPH2649,T
CPH2651,T
CPH2653,T
CPH2655,T
CPH2659,T
CPH2661,T
CPH2663,T
CPH2665,T
CPH2667,T
CPH2669,T
CPH2671,T
CPH2681,T
CPH2683,T
CPH2687,T
CPH2689,T
CPH2691,T
CPH2693,T
CPH2695,T
CPH2697,T
CPH2699,T
CPH2701,T
CPH2705,T
CPH2707,T
CPH2709,T
CPH2711,T
CPH2717,T
CPH2719,T
CPH2721,T
CPH2723,T
CPH2725,T
CPH2727,T
CPH2729,T
CPH2731,T
CPH2733,T
CPH2735,T
CPH2737,T
CPH2739,T
CPH2743,T
CPH2745,T
CPH2747,T
CPH2749,T
CPH2751,T
CPH2753,T
CPH2755,T
CPH2757,T
CPH2759,T
CPH2761,T
CPH2763,T
CPH2765,T
CPH2767,T
CPH2769,T
CPH2771,T
CPH2773,T
CPH2777,T
CPH2781,T
CPH2783,T
CPH2785,T
CPH2789,T
CPH2791,T
CPH2793,T
CPH2795,T
CPH2797,T
CPH2799,T
CPH2801,T
CPH2805,T
CPH2807,T
CPH2811,T
CPH2813,T
CPH2815,T
CPH2817,T
CPH2819,T
CPH2821,T
CPH2823,T
CPH2825,T
CPH2827,T
CPH2831,T
CPH2835,T
CPH2841,T
CPH2847,T
CPH2849,T
CPH2851,T
CPH2853,T
CPH2859,T
CPH2863,T
CPH2865,T
CPH2869,T
CPH2871,T
CPH2873,T
CPH2889,T
CPH2891,T
CPH2895,T
CPH2943,T
CPH2955,T
CPH2967,T
CPH2971,T
CPH3669,T
CPN-AL00,T
CPN-L09,T
CPN-W09,T
CPhone17 Pro Max 4G,T
CQ,T
CQA1019_EEA,T
CQS1084LKA01,T
CR4900,T
CRAZE,T
CREA_86135_Series,T
CREA_LEAP_Series,T
CREMA0810T,T
CRO-L02,T
CRO-L03,T
CRO-L22,T
CRO-L23,T
CRO-U00,T
CRO-U23,T
CROWNTAB8,T
CRT-LX1,T
CRT-LX2,T
CRT-LX3,T
CRT-NX1,T
CRT-NX3,T
CRTB7001,T
CRUISE GeP,T
CRUISE1,T
CRUISE2,T
CRUISE2 5G,T
CRUISE2 5GA,T
CRUISE3,T
CRUSH_X565,T
CS-1A13,T
CS10L_PRO,T
CS180,T
CS20,T
CS22,T
CS22XA,T
CS22XA_EEA,T
CS24,T
CS28,T
CS30,T
CS32,T
CS40,T
CS45XA,T
CS45XA_EEA,T
CS50,T
CS50C,T
CS50S,T
CS790Pro,T
CSAP04011,T
CSD-ELINK2,T
CSD-TXT2,T
CSL_Spice_MI700,T
CSTAAP8D,T
CSV2K,T
CSV4K,T
CT-M11,T
CT-T15G,T
CT-V200,T
CT1,T
CT10,T
CT10-W0C3,T
CT1000,T
CT1001,T
CT101,T
CT1010,T
CT1020W,T
CT1030,T
CT1056_32GB,T
CT1080,T
CT1085_32GB,T
CT201,T
CT202,T
CT211,T
CT212,T
CT2200,T
CT3,T
CT301T,T
CT301_W818,T
CT302T,T
CT30P,T
CT311T,T
CT32,T
CT37,T
CT4,T
CT40,T
CT45,T
CT45P,T
CT47,T
CT50,T
CT58S,T
CT60,T
CT7,T
CT70,T
CT710,T
CT726,T
CT730,T
CT735_16GB,T
CT756_16GB,T
CT8,T
CT820,T
CT825,T
CT826,T
CT8X2,T
CT8XEU,T
CT9973W43M,T
CT9A03W23,T
CT9A06P23,T
CT9B83W12,T
CTA Q7,T
CTAB-1044,T
CTAB-MAX,T
CTAB1044hn,T
CTABERA101,T
CTABERAV2,T
CTABEVOP12,T
CTABLOTUS11KB,T
CTABLOTUSV2,T
CTABNEXA10V2,T
CTABNEXT10C,T
CTABNEXT10S,T
CTABNEXUS,T
CTABNEXUS6128,T
CTABNEXUS8128,T
CTABNEXUSC,T
CTABNEXUSG,T
CTABNEXUSP,T
CTABNEXUSW,T
CTABTERRA128,T
CTABTERRA256,T
CTABTITAN12,T
CTB1016G,T
CTB761,T
CTGED01,T
CTGED02,T
CTGED03,T
CTITANULTRAX,T
CTI_NEXT_TDED_S10,T
CTLPlayer,T
CTP300,T
CTP900,T
CTRONIQ-SNOOK-X10,T
CTRONIQ-SNOOK-X10L,T
CTRONIQ-SNOOK-X10S,T
CTV 4K BOX,T
CT_Cosmas_V,T
CUBE_LTE,T
CUBOT A5,T
CUBOT CHEETAH 2,T
CUBOT DINOSAUR,T
CUBOT ECHO,T
CUBOT H3,T
CUBOT J3 PRO,T
CUBOT J9,T
CUBOT MAGIC,T
CUBOT MAX,T
CUBOT NOTE Plus,T
CUBOT R11,T
CUBOT R9,T
CUBOT X18,T
CUBOT_J3,T
CUBOT_MANITO,T
CUBOT_NOTE_S,T
CUBOT_NOVA,T
CUBOT_POWER,T
CUBTAB_1001,T
CUN-AL00,T
CUN-L22,T
CUN-TL00,T
CUSTOM_G700,T
CUTE 5,T
CVC-A0,T
CVC-M0,T
CW-SPCM,T
CW01,T
CW45,T
CWELL M10,T
CWM19,T
CX-508,T
CX75 AC0,T
CX75 AN0,T
CX75 NC0,T
CX75 NCF,T
CX75 QC0,T
CX75 QCF,T
CX9011,T
CX940,T
CYBORG001,T
CYCLONE_ODYSSEY,T
CYGNUS,T
CYGNUSX,T
CZ701,T
C_Note,T
C_Note_Pro,T
Cabana,T
Cable,T
Caixun 2K,T
Caixun Android TV,T
Calendar+,T
Calendar2,T
Calendar2_16,T
Calendar2_24,T
Calendar2_32,T
Calendar3_32,T
CalendarPlus3_24,T
Calendar_Go,T
Calgary,T
Calltab10.1,T
Calltab2GB10,T
Calltab7inch,T
CamPad_P7,T
Camelio Family tablet,T
Candy,T
Candy_Pro,T
Captiva Pad 10 3G Plus,T
Capture+,T
Car on x86_64 emulator,T
Carbon 1 Mark II,T
Carl,T
Casper AndroidTV,T
Casper_S38,T
Casper_VIA_A6108,T
Cat S75,T
Cavion Base 7.2 Quad,T
Cavion_Base_5_0,T
Cavion_Solid_4_5,T
Cedar CT8,T
Celero3 5G,T
Celero3 5G+,T
Celero5G,T
Celia,T
Celkon C10STAR,T
Cell_C_Fame,T
Cell_C_Summit_Plus,T
Cellacom_S62,T
Cellcom 4G,T
Celtiis Smart 2,T
Celtiis Smart 3,T
Centric CM3331,T
Centric L4,T
Chacer,T
Chagall 10.1 WiFi,T
Chameleon_8_A13,T
ChampionPro,T
Charge,T
Charis_Series,T
Che1-CL10,T
Che1-CL20,T
Che1-L04,T
Che2-L11,T
Che2-L12,T
Che2-L23,T
Che2-TL00,T
Che2-TL00H,T
Che2-TL00M,T
Che2-UL00,T
Chenoa,T
CherryRoam,T
Cherry_Mobile_Touch_HD,T
Cherry_X740,T
Chessnut_Companion,T
Chrome LTE,T
Chromebox Reference,T
Chronos_10,T
ChurchDeskP1,T
CinePad_13,T
Cinema,T
Cintiq Companion Hybrid 13HD,T
CipherLab RS30,T
Cirrus 6,T
Cirrus_C2,T
City,T
CityXL,T
Claro 4k advanced,T
Claro Colombia STB,T
Claro STB,T
Claro TV+ Mini,T
Class_C250,T
Classic,T
Classic_Pro,T
Clear,T
ClemPhone,T
ClemPhone_7,T
Clempad2_XL,T
Clempad2_plus,T
Clempad2_special,T
Clempad_6,T
Clempad_6_S,T
Clempad_6_XL,T
Clempad_7_S,T
Clempad_8,T
Clempad_HR,T
Clempad_HR_Plus,T
Clempad_HR_XL,T
CliQ2,T
Click,T
ClickTabDSh18,T
Clik plus,T
Cloud Q11 4G,T
Cloud_Q11_4G,T
Cmi,T
Cobalt,T
Cobalt-T7_3G,T
Cobalt_SM_5,T
Cobalt_SM_55,T
Cobalt_SM_6,T
Cobalt_T10_3G,T
Cobalt_T10_wifi,T
Cobalt_T7_wifi,T
Cobia 2K Android TV,T
Cobia 4K Android TV,T
Cobra,T
Coco10_Ultra_4G,T
Coco20_Ultra_4G,T
Colombia_2018,T
Colors P45,T
Colors P50 Plus,T
Colors P65,T
Colors S1,T
Colors S11,T
Colors S9,T
Colossus_4,T
Comet,T
Comet_O118LR,T
Comet_SP5002G,T
Comio C1 Pro,T
Comio C2 Lite,T
Comio X1,T
CommBox_Classic_S5,T
Commtiva-N700,T
Compact,T
Compact_E2_Plus,T
Compaq_Q3,T
Compumax Blue,T
CompumaxBlue,T
Compumax_Blue_6030-805-0001,T
Concord M15,T
Concord_M20,T
Concord_RANGE_HS,T
Concord_Range_S9,T
Condroid_X7,T
ConeXis A1,T
ConeXis X1,T
ConeXis X2,T
Connect 451,T
Connect 5,T
Connect12V21,T
Connect12V21_EEA,T
Connect4G,T
Connect502,T
Connect503,T
Connect504,T
Connect551,T
ConnectPro,T
ConnectPro_L,T
Constellation V,T
Continental 2K Android TV,T
Continental 4K Android TV,T
Continental Android TV,T
Continental Edison Android TV,T
ContinentalEdison 2K Android,T
ContinentalEdison 2K Android TV,T
ContinentalEdison 4K Android,T
ContinentalEdison 4K Android TV,T
Cool Duo,T
CoolMintt Blaze 2,T
CoolMintt Rival,T
CoolMintt Rival 2,T
CoolMinttA3,T
CoolMinttA5,T
CoolMinttBlaze,T
CoolMinttDUO3,T
CoolMinttM2,T
CoolMinttTribe,T
Cool_Extreme_2,T
Coolmini,T
Coolmintt_P2,T
Coolpad 3300A,T
Coolpad 3310A,T
Coolpad 3320A,T
Coolpad 3503I,T
Coolpad 3600I,T
Coolpad 3622A,T
Coolpad 3623A,T
Coolpad 3632A,T
Coolpad 5108,T
Coolpad 5109,T
Coolpad 5200,T
Coolpad 5210A,T
Coolpad 5216D,T
Coolpad 5217,T
Coolpad 5218S,T
Coolpad 5219,T
Coolpad 5219_C00,T
Coolpad 5267,T
Coolpad 5270,T
Coolpad 5310,T
Coolpad 5315,T
Coolpad 5367,T
Coolpad 5367C,T
Coolpad 5370,T
Coolpad 5380CA,T
Coolpad 5872,T
Coolpad 5879T,T
Coolpad 5891,T
Coolpad 5891Q,T
Coolpad 5891S,T
Coolpad 5892,T
Coolpad 5950,T
Coolpad 5950T,T
Coolpad 5951,T
Coolpad 5952,T
Coolpad 7061,T
Coolpad 7230S,T
Coolpad 7232,T
Coolpad 7236,T
Coolpad 7251,T
Coolpad 7270,T
Coolpad 7270_W00,T
Coolpad 7275,T
Coolpad 7295+,T
Coolpad 7295A,T
Coolpad 7295C,T
Coolpad 7295C_C00,T
Coolpad 7295T,T
Coolpad 7296,T
Coolpad 7296S,T
Coolpad 7298A,T
Coolpad 7298D,T
Coolpad 7320,T
Coolpad 7620L,T
Coolpad 8021,T
Coolpad 8079,T
Coolpad 8089,T
Coolpad 8089Q,T
Coolpad 8122,T
Coolpad 8198W,T
Coolpad 8297D,T
Coolpad 8297L-I00,T
Coolpad 8297W,T
Coolpad 8705,T
Coolpad 8712,T
Coolpad 8718,T
Coolpad 8720L,T
Coolpad 8722,T
Coolpad 8722V,T
Coolpad 8729,T
Coolpad 8730L,T
Coolpad 8735,T
Coolpad 8736,T
Coolpad 8737A,T
Coolpad 8970L,T
Coolpad 8971,T
Coolpad 9150W,T
Coolpad 9190L,T
Coolpad 9190_T00,T
Coolpad 9250L,T
Coolpad 9970,T
Coolpad 9970L,T
Coolpad 9976A,T
Coolpad A520,T
Coolpad A8,T
Coolpad A8-831,T
Coolpad A8-930,T
Coolpad A8-931,T
Coolpad A8-931N,T
Coolpad A8-932,T
Coolpad B770,T
Coolpad B770S,T
Coolpad CM001,T
Coolpad COR-I0,T
Coolpad CP3503I,T
Coolpad E502,T
Coolpad E503,T
Coolpad E561,T
Coolpad E561_EU,T
Coolpad E570,T
Coolpad E571,T
Coolpad E580,T
Coolpad Flo,T
Coolpad R106,T
Coolpad R108,T
Coolpad R116,T
Coolpad T1,T
Coolpad Y72-921,T
Coolpad Y803-8,T
Coolpad Y803-9,T
Coolpad Y83-900,T
Coolpad Y83-I00,T
Coolpad Y891,T
Coolpad Y90,T
Coolpad Y91-921,T
Coolpad Y92-9,T
Coolpad7920,T
Coolpad8085Q,T
Coolpad8198T,T
Coolpad8295M,T
Coolpad8750,T
Coolpad8908,T
Coolpad_2041,T
Coolpad_2041_S0,T
Coolpad_2041_T3,T
Coolpad_2041_U0,T
Coolpad_5218D,T
Coral 4,T
Coral Neural 3,T
Core,T
Core-M5,T
Core-M6,T
Core-T4,T
Core-T4 Neo,T
Core-T5,T
Core-X3,T
Core-X4,T
Core-X4 Neo,T
Core-X5,T
Core-Z5,T
Cosmas,T
Cosmic,T
Cosmo LTE,T
Cosmo LTE_1,T
Cosmo_Communicator,T
Cosmos,T
Cosmos U,T
Cosmote Smart Share,T
Cosmote Xplore,T
Cozy,T
Cpad10,T
Cpad10EEA,T
Craft,T
Crane1-16,T
Crane1-21_27_32,T
CreaPad_1002A,T
CreaPad_1002A_EEA,T
CreaPad_1005,T
CreaPad_1005_EEA,T
CreaPad_1009,T
CreaPad_1009A,T
CreaPad_1009A_EEA,T
CreaPad_1009S,T
CreaPad_1009S_EEA,T
CreaPad_1009_EEA,T
Crown Mustang 2K Android TV,T
Crown Mustang 4K Android TV,T
Crown Mustang 4K TV,T
Crusader,T
Ctab 12,T
Ctab 12_EEA,T
Ctab14EEA,T
Ctroniq_Snook_B70,T
Ctroniq_Snook_W10,T
Ctroniq_Snook_W70,T
Cumulus_5.5_HD,T
Cumulus_5_HD,T
Cumulus_6_HD,T
Curve,T
Cyber 11,T
Cyber 13,T
Cyber 13 Pro,T
Cyber 15,T
Cyber 16 Pro,T
Cyber 17,T
Cyber 18,T
Cyber 7,T
Cyber 8,T
Cyber 9 Pro,T
Cyber DOG 4G,T
Cyber X,T
Cyber X Pro,T
Cybook-Tablet,T
Cyclone_C4,T
Cygnal Evo,T
Cygnal Prime,T
Cygnal X,T
Cygnus,T
Cygnus mini,T
Cygnus45,T
Cygnus_mini,T
Cynus E7,T
Cynus F3,T
Cynus F4,T
Cynus T2,T
Cynus T5,T
Cynus T6,T
Cynus_E8,T
Cynus_F10,T
Cynus_F9_4G,T
Cypher,T
Cypher C10,T
Cypher C20,T
Cypher C50,T
Cypher C70,T
D,T
D-805XATV HD,T
D00,T
D000-000001-B01,T
D000-000001-B02,T
D000-000001-C01,T
D000-000001-K01,T
D000-000001-R01,T
D000-000001-R02,T
D000-000001-R03,T
D000-000001-R04,T
D000-000001-S00,T
D000-000001-S01,T
D000-000001-S05,T
D000-000001-S25,T
D000-000001-S85,T
D000-000002-001,T
D000-000002-W01,T
D000-000002-W02,T
D000-000007-D01,T
D000-000010-N,T
D000-000011-N,T
D000-000013-101,T
D000-000018-001,T
D000-000018-002,T
D000-000018-003,T
D000-000018-004,T
D000-000018-101,T
D000-000018-102,T
D000-000018-104,T
D000-000019-001,T
D000-000019-002,T
D0068,T
D01,T
D0480,T
D08,T
D1,T
D10,T
D101,T
D1018,T
D101_EEA,T
D101_PRO,T
D102,T
D103,T
D103_EEA,T
D103_US,T
D105,T
D105_EEA,T
D106,T
D106_EEA,T
D107,T
D108,T
D108_EEA,T
D109_EEA,T
D11,T
D110,T
D113,T
D113_EEA,T
D115,T
D115_EEA,T
D117_EEA,T
D118,T
D118_EEA,T
D11_EEA,T
D121,T
D121_EEA,T
D1221,T
D122_EEA,T
D122_US,T
D123,T
D123_EEA,T
D125,T
D125_EEA,T
D126,T
D126_EEA,T
D126_PRO_US,T
D126_TAB,T
D126_TAB_EEA,T
D131,T
D131_eea,T
D135,T
D136,T
D136_EEA,T
D138,T
D138_EEA,T
D1MAX,T
D1_Pro,T
D2,T
D2-721G,T
D2-727,T
D2-751G,T
D2-927G,T
D2-961G,T
D2-M,T
D2004,T
D2005,T
D21,T
D2104,T
D2105,T
D2114,T
D2120,T
D2130,T
D2140,T
D2150,T
D2160,T
D2202,T
D2203,T
D2206,T
D2212,T
D2241,T
D2243,T
D2302,T
D2303,T
D2305,T
D2306,T
D2325,T
D2342,T
D2351,T
D2403,T
D2406,T
D2421,T
D2425,T
D2426,T
D2502,T
D2533,T
D26,T
D2861,T
D2G,T
D2_EEA,T
D2_Pro,T
D2_US,T
D3,T
D3 MINI,T
D3 PRO,T
D30,T
D3_EEA,T
D3_EU,T
D3_US,T
D3_V_EEA,T
D3_V_US,T
D40,T
D4112,T
D45,T
D455,T
D4_Interactive_Display,T
D5,T
D5 Pro,T
D5-EEA,T
D5-EU,T
D5-L,T
D5-T-EEA,T
D5-T-US,T
D5-US,T
D500,T
D5000,T
D504,T
D50L,T
D50PRO,T
D50PROL,T
D510,T
D5102,T
D5103,T
D5106,T
D5303,T
D5306,T
D5316,T
D5316N,T
D5322,T
D5503,T
D55L,T
D5788,T
D58,T
D5803,T
D5833,T
D5L,T
D5S,T
D5_EEA,T
D5_US,T
D6,T
D6 Lite,T
D6 Pro,T
D6 SE,T
D60 Pro,T
D600,T
D6000,T
D601L,T
D60LX,T
D61L,T
D6502,T
D6503,T
D6543,T
D6563,T
D65L,T
D65LX,T
D6603,T
D6616,T
D6633,T
D6643,T
D6646,T
D6653,T
D6683,T
D6708,T
D68,T
D68S,T
D6_EEA,T
D6_US,T
D7,T
D70,T
D701,T
D70R,T
D711HC_PG,T
D718,T
D75E,T
D7911L3BC_OGS,T
D7PRO,T
D7_EEA,T
D7_US,T
D8,T
D809ProPlus,T
D8109N,T
D819,T
D820,T
D820X,T
D9,T
D9PRO,T
DA10,T
DA220HQL,T
DA221HQL,T
DA222HQL,T
DA222HQLA,T
DA223HQL,T
DA226HQ,T
DA241HL,T
DA245HQL,T
DA251Q,T
DA300EX,T
DA323EO,T
DAA730R,T
DAA738R,T
DAC41F,T
DAC51U,T
DADA1319D,T
DAE75P,T
DAEWOO SMART TV,T
DAHUA 2K SMART TV,T
DAIWA 2K SMART TV,T
DAIWA SMART TV,T
DANDY,T
DANDY_RW,T
DANDY_ZAM,T
DARKFULL,T
DARKNIGHT,T
DARKSIDE,T
DASH,T
DASH X PLUS LTE,T
DATSUN_D5500,T
DAWLANCE GSMART 2KTV,T
DAWLANCE GSMART 4KTV,T
DAYTONA-G12,T
DAYTONA-G16,T
DAYTONA-G16 PRO,T
DAYTONA-G5,T
DAYTONA-G6,T
DAYTONA-G6L,T
DAYTONA_G8,T
DAZN,T
DB6621,T
DBOD02,T
DBOX02,T
DBPADGO1,T
DC-1032,T
DC-7015,T
DC-8015,T
DC-M700,T
DC-WT15,T
DC695,T
DCG-N10,T
DCG-P10,T
DCN88_72604_LN,T
DCT 90,T
DCTIW362_PLAY,T
DC_COMICS,T
DC_Comics_G9,T
DDA800R,T
DDT-001,T
DDT_002,T
DE-T414,T
DE2117,T
DE2118,T
DECO ENTEL,T
DECO ENTEL DIW586,T
DECO ENTEL VSB3930,T
DECO LOWI DIW252,T
DEPLAY_SMART5PLUS,T
DEVOPS_MT9679,T
DEXP_ES1050,T
DEYI-10M18,T
DEYI10M18A53,T
DEZ,T
DF10,T
DF10 Pro,T
DFM48,T
DFN-Amigo7x,T
DG-A97QT,T
DG-D07SGP,T
DG-Q08M,T
DG101HSTB,T
DG101SVCB,T
DG101SVGB6MB,T
DG101TBIPS,T
DG101TBLS,T
DG11PROGN,T
DG3200RTV,T
DG7TBIPSBT,T
DG7TBIPSDG,T
DG7TBIPSG,T
DG7TBIPSPA,T
DGIPS7,T
DH-B301K,T
DH10Kids,T
DH10XS,T
DI01_M7_WIFI,T
DIAMANT Android TV,T
DIAMOND M,T
DIB100,T
DICLE_IPLAY40_PRO,T
DIG-AL00,T
DIG-L01,T
DIG-L03,T
DIG-L21,T
DIG-L21HN,T
DIG-L22,T
DIG-L23,T
DIG-TL10,T
DIGGIO GOOGLE TV,T
DIGGIO GOOGLE TV 4K,T
DIGI,T
DIGI R2A,T
DIGICEL DL 1 lite,T
DIGICEL DL1000,T
DIGICEL DL755,T
DIGICEL DL800,T
DIGICEL DL810,T
DIGICEL DL910,T
DIGICELDL1,T
DIGICELDL1plus,T
DIGIT INFINITY,T
DIGIT INFINITY MAX,T
DIJITSU_Smart_A11s,T
DIM100,T
DIOVDP_SC01_EEA,T
DISCOVERY 3,T
DISCOVERY 3 PRO,T
DISCOVERY_2,T
DISCOVERY_2_ME,T
DISHM7863,T
DISNEYTAB,T
DIW253V,T
DIW362P 1U1,T
DIW387 1U1,T
DIX41RKF,T
DIX51R4KU,T
DK10,T
DK66,T
DKM651-4G,T
DL-1036,T
DL1001,T
DL1002,T
DL1008M,T
DL1010Q,T
DL1016,T
DL1018A,T
DL1025GH,T
DL1026,T
DL1036,T
DL1039,T
DL1050,T
DL1168A,T
DL2 PLUS,T
DL3,T
DL3Plus,T
DL3PlusPro,T
DL3_3G,T
DL4,T
DL4 Plus,T
DL4s-TC,T
DL5 Pro,T
DL501,T
DL7006,T
DL700D,T
DL701Q,T
DL718M,T
DL721-RB,T
DL750,T
DL8006,T
DL900,T
DL9002,T
DL9003,T
DL9003MK,T
DLI-AL10,T
DLI-L22,T
DLI-L42,T
DLI-TL20,T
DLSI-86CJC,T
DLT-A0,T
DLT-H0,T
DLT-V7310AP,T
DLT-V7310AP FL,T
DLT-V7312AP,T
DLT-V7312AP FL,T
DLT-V7312AP+,T
DLT-V7312AP+ FL,T
DL_Horizon_Selfie,T
DM-01G,T
DM-01H,T
DM-01J,T
DM-01K,T
DM-02H,T
DM-901,T
DM-B50104,T
DM-B51104,T
DM-B70104,T
DM-B70204,T
DM009SH,T
DM010SH,T
DM011SH,T
DM012SH,T
DM013SH,T
DM014SH,T
DM015K,T
DM016SH,T
DM65UXR,T
DMC-CM1,T
DMOAO_D2_EEA,T
DMOAO_D2_US,T
DMT580D,T
DMTAB-IN08A,T
DMTAB-NV08B,T
DMTAB-NV20A,T
DMTAB-NV24A,T
DMX-ST7A,T
DM_T901,T
DN2101,T
DN2103,T
DN6015,T
DN6023D,T
DN6901,T
DNA Android TV,T
DNA Hubi 2.0,T
DNA Hubi Soundbox,T
DNP-NX9,T
DNSNETB866VW,T
DNY-NX9,T
DOH01,T
DOH02,T
DOOGEE X10,T
DO_S1,T
DP-CMX1,T
DP-CTX1,T
DP-X1,T
DP-X1A,T
DP10A,T
DP10APro,T
DP3D8,T
DP500,T
DP7856K,T
DP7CPRO,T
DP7CPro-SGA1,T
DP8D,T
DPA23D,T
DPLAY,T
DPM1081,T
DPM7827,T
DQR22,T
DRA-AL00,T
DRA-L01,T
DRA-L21,T
DRA-LX2,T
DRA-LX3,T
DRA-LX5,T
DRA-TL00,T
DREAM2,T
DREAME SMART 2KTV,T
DREAME SMART 4KTV,T
DRENA,T
DRIVE 11,T
DRIVE 8,T
DRIVE9,T
DRIVE_6,T
DRIVE_6S,T
DRN,T
DRN_EEA,T
DROID BIONIC,T
DROID PRO,T
DROID Pro,T
DROID RAZR HD,T
DROID X2,T
DROID2,T
DROID2 GLOBAL,T
DROID3,T
DROID4,T
DROIDX,T
DRP2091,T
DRP2091Q,T
DRP29101QD,T
DRP29101QT,T
DS-BD1,T
DS-BD2,T
DS-BD4 Pro,T
DS-CL1,T
DS-CL2 Lite,T
DS-CL2 Pro,T
DS-CL4,T
DS-CL4 Lite,T
DS-CL4 Pro,T
DS-CR1,T
DS-MDT202,T
DS-MDT301,T
DS-X1,T
DS2310-70LP,T
DS50,T
DS502,T
DS571,T
DS6,T
DS6018,T
DS60S,T
DS6261,T
DS65,T
DSB-0220,T
DSB-0230,T
DS_D5C65RB_A,T
DSlide 1013,T
DSlide750,T
DSlide_1096,T
DT,T
DT-X400,T
DT-X400/X450,T
DT-X400R,T
DT07,T
DT0702W08,T
DT0704K08,T
DT0705W08,T
DT08-TAB4G,T
DT1 Lite,T
DT10,T
DT10-TAB4G,T
DT10-TAB4G-T101,T
DT101Bv51,T
DT1052,T
DT120QH,T
DT2,T
DT20,T
DT20_Pro,T
DT24,T
DT24Plus,T
DT3,T
DT3K_F,T
DT40,T
DT50,T
DT50_5G,T
DT610,T
DT630,T
DT66,T
DT6P30YK,T
DT7v51B,T
DTA13C10HM,T
DTABC2,T
DTABPLUS,T
DTB,T
DTC9740,T
DTC974x,T
DTECH10,T
DTHA116,T
DTHA140,T
DTP9503,T
DTP9710,T
DTP9731,T
DTP9762,T
DU-500,T
DU-600,T
DUA-AL00,T
DUA-L22,T
DUA-LX3,T
DUA-TL00,T
DUB-AL00,T
DUB-AL00a,T
DUB-AL20,T
DUB-LX1,T
DUB-LX2,T
DUB-LX3,T
DUB-TL00,T
DUB-TL00a,T
DUK-AL20,T
DUK-L09,T
DUK-TL30,T
DUO,T
DU_400,T
DV 8535 4K,T
DV 8935 X4,T
DV-905XSTV,T
DV-905XSTV HTL,T
DV-PTB1080,T
DV137BT,T
DV6067H,T
DV6067Y-T,T
DV6068Y,T
DV8040,T
DV8219_SFR,T
DV8220,T
DV8304-C,T
DV8330-T2,T
DV8535,T
DV8547,T
DV8547_Avatel,T
DV8553,T
DV8555,T
DV8919X-EE,T
DV8919X-LT,T
DV9061,T
DV9135,T
DV9157-C,T
DV9157-T2,T
DV9651,T
DVB-ATV100,T
DVD-AN00,T
DVD-AN80,T
DVK82 Mercury,T
DVK87 Orion 8 Tab,T
DVM4KA01,T
DVN2KA01,T
DVT101B,T
DW-21(A),T
DW-TN7RK16,T
DWA1015D,T
DWSUMMUS 4K Android TV,T
DWSUMMUS4KAndroidTV,T
DWsummus 4K SMART TV,T
DX-A400,T
DX-A600,T
DX00C,T
DX01C,T
DX10-66,T
DX10-66-LTE,T
DX768Pro,T
DX778Pro,T
DXA800,T
DX_TA7001,T
DX_TABDELTA1,T
DX_TASL83,T
DX_TA_7001,T
DX_TA_SL83,T
DYF00001,T
DZIRE,T
Daiichi 2K SMART TV,T
Daiichi FHD Android TV,T
Daiichi UHD Android TV,T
Daiwa 2K Google TV,T
Daiwa 4K Google TV,T
Daiwa 4K Google TV-Z,T
Dash 4.5,T
Dash G,T
Dash L3,T
Dash L4,T
Dash L4 LTE,T
Dash L4X,T
Dash L5 LTE,T
Dash L5X,T
Dash X2,T
Dash XL,T
Datatron_3588,T
Datsun_D5001,T
Dawlance Nano QLED,T
Dbook112_EEA,T
Dbook_110,T
Dbook_111,T
Dbook_121,T
Dcolor GD2,T
DeWalt MD501,T
Defender D23,T
Defy 2,T
Deimos 7,T
Delight TH201,T
Dell M01M,T
Dell Streak,T
Delta Y360-U93,T
Delta_14,T
Deluxe,T
DemoPad,T
Denali,T
Dengo D25,T
Desert2,T
Desire HD,T
Desire L by HTC,T
Desire R6,T
Desire R6 plus,T
Desire R7 Lite,T
Desire R8 Lite,T
Desire_R6_Lite,T
Destiny,T
Destiny-4G,T
Devour,T
Dg_1522,T
Dg_1523,T
Dg_1524,T
DiMora_LUX,T
Dialog Q143L,T
Dialog ViU Mini,T
Dialog_Blaze_Mini,T
Diamond,T
Diamond 2,T
Diamond Pro Max,T
Dicle_Dtab_Active_S,T
Dicle_Dtab_Kpad,T
Dicle_Dtab_U1008,T
Dicle_Tab_Lite_M,T
Digi C1,T
Digi C2,T
Digi K2,T
Digi R1,T
Digi R2,T
DigiKing 2K Android TV,T
DigiKing 4K Android TV,T
Digi_K1,T
Digicel DL2 XL,T
Digicom DTOK,T
Digicom Tribe,T
Digicom_A7_LTE,T
Digiquest 2K Android TV,T
Digiquest 4K Android TV,T
DigiquestEA,T
Digit Chrome,T
Digit Glory1,T
Digit Sahara60,T
Digit TabOne,T
Digit chrome,T
DigitPad10,T
Digit_Tab2,T
Digital Signage,T
Digital2 Platinum,T
Digital2 Plus,T
Digital2-Deluxe,T
Digitplay1,T
Digma Linx 4.5 PT452E,T
Digni-Smart,T
Diplomat,T
Discovery,T
Discovery Air,T
Discovery II Mini,T
Discovery Pro,T
Discovery SE,T
Discovery-X1,T
Discovery_A10_302,T
Dive 50 Dual,T
Dolphin 70e Black,T
Dongle 4K,T
Dongle 4K Plus,T
Dongle G 4K,T
Dongle Matrix,T
Dongle Q,T
Dongle R 4K,T
DongleTV1,T
Doppio Capuchino,T
Doppio DP355,T
Dorado,T
Doro 8030,T
Doro 8030/8031/8028,T
Doro 8031,T
Doro 8035,T
Doro 8040,T
Doro 8042,T
Doro 8050,T
Doro 8100,T
Doro 8200,T
Doro 824,T
Doro Aurora A10,T
Doro Aurora A20,T
Doro Aurora A30,T
Doro Liberto 810,T
Doro Liberto 810-orange,T
Doro Liberto 820,T
Doro Liberto 820 Mini,T
Doro Liberto 822,T
Doro Liberto 825,T
Doro Tablet,T
Doro_8020x,T
Draco,T
Dream,T
Dream one,T
Dream2,T
DreamPos,T
Dream_Edition_C-754,T
Droid,T
Druid_L10,T
Dslide1013QC_v2,T
Dslide1013QC_v3,T
Dslide1013QC_v4,T
Dslide1014,T
Dslide1016,T
Dslide1016_V2,T
Dslide1019,T
Dslide1023,T
Dslide113_V2,T
Dslide113_V3,T
Dslide710,T
Dslide714,T
Dslide714_v2,T
Dslide716,T
Dslide807,T
Dslide808,T
Dslide971DC,T
Dslide_1020,T
Dslide_1020M,T
Dslide_1020Pro,T
Dslide_1021,T
Dslide_1021C,T
Dslide_1025,T
Dslide_1025V2,T
Dslide_1025v2,T
Dslide_1095,T
Dslide_1095ml,T
Dslide_113,T
Dslide_114,T
Dslide_115,T
Dslide_116,T
Dslide_117,T
Dslide_118,T
Dslide_809,T
Dslide_809Pro,T
Dtac phone Joey Jet 2,T
Dual,T
Dual 2K Android TV,T
Dual 4K Android TV,T
Dunns Pulse Pro,T
Dunns Slinger,T
Duopix F1,T
Duopix F10,T
Duopix F9,T
Duopix F9 Pro,T
Duopix R1,T
Duotel_D1,T
Duotel_R2,T
Durabrand 2K Android TV,T
Dynalink TV Box,T
Dynamic Racing 3,T
Dyon 2K Android TV,T
Dyon 4K Android TV,T
E,T
E Series,T
E-764-EEA,T
E-Tab 4G,T
E-Tab10,T
E-tel i10,T
E-tel i240,T
E-tel_M1,T
E-tel_Q5,T
E-tel_Q7,T
E-tel_i20,T
E-tel_i250,T
E00,T
E0109,T
E0111,T
E0112,T
E0113,T
E0114,T
E0115,T
E0116,T
E0117,T
E0118,T
E0120,T
E0214,T
E0514,T
E07,T
E1,T
E1 Plus,T
E1 Selfie,T
E10,T
E10 View Max,T
E100,T
E100_25EU,T
E100_25US,T
E100_R25_EU,T
E101,T
E101GC,T
E101GC4G,T
E101GCM,T
E102,T
E1027,T
E10319,T
E1041X,T
E105,T
E1050X,T
E1051X,T
E1052GP,T
E1060X,T
E108GC,T
E108GC4G,T
E108GCM,T
E109GC,T
E109GCM,T
E10A,T
E10A133_EEA,T
E10A_EA,T
E10A_EEA,T
E10G21,T
E10G22,T
E10P,T
E10Pro,T
E10W10,T
E10_A,T
E10_A133_EEA,T
E10_EEA,T
E10_Pro,T
E10_US,T
E10_View_Max,T
E10a,T
E10i,T
E11,T
E110,T
E111,T
E11_EEA,T
E11_US,T
E12,T
E121,T
E13,T
E13R,T
E140B,T
E1457,T
E15,T
E15 Pro,T
E15_EEA,T
E15_US,T
E15_V_EEA,T
E15_V_US,T
E15i,T
E17,T
E170,T
E18,T
E180,T
E1C_3G,T
E1M,T
E1N,T
E2,T
E2 Noir,T
E20,T
E2003,T
E2006,T
E2033,T
E2043,T
E2053,T
E2070,T
E210,T
E2104,T
E2105,T
E2115,T
E2124,T
E2171CA,T
E2171MX,T
E2171SS,T
E2171TK,T
E22,T
E220_M_EU,T
E220_M_US,T
E2281,T
E2281CA,T
E2281MX,T
E2281SS,T
E2281TK,T
E2281UK,T
E2303,T
E2306,T
E2312,T
E2333,T
E2353,T
E2363,T
E2371,T
E2371CH,T
E25,T
E26,T
E270BSA,T
E28,T
E2_Jump,T
E3,T
E3 Dual,T
E30,T
E30ID,T
E30_EEA,T
E30_Pro,T
E310,T
E350,T
E38,T
E380,T
E39,T
E3_Jump,T
E3_Living,T
E3_Sign,T
E4,T
E400,T
E400A,T
E4010,T
E407,T
E435 Plus,T
E450,T
E451,T
E465GO,T
E475,T
E485,T
E4Pro,T
E4_Lite,T
E5,T
E500,T
E500A_2019,T
E500i,T
E501,T
E5018,T
E503F,T
E505,T
E505plus,T
E506,T
E506plus,T
E507,T
E508,T
E5303,T
E5306,T
E5333,T
E5343,T
E5353,T
E5363,T
E54,T
E55,T
E5501,T
E5506,T
E553,T
E5533,T
E554,T
E5553,T
E5563,T
E55_PLUS,T
E5603,T
E5606,T
E5633,T
E5643,T
E5653,T
E5663,T
E5701,T
E5803,T
E5823,T
E5_EEA,T
E5mini,T
E6,T
E600,T
E600M,T
E601F,T
E601M,T
E602,T
E603,T
E618,T
E61Pro,T
E62 Plus,T
E65,T
E65 Pro,T
E6508,T
E6533,T
E6553,T
E6560C,T
E6560L,T
E6560T,T
E6603,T
E6633,T
E6653,T
E6683,T
E6715,T
E6782,T
E6782L,T
E6790TM,T
E68,T
E6810,T
E6820TM,T
E6830,T
E6833,T
E6853,T
E6883,T
E6910,T
E691X,T
E6921,T
E6A,T
E6_EEA,T
E6_RU,T
E6_US,T
E6mini,T
E7,T
E70 Ultra,T
E700M,T
E700_Kids_EEA,T
E701,T
E7110,T
E7200,T
E720_EEA,T
E7224HG,T
E7446,T
E7LT,T
E7s,T
E8,T
E8-5G-v1,T
E80M,T
E81,T
E815,T
E8224HG,T
E852GP,T
E860,T
E884,T
E8A,T
E8_Ultra,T
E9,T
E9-EU,T
E9-W,T
E90,T
E940-2766-00,T
E940-2795-00,T
E940-2796-00,T
E940-2796-05,T
E940-2797-00,T
E940-2797-01,T
E940-2849-00,T
E940-2849-01,T
E940-2878-03,T
E940-2878-03S,T
E940-2940-00,T
E940-3042-00,T
E940-3043-00,T
E940-3060-00,T
E95,T
E9771,T
E980U,T
E9863,T
E9XG-A05-M,T
E9_EEA,T
E9_US,T
EA07B00001H,T
EA07C00001H,T
EA200,T
EA211001,T
EA211002,T
EA211005,T
EA300,T
EA320,T
EA500Plus,T
EA510,T
EA520,T
EA520_US,T
EA530,T
EA630,T
EA630Plus,T
EA630_Plus,T
EA660,T
EAGLE_1068,T
EAGLE_961,T
EAGLE_962,T
EASY K55,T
EASY S55P 2021,T
EASY1,T
EASY5,T
EASY55,T
EASY62,T
EASY_5_EEA,T
EASY_S55P_EEA,T
EB-4063-X,T
EB-A71GJ,T
EB-L76G-B,T
EB-Q_series,T
EB-W51GJ,T
EB-WX1GJ,T
EB101,T
EB104,T
EB2101,T
EB2103,T
EBK_5014G,T
EBL-5304G,T
EBM104JB,T
EBOXS905X5M,T
EB_PRO_MAX_2,T
EC1002,T
EC211001,T
EC211002,T
EC211003,T
EC211004,T
EC30,T
EC50,T
EC55,T
ECHO,T
ECHO LOLLY,T
ECHO_FUSION,T
ECHO_HOLI,T
ECHO_HORIZON_LITE,T
ECLIPSE TAB 8,T
ECQ-DAT01,T
EDA10A,T
EDA40,T
EDA50,T
EDA50K,T
EDA50P,T
EDA51,T
EDA51K,T
EDA52,T
EDA56,T
EDA57,T
EDA5S,T
EDA61K,T
EDA70,T
EDA71_G,T
EDENWOOD 2K Android TV,T
EDENWOOD 4K Android TV,T
EDI-AL10,T
EDI-DL00,T
EDT800,T
EDU-AI251,T
EE-35_EEA,T
EE-P30_EEA,T
EE1010_EEA,T
EE10A,T
EEJ55,T
EE_35_EEA,T
EF,T
EF400,T
EF401,T
EF401_RU,T
EF500,T
EF501,T
EF501R,T
EF501R_RU,T
EF550,T
EF550R,T
EF551,T
EF930,T
EG104,T
EG110,T
EG125,T
EG606,T
EG668,T
EG680,T
EG929,T
EG950,T
EG970,T
EG978,T
EG98,T
EG980,T
EGD078,T
EGD103,T
EGD172,T
EGD213,T
EGL11QF6,T
EGL1529I,T
EGL15QF6,T
EGLM103,T
EGLMW1528I,T
EGO,T
EGO plus,T
EGO1003,T
EGO_5014G,T
EGP008,T
EGP010,T
EGQ101,T
EGQ178,T
EGQ180,T
EGQ223,T
EGQ235SK,T
EGQ236BD,T
EGQ238BD,T
EGQ239BD,T
EGQ307,T
EGQ327M,T
EGQ337,T
EGQ347,T
EGQ367,T
EGQ375,T
EGQ377,T
EGQ780,T
EGS004,T
EGS017,T
EGS102,T
EGS109,T
EH3,T
EH_V10,T
EI,T
EI-XXXXP,T
EI101F,T
EID-1001,T
EID-1050,T
EID-1061,T
EID-1062,T
EID-1400,T
EID-9000,T
EIII,T
EIS01PT,T
EK-8680,T
EK-GN120A,T
EK10,T
EK12,T
EK4,T
EK430,T
EK5_series,T
EKO 2K Android TV,T
EKO 2KTV,T
EKO 2K Android TV,T
EKO 4K Android TV,T
EKO Android TV,T
EKO Android TV 2K,T
EKO Google TV,T
EKO OMEGA LTE Q60,T
EKO OMEGA Q55,T
EKO Star LTE G60,T
EKS S45U,T
EL-20-3050,T
EL-20-3710,T
EL-712,T
EL-719,T
EL-E110,T
EL-P1,T
ELA-LX2,T
ELA-LX3,T
ELE-AL00,T
ELE-L04,T
ELE-L09,T
ELE-L14,T
ELE-L29,T
ELE-L39,T
ELE-L49,T
ELE-TL00,T
ELEGANCE 6,T
ELEGANCE_5_1_PRO,T
ELEMENT,T
ELEMENT MAX,T
ELEMENT PLAY,T
ELEMENT PLUS,T
ELEMENT_PRO,T
ELEMENT_PRO_2,T
ELEXIA 2K Android TV,T
ELEXIA 4K Android TV,T
ELEXIA2KAndroidTV,T
ELI-AN00,T
ELI-NX9,T
ELITE 1,T
ELITE 4.7 HD,T
ELITE T8,T
ELITE8Q,T
ELITE9Q,T
ELITE_10,T
ELITE_10_PRO,T
ELITE_Octaplus,T
ELM-2,T
ELN-L03,R
ELN-L09,R
ELN-W09,R
ELN2-L23,R
ELN2-L29,R
ELN2-W29,R
ELP-4391K,T
ELP-AN00,T
ELP-NX9,T
ELT-6502K,T
ELT0702,T
ELT0703,T
ELT0704H,T
ELT0704H9,T
ELT0706H,T
ELT0801,T
ELT0802H,T
ELT0802H9,T
ELT10101H9,T
ELUGA A4,T
ELUGA I3 Mega,T
ELUGA I4,T
ELUGA I7,T
ELUGA Note,T
ELUGA Prim,T
ELUGA Ray,T
ELUGA Ray 500,T
ELUGA Ray 530,T
ELUGA Ray 550,T
ELUGA Ray 600,T
ELUGA Ray 610,T
ELUGA Ray 710,T
ELUGA Ray Max,T
ELUGA Ray X,T
ELUGA Turbo,T
ELUGA U3,T
ELUGA X1,T
ELUGA Z1,T
ELUGA_A3,T
ELUGA_A3_Pro,T
ELUGA_F,T
ELUGA_I2,T
ELUGA_I2_Activ,T
ELUGA_I5,T
ELUGA_I7_EE,T
ELUGA_Pulse,T
ELUGA_Pulse_X,T
ELUGA_Y,T
ELUGA_Y_Pro,T
ELXXR5X,T
EM01F,T
EM101A,T
EM101B,T
EM101B_EEA,T
EM101C,T
EM101C_EEA,T
EM103A,T
EM45,T
EM63,T
EM749_748,T
EM756,T
EM9,T
EMBT4,T
EMC-M51,T
EMC-M51C,T
EMC86HB_V,T
EMEETING_3576,T
EMEETING_3588,T
EML-AL00,T
EML-L09,T
EML-L29,T
EML-TL00,T
EMU 21,T
ENERGY XL,T
ENERGY_DIAMOND_MINI,T
ENGLAON 2K Google TV,T
ENGLAON 4K GOOGLE TV,T
ENIE_E2,T
ENOS,T
ENOVA STICK,T
ENT11QF12,T
ENT1529I20,T
ENT15QF220,T
ENT71QF12,T
ENT75QF620,T
ENTG1011,T
ENTITY_ERA_TAB_10,T
ENTITY_ERA_TAB_12,T
ENTITY_ERA_TAB_8,T
ENTITY_G102IN1HARDKB,T
ENTV 4K Android TV,T
ENTV4KAndroidTV,T
ENV Kidz 10,T
ENV NOTE X,T
ENV PAD 17 PRO,T
ENV PAD PRO,T
ENV Spartan GT99,T
ENV_Kidz_8,T
ENV_PAD_PRO_XS,T
ENV_TAB_Go,T
ENV_TAB_Go_Pro,T
ENV_note_20,T
EO,T
EO1_RK3588_08128,T
EOA39-STYLO AXIS,T
EON 9,T
EOS Pro,T
EP-01,T
EP-A100,T
EP103B,T
EP103B_EEA,T
EP1095T,T
EP1095T_EEA,T
EP1095_T,T
EP1095_T_EEA,T
EP10_wifi,T
EP1495T,T
EP172BZ,T
EP172PR,T
EP500,T
EP5A_wifi,T
EPIC Android TV,T
EPIC MAX,T
EPIC PRO_1,T
EPIC PRO_2,T
EPIC T,T
EPIC X,T
EPIC-E55,T
EPICO 4K,T
EPIC_1,T
EPIC_2,T
EPIC_3_MAX,T
EPY32,T
EP_Series,T
ERA G2 Touch,T
ERGO B500 First,T
ERGO V552 Intense,T
ERGO V600 Vega,T
ERGO22,T
ERGO22_eea,T
ERGO2KSMARTTV,T
ERGO4KSMARTTV,T
ERGO_A556,T
EROS Power,T
ES,T
ES733,T
ES750,T
ES8100,T
EST_001_BLA,T
EST_001_BLK,T
ET,T
ET-108-11A,T
ET-108-11AR,T
ET-L10,T
ET1012T,T
ET103G,T
ET1095A,T
ET40,T
ET401,T
ET45,T
ET51,T
ET56,T
ET5X,T
ET60,T
ET65,T
ET660,T
ET7050D,T
ET868,T
ETAB I1041G,T
ETAB I7043G,T
ETAB3,T
ETAB_I7041G,T
ETAB_I7043G,T
ETAB_I7043G_VP3,T
ETAB_M7023G,T
ETAB_M7043G,T
ETAB_M9021G,T
ETAB_M9041G,T
ETAB_S7042G,T
ETBW11AA,T
ETEL P27,T
ETEL P29,T
ETEL P68,T
ETEL-E67,T
ETEL-P65,T
ETEL-P66,T
ETG-BT1121,T
ETH102,T
ETHOS,T
ETL-S4521,T
ETL-S5042,T
ETL101AL,T
ETL101A_EEA,T
ETL101GB,T
ETPad,T
ETPad_SE,T
ETRI01,T
ETRI02,T
ETW101GT,T
ETW101GT_C,T
ETX,T
EU,T
EU 2K Android TV,T
EU 4K Android TV,T
EU AVSB 3918,T
EU001,T
EU15,T
EUROPE,T
EUT110-11A,T
EUT310A-11A,T
EUTB-758 TABI Argos,T
EUTB_758G_TABI_Argos_KIDS,T
EV-9157-ISDBT,T
EV-A-101-1,T
EV-A-101-3,T
EV-A-116-1,T
EV-A-133-1,T
EV-A-156-1,T
EV-A-81-7-1,T
EV-A-81-8-1,T
EV-A-81-8-2,T
EV-S100,T
EV1 PRO,T
EV10,T
EV5,T
EV5 X,T
EV6,T
EV6 ELITE,T
EV7,T
EV7_Play,T
EV7_Pro,T
EVA-AL00,T
EVA-AL10,T
EVA-CL00,T
EVA-DL00,T
EVA-L09,T
EVA-L19,T
EVA-L29,T
EVA-TL00,T
EVC8Q,T
EVERCOSS A65,T
EVERTEK V4,T
EVIANT_EVT10Q,T
EVM4G3,T
EVM4G6,T
EVMFV2,T
EVO,T
EVO Force Pro,T
EVO Fuse Pro,T
EVO G4,T
EVOLVE,T
EVOLVE 2,T
EVOLVEO StrongPhone G2,T
EVOLVEO StrongPhone G4,T
EVOLVEO StrongPhone G5,T
EVOLVEO StrongPhone G6,T
EVOLVEO StrongPhone G7,T
EVOLVEO StrongPhone G8,T
EVOLVEO StrongPhone G9,T
EVOPRO,T
EVOTAB,T
EVOTA_EP,T
EVO_TAB7,T
EVR-AL00,T
EVR-AN00,T
EVR-L29,T
EVR-N29,T
EVR-TL00,T
EVVO 2K Android TV,T
EVX,T
EW2010,T
EW2020,T
EW2021,T
EW2022,T
EWIS OCTA-T700M,T
EX FF Series,T
EX Series,T
EX00C,T
EX01C,T
EX02C,T
EX10,T
EX10S10,T
EX10S4,T
EX10SL4,T
EX111,T
EX30,T
EX750,T
EX760,T
EX7L4,T
EX7S4,T
EX7SL4,T
EX7W1,T
EX7W1S,T
EX7W4,T
EX7X4,T
EX8S1,T
EXODUS 1,T
EXODUS 1s,T
EXO_Wave_i716,T
EXO_Wave_i726,T
EXTEND 55 QL,T
EXTREME X9,T
EY-TAB8161G,T
EZ 1,T
EZ 2,T
EZ 3,T
EZ 3 Pro,T
EZ24,T
EZY,T
EZY 2,T
EZpad M10,T
EZpad M10 HD,T
EZpad M10S,T
EZpad M11 Pro,T
EZpad_M11,T
E_764_EEA,T
Eager,T
Eagle 806,T
Eagle Pro,T
Eagle X,T
Eagle-2024,T
Eagle_1074,T
Eagle_1075,T
Eagle_1076,T
Eagle_806,T
Eagle_807,T
Earn,T
Earn2 CL,T
EarsoN02,T
Earth,T
Earth 7.0\'3G,T
Easy,T
Easy-Power,T
Easy-Power-Pro,T
EasySmart,T
Easy_Smart_2,T
Easy_XL,T
Easy_XL_Pro,T
EboxTV,T
EchosonicTV,T
Eclipse,T
Eclipse G500HD,T
Eclipse L1,T
Eclipse_G400M,T
Eclipse_G500M,T
Eco Smart Display,T
Eco Smart Display Lite,T
Eco Smart Display ME,T
Eco Smart Display Pro,T
Eco Smart Monitor,T
Eco v3,T
Eco v3 plus,T
Eco11 v2,T
Eco9 v1,T
Eco9 v2,T
EcoPro,T
EcoTV,T
EcoTV A,T
EcoTV C,T
EcoTV D,T
EcoTV FHD,T
EcoTV I,T
EcoTV Plus,T
EcoTV Plus A,T
EcoTV Plus C,T
EcoTV Plus D,T
EcoTV Plus I,T
EcoTV Pre A,T
EcoTV Pre D,T
EcoTV Pre I,T
EcoTV Pro A,T
EcoTV Pro D,T
EcoTV Pro I,T
EcoTV Ultra,T
EcoTV1,T
EcoTV1 J,T
EcoTV1 Plus,T
EcoTV2,T
EcoTV3 J,T
Eco_1,T
EcostarTV,T
EdPro_Series_S,T
Edge,T
Edge 20,T
Edge 20 Pro,T
Edge TA2D1M01,T
Edge TA3D1M01,T
Edge TA3E1M01,T
Edge X1,T
Edge X2,T
Edge_X2,T
Edison 3,T
Edison 3 3G,T
Edison 3 mini,T
Edjromi,T
Ehlel C7 PRO,T
EinsteinT3,T
Ektra,T
Elegance61P_EEA,T
Elegance_4_0_black,T
Elegance_5_1,T
Elegance_5_5,T
Elegance_5_5_Pro,T
Element 4,T
Element 4 Plus,T
Element 5,T
Element2KAndroidTV,T
Element4KAndroidTV,T
ElementDeluxe2K,T
ElementDeluxe4k,T
ElementPlatiumTV,T
Elio,T
Elisa Elamus,T
Elise T65V,T
Elise T80P,T
Elise T90A,T
Elise_T65,T
Elite,T
Elite 11,T
Elite 3T,T
Elite 45T,T
Elite 4G,T
Elite 4T,T
Elite 5T,T
Elite 63Pro,T
Elite 65Max,T
Elite 65Pro,T
Elite 67Pro,T
Elite 6Max,T
Elite 6Pro,T
Elite A5,T
Elite A55Max,T
Elite A6,T
Elite A63,T
Elite A63Max,T
Elite A63Mxca,T
Elite A65,T
Elite B5,T
Elite B65,T
Elite C5,T
Elite C55,T
Elite C63,T
Elite D5,T
Elite D55T,T
Elite D5Max,T
Elite D5T,T
Elite D65,T
Elite E55,T
Elite E55Max,T
Elite F55,T
Elite G63,T
Elite Go,T
Elite H5,T
Elite H55,T
Elite I55,T
Elite J55,T
Elite J55US,T
Elite L55,T
Elite M45,T
Elite M55,T
Elite M5Plus,T
Elite Max,T
Elite N55,T
Elite N55Max,T
Elite Octa,T
Elite OctaMax,T
Elite OctaPLus,T
Elite OctaPlus,T
Elite OctaX,T
Elite P5,T
Elite P55,T
Elite P55Max,T
Elite P55Pro,T
Elite R55,T
Elite T10,T
Elite T10 PRO,T
Elite T11 Max,T
Elite T11Pro2,T
Elite T4,T
Elite T45,T
Elite T55,T
Elite T57,T
Elite T6,T
Elite T8Plus,T
Elite V55,T
Elite v3a,T
Elite v3a with camera,T
Elite v3p22,T
Elite10Q,T
Elite10QH,T
Elite10QHPro,T
Elite10QI,T
Elite10QL,T
Elite10QS,T
Elite11Q,T
Elite13Q,T
Elite57,T
Elite7Q,T
Elite7QL,T
Elite7QS,T
Elite8QI,T
Elite8QL,T
Elite8QS,T
Elite9QL,T
EliteDual,T
Elite_4.0S,T
Elite_5_0T,T
Elite_9550-A,T
Elite_A55,T
Elite_B5,T
Elite_B55,T
Elite_D55,T
Elite_E5,T
Elite_F5,T
Elite_G55,T
Elite_OctaXS,T
Elite_Q55,T
Elite_T14PRO,T
Elite_VR,T
Elitev3,T
ElliQTablet,T
Elo-PP3-13,T
Elo-PP3-15,T
Elo-i3-10Std,T
Elo-i3-15Std,T
Elo-i3-22Std,T
Elo-i3-PUCK,T
Eluga I6,T
Eluga I8,T
Eluga I9,T
Eluga Klik,T
Eluga Ray 810,T
Eluga_A2,T
Eluga_Arc_2,T
Eluga_Mark_2,T
Eluga_Ray_700,T
Eluga_Ray_800,T
Ematic EGD170,T
Emerald,T
Emerald_M55CR,T
Emerald_M55CRD,T
Endeavour101,T
Energy,T
Energy E12,T
Energy Tablet Pro 4,T
Energy X 2,T
Energy X LTE,T
EnergyE500,T
EnergyE500S_EU,T
EnergyE500S_US,T
Energy_X2,T
Engel 4K Android TV,T
Enia,T
Entabeni_Tablet,T
EntityG12Pro,T
Epic,T
Epic E8,T
Epic_P7,T
Epix,T
Era 2V,T
Era 2X,T
Era 2X 3GB,T
Era 3,T
Era5X,T
Era_4X,T
Era_4X_2GB,T
Eris,T
Eros Smart,T
Eros_Star,T
Essential,T
Essentielb-Black Diamond,T
Essentielb-Pixis,T
Etab5,T
Etel P64 Ultra,T
Etel_P64,T
Eternity_G25,T
Eternity_H66,T
Eternity_H68,T
Eternity_P7,T
Ethio Telecom B866W11A,T
Etisalat Smartphone,T
Eu_Lite,T
Eudora E66F,T
EuroleaguePhone,T
Eva,T
Eva_E01,T
Event,T
EverClassic,T
EveryPad,T
EveryPad2,T
EveryPad3,T
Evo,T
Evo 2,T
Evo Energy4,T
Evolio_M5Pro,T
Evolio_M6,T
Evolio_M8,T
Evolution,T
Evolution TA3E2M03,T
Ex-Handy 09,T
Ex-Handy 10 ROW,T
Ex-Handy 10 RUS,T
Ex-Handy 209,T
Ex_Mobile_20_Series,T
ExcelloTab,T
Excer G5.6,T
ExcerG5.6,T
Excer_10_PRO,T
Excer_G10,T
Excer_P1,T
Excer_T8,T
Excite,T
Excite Prime 2,T
Excite Prime 2 Pro,T
Expanse,T
Expert,T
Explosion,T
Explr 9,T
Express3,T
Expresso,T
Extreme E8,T
EyeOnGo,T
EyeRIS_Canvas_Series,T
F,T
F VIZZION TV,T
F and U Android TV,T
F-01D,T
F-01F,T
F-01H,T
F-01J,T
F-01K,T
F-01L,T
F-02E,T
F-02F,T
F-02G,T
F-02H,T
F-02K,T
F-02L,T
F-03D,T
F-03E,T
F-03F,T
F-03G,T
F-03H,T
F-03K,T
F-04E,T
F-04F,T
F-04G,T
F-04H,T
F-04J,T
F-04K,T
F-05D,T
F-05E,T
F-05F,T
F-05G,T
F-05J,T
F-06E,T
F-06F,T
F-074,T
F-07D,T
F-07E,T
F-08D,T
F-08E,T
F-09D,T
F-09E,T
F-10D,T
F-11D,T
F-12C,T
F-12D,T
F-41A,T
F-41B,T
F-42A,T
F-51A,T
F-51B,T
F-51C,T
F-51E,T
F-51F,T
F-51G,T
F-52A,T
F-52B,T
F-52E,T
F-52G,T
F-53E,T
F-764,T
F-863,T
F-C10,T
F-X10,T
F-tab,T
F07,T
F1,T
F1 Prime 4G,T
F10,T
F10 Pro,T
F100,T
F100A,T
F100B,T
F100L,T
F100S,T
F101,T
F101 P,T
F101 Pro,T
F102,T
F102-EEA,T
F102-T610-EEA,T
F102-T610-EEA-GG5,T
F102-T610P-EEA,T
F102-T618-EEA,T
F103,T
F103 Pro,T
F103L,T
F103S,T
F104,T
F104Bv2,T
F104Bv2_EEA,T
F104Bv2_PRO,T
F104BvII_PRO,T
F104Ev2,T
F104Ev2_EEA,T
F104Ev2_PRO,T
F104Ev2_PRO_EEA,T
F104EvII,T
F104EvII_EEA,T
F104EvII_PRO,T
F104EvII_PRO_EEA,T
F105,T
F105 Pro,T
F105D_128,T
F105D_128GB,T
F105Dv2,T
F105DvII,T
F105L,T
F106,T
F106 Plus,T
F106 Pro,T
F106L,T
F106_Plus,T
F107,T
F107 Pro,T
F109,T
F109 S,T
F10A,T
F10L,T
F10S,T
F10XIPG,T
F10XIPGPLUS,T
F10XIPS,T
F10XIPSQ,T
F10_EEA,T
F10_PRIME,T
F10_US,T
F11,T
F110 Pro,T
F110L,T
F112 Pro,T
F113,T
F114,T
F115 Ultra,T
F116 Pro,T
F11Pro,T
F11W,T
F11W_EEA,T
F11_EEA,T
F11_US,T
F11_V_EEA,T
F11_V_US,T
F123,T
F125,T
F12W,T
F12W_EEA,T
F12_EEA,T
F12_US,T
F13,T
F13W,T
F13W_EEA,T
F13_EEA,T
F15,T
F19,T
F1Plus,T
F1_1,T
F1_2,T
F1f,T
F1fw,T
F1w,T
F1x4G,T
F2,T
F20,T
F202_8G,T
F202_8G_EEA,T
F202_UK,T
F202_US,T
F202_v2_EEA,T
F21,T
F22,T
F22 star,T
F22Pro,T
F270BW,T
F27E,T
F2X,T
F2_Plus,T
F3,T
F30,T
F301,T
F303,T
F310P,T
F3111,T
F3112,T
F3113,T
F3115,T
F3116,T
F3211,T
F3212,T
F3213,T
F3215,T
F3216,T
F3311,T
F3313,T
F35,T
F35W,T
F36W,T
F36W_EEA,T
F37W,T
F37W_EEA,T
F3A,T
F3Prime,T
F3T10A3,T
F3T10B1,T
F3T10WD4,T
F3T11-WG4,T
F3T7B1,T
F4,T
F40,T
F40G2,T
F41,T
F5,T
F50,T
F5003,T
F501_Magic,T
F503V,T
F5070,T
F51,T
F5121,T
F5122,T
F5180,T
F52,T
F5281,T
F5281CH,T
F52_05,T
F52_09,T
F5321,T
F534L,T
F55Max,T
F572L,T
F5A,T
F5L,T
F5_06,T
F5_13,T
F5_15,T
F5_16,T
F5_18,T
F5_19,T
F6,T
F68+,T
F6E,T
F6_US,T
F7,T
F702,T
F704Bv2,T
F704Bv2_EEA,T
F750,T
F780,T
F7HD4CORE,T
F7UHD,T
F8,T
F803YM,T
F808NM,T
F80L,T
F80W,T
F80W_EEA,T
F80s_plus,T
F8131,T
F8132,T
F819,T
F81L,T
F8331,T
F8332,T
F83W,T
F880,T
F8X,T
F8_EEA,T
F9,T
F900,T
F900B,T
F91 5G,T
F910,T
F99,T
F99Pro,T
F9S,T
F9_PLUS,T
F9prime,T
FA1569T,T
FA158AT,T
FALCON_10_PLUS_3G,T
FAME,T
FAME_DS,T
FAN-M300H,T
FAR7,T
FAR70B,T
FARTM9334P1,T
FARTM933KZ,T
FARTMB611Y,T
FAST A6,T
FAST10,T
FAST7,T
FAST7 3G,T
FAST73G,T
FAST7_4G,T
FAST_10,T
FAS_K2150,T
FB-K6,T
FB100,T
FCG01,T
FCG02,T
FCP-N49,T
FDR-A01L,T
FDR-A01w,T
FDR-A03L,T
FDR-A05L,T
FEELING,T
FENDY_DS,T
FEVER,T
FEVER_PLUS_H,T
FF-35,T
FF-P30,T
FF1010,T
FF10A,T
FFF-TAB10H,T
FFFTAB10,T
FFFTAB10a0,T
FFFTAB10a1,T
FFFTAB10a2,T
FFFTAB10a3,T
FFFTAB10a4,T
FFFTAB10b0,T
FFFTAB10b1,T
FFFTAB10b3,T
FFFTAB7,T
FFFTAB8,T
FF_35,T
FG50,T
FG60,T
FGAD,T
FHD Google TV Stick,T
FHD Streaming Stick,T
FHMD001,T
FIG-AL00,T
FIG-AL10,T
FIG-LA1,T
FIG-LX1,T
FIG-LX2,T
FIG-LX3,T
FIG-TL00,T
FIG-TL10,T
FILY,T
FINE 7B,T
FINNEY U1,T
FIRE_V7,T
FIRE_V8,T
FIT,T
FIT-32,T
FIT_G8613TCVR,T
FIT_Series,T
FIVE,T
FIXION,T
FJJB091,T
FJL21,T
FJL22,T
FJT21,T
FL02,T
FL03,T
FL7008,T
FLA-AL00,T
FLA-AL10,T
FLA-AL20,T
FLA-LX1,T
FLA-LX2,T
FLA-LX3,T
FLA-TL00,T
FLA-TL10,T
FLAME_X555,T
FLARE S5 MAX,T
FLARE S6 POWER,T
FLAT 1C,T
FLAT 2,T
FLAT 2C,T
FLAT 3C,T
FLAT 3C Mini,T
FLEET_7,T
FLEX 3,T
FLOW,T
FLOW 11,T
FLOW 7,T
FLOW5PLUS,T
FLOW6,T
FLOW6Lite,T
FLOW6S,T
FLOW7,T
FLOW_5,T
FLY IQ4503,T
FLY IQ4511,T
FLY_IQ4400_AF,T
FM-U,T
FM-VSeries,T
FMP179R,T
FMP181L,T
FMT-NM7054-01,T
FMT-NM7054-03,T
FMT-NM7058-02,T
FMT-NM7058-03,T
FMT-NM7108-01,T
FMT-NM7116-01,T
FMT-NT8A42-01,T
FNE-NX9,T
FOCUS,T
FOLG GT 10,T
FOLG GT 12,T
FOLG GT 12 PRO,T
FOLG TAB 10,T
FONDATION_ORANGEH_2021,T
FONDATION_ORANGEH_2023,T
FONDATION_ORANGE_2021,T
FONDATION_ORANGE_2023,T
FONDATION_ORANGE_2026,T
FORCE,T
FORM300,T
FORT 1,T
FORT 100,T
FORT 2,T
FORT 200,T
FORT 5,T
FORZA,T
FOXX G1,T
FOXX S13 5G,T
FOXXD C10 Pro,T
FOXXD C65,T
FOXXD C69M,T
FOXXD HTH C67,T
FOXXD HTH S67,T
FOXXD S67,T
FOXXD S67L,T
FP-600,T
FP-U320-711-WIFI,T
FP-U320-711-WWAN,T
FP-U320-INF-WLTW,T
FP103Ex,T
FP2,T
FP2901,T
FP290101,T
FP3,T
FP4,T
FP5,T
FPT ATV Play Box,T
FPT Play Box +,T
FPT Play Box S,T
FPT S68 4G,T
FPT X3,T
FPT X50,T
FPT_X10,T
FPT_X15,T
FPT_X9,T
FR-CK718,T
FR55,T
FRC1-ABB,T
FRC1-Armstrong,T
FRC1-BlueRidge,T
FRC1-BlueStream,T
FRC1-CBT,T
FRC1-CableCo,T
FRC1-ESTL,T
FRC1-Eastlink,T
FRC1-MDCOM,T
FRC1-MOBI,T
FRC1-Midco,T
FRC1-RCN,T
FRC1-SECV,T
FRC1-SHENTEL,T
FRC1-TDS,T
FRD-AL00,T
FRD-AL10,T
FRD-DL00,T
FRD-L02,T
FRD-L04,T
FRD-L09,T
FRD-L14,T
FRD-L19,T
FRD-L24,T
FRD-TL00,T
FREDDY,T
FREEDOM C100,T
FREEDOM C105,T
FREEDOM X1,T
FREEDOM_M303,T
FRESHMINTTA7,T
FRI-NX9,T
FRIO,T
FROZEN,T
FS-C1,T
FS-P1,T
FS401,T
FS402,T
FS404,T
FS405,T
FS406,T
FS407,T
FS408,T
FS409,T
FS451,T
FS452,T
FS454,T
FS455,T
FS456,T
FS457,T
FS458,T
FS459,T
FS500,T
FS501,T
FS502,T
FS504,T
FS505,T
FS506,T
FS507,T
FS508,T
FS510,T
FS511,T
FS512,T
FS514,T
FS516,T
FS517,T
FS518,T
FS520,T
FS521,T
FS522,T
FS523,T
FS524,T
FS525,T
FS526,T
FS527,T
FS528,T
FS529,T
FS530,T
FS551,T
FS553,T
FS554,T
FS8001,T
FS8002,T
FS8008,T
FS8009,T
FS8010,T
FS8014,T
FS8015,T
FS8016,T
FS8018,T
FS8025,T
FS8026,T
FS8028,T
FS8032,T
FT-810,T
FT02,T
FT103,T
FT12X-M2,T
FT12X-M2_EEA,T
FT142D,T
FT162D,T
FT75RK3588OB,T
FTB13,T
FTE161E,T
FTE161G,T
FTE171A,T
FTJ152A,T
FTJ152B,T
FTJ152C,T
FTJ152D,T
FTJ161A,T
FTJ161B,T
FTJ161E-VN,T
FTJ162B,T
FTJ162D,T
FTJ162E,T
FTJ17A00,T
FTJ17B00,T
FTJ17C00,T
FTU152A,T
FTU152D,T
FTU161G,T
FTU18A00,T
FTab,T
FU 4K SMART TV,T
FU Smart TV,T
FUEGO Smart TV,T
FUN 4 2018,T
FUN PLUS,T
FUN S1,T
FUN VALUE 4G,T
FUN5,T
FUN_18x9,T
FUN_S20,T
FUSE 4K,T
FUSE-MOBI,T
FUSE4K-Armstrong,T
FUSE4K-Bluestream,T
FUTURE 10,T
FV-FG6,T
FVP-4KGTR,T
FW-Plus Ultra 4K Box1,T
FW503KH,T
FW8977-ED,T
FWSP-S1000,T
FWTA-T1000,T
FX,T
FX-438N,T
FX-560N,T
FX438NA,T
FX4423,T
FX9,T
FXC-5A,T
FXT113R,T
FXT810R,T
FXTK13R,T
FXs,T
FZ-A1B,T
FZ-A2A,T
FZ-A3,T
FZ-B2B,T
FZ-B2D,T
FZ-L1,T
FZ-L1 AOSP,T
FZ-N1,T
FZ-S1,T
FZ-T1,T
FZ-T1 AOSP,T
FZ-X1,T
FZ101,T
FZ701,T
FZ702,T
FZ703,T
F_10XHD,T
F_10XIPS,T
F_4,T
F_764,T
F_7HD4CORE,T
F_7UHD,T
F_Plus,T
Facilotab L Rubis,T
Fadelite,T
Fairphone 6,T
Falcon X60,T
Falcon X65,T
Famous 5,T
Famous 5Plus,T
Famous Red 5+,T
Famous_TAB_10,T
Fancy,T
FandU Android TV,T
Fantasy,T
Farabi,T
Fashion C,T
Fashion2Plus,T
Fast10,T
Fast17,T
Fasts7,T
Favorite,T
FeelMooK,T
FeelMook,T
FeelMook6_Series,T
Feel_7013N,T
Feel_Plus,T
Fendy plus,T
Fero A4001 Plus 2019,T
Fero Vibe,T
Fest,T
Fest-Pro,T
FestXL,T
FestXL-Pro,T
Fever_Plus,T
Fever_Plus_J,T
FibeTV,T
FieldBio_500,T
FieldBook_E1,T
FieldHub1_0,T
Figgers DragonX,T
Figgers F3,T
Fighter,T
Fine 7B,T
Fire,T
Fire 3,T
Fire 3 Max,T
Fire 3 Pro,T
Fire 3 Ultra,T
Fire 4,T
Fire 4 Plus,T
Fire 4 Pro,T
Fire 5,T
Fire 5 Pro,T
Fire 5 Ultra,T
Fire 6,T
Fire 6 Max,T
Fire 6 Power,T
Fire 7,T
Fire 7 Pro,T
Fire 7 Ultra,T
Fire_5_LTE,T
Fire_II_WiFi,T
First,T
Fitbit Ace LTE,T
Five Pro,T
Five Pro 32,T
Fj,T
Fk01,T
Flag Mill v2,T
Flair,T
Flame,T
Flame_Plus,T
Flare HD 3,T
Flare J1 Lite,T
Flare J2 Mini,T
Flare J2S,T
Flare J3 2019,T
Flare J3 Max,T
Flare J3 mini,T
Flare J3s,T
Flare J5 Mini,T
Flare J5s,T
Flare J6,T
Flare J6 Plus,T
Flare J7,T
Flare J8,T
Flare J8 LTE,T
Flare P1,T
Flare P1 Plus,T
Flare S5,T
Flare S5 Plus,T
Flare S6,T
Flare S6 Selfie,T
Flare S7 Lite,T
Flare S7 Max,T
Flare S7 Plus,T
Flare S8,T
Flare S8 2020,T
Flare S8 Lite,T
Flare S8 Max,T
Flare S8e,T
Flare Tab,T
Flare Tab Pro,T
Flare Tab Ultra,T
Flare Y20,T
Flare Y3 Pro,T
Flare Y3 mini,T
Flare Y5,T
Flare Y6,T
FlareA1,T
FlareJ3,T
FlareJ3Plus,T
FlareS5LiteDTV,T
Flare_5,T
Flare_A1_Roam,T
Flare_A2,T
Flare_A2_Lite,T
Flare_HD_4,T
Flare_HD_5,T
Flare_HD_MAX,T
Flare_J2_2018,T
Flare_J2_Lite,T
Flare_J2_Max,T
Flare_J2_Prime,T
Flare_J3,T
Flare_J3_Lite,T
Flare_J3_Plus,T
Flare_J6_mini,T
Flare_J6s,T
Flare_Lite_3S,T
Flare_P1_Lite,T
Flare_P1_Mini,T
Flare_P3,T
Flare_P3_Plus,T
Flare_P3_lite,T
Flare_S6_Lite,T
Flare_S6_Max,T
Flare_S6_Plus,T
Flare_S7,T
Flare_S7_Deluxe,T
Flare_S7_Mini,T
Flare_S7_Power,T
Flare_S7_Prime,T
Flare_S8_Deluxe,T
Flare_S8_Plus,T
Flare_S8_Prime,T
Flare_S8_Pro,T
Flare_X3,T
Flare_X_V2,T
Flare_Y3,T
Flare_Y6_Pro,T
Flare_Y7,T
Flare_Y7_LTE,T
Flare_Y7_Pro,T
Flash2_7049D,T
Flex,T
Flex 2,T
Flex 3,T
Flex-3,T
Flex10AND,T
Flint,T
FlipkartTVPro,T
Flow 7S,T
Flow 9,T
FlowBox-F1,T
FlowBox-F2,T
FlowBox-F4,T
FlowBox-S2,T
FlowBox-Z3,T
FlowBox-Z4,T
FlowSoundBox,T
Fly,T
Fly Ego Art 2,T
Fly IQ4405_Quad,T
Fly IQ4418 AF,T
Fly IQ4505,T
Fly IQ4508,T
Fly IQ4514,T
Fly IQ4514 AF,T
Fly IQ4602,T
Fly_IQ442,T
Flylife Connect 10.1 3G 2,T
Flylife Connect 7 3G 2,T
Flylife Connect 7.85 3G 2,T
Focus 5G,T
Fog,T
Folg Sky 1,T
FollowMe,T
Fone,T
Fonos-O1,T
Force,T
ForcePro,T
Formovie Google TV,T
Formovie Laser 4K projector,T
Forte_se,T
Forward Ruby,T
ForwardEndurance,T
ForwardRuby,T
ForwardZero,T
Forward_EVOLVE,T
Forward_Prime,T
Fossil 5e,T
Fossil G5L,T
Fossil Gen 5 LTE,T
Fossil Gen 6,T
Fossil Gen 6 Venture Edition,T
Fossil SS,T
Foxtel Now box,T
Fpad2,T
Fractal,T
FreeTAB 10.1 Silver,T
FreeTAB 8015 IPS X4,T
FreeYond P6,T
FreeYondP6,T
Free_Liberty_Plus,T
Freebox Player Mini,T
Freebox Player Mini v2,T
Freebox Player POP,T
Freedom,T
Freedom 5.0,T
Freedom 5.2,T
Freedom 5.5,T
Freedom Access,T
Freedom E,T
Freedom Plus LTE,T
FreedomTurboXL,T
Fresh,T
Fresh FHD Android TV,T
Fresh UHD Android TV,T
FreshTV,T
Fresh_4G,T
Fresh_NF,T
Friendly_TH101,T
FrogOne,T
Frozen,T
Frozen_G9,T
Ftwo,T
Fuego 4.0T,T
Fuel,T
Fuel F2,T
Fun +,T
Fun5,T
FunPad-8-WIFI,T
FunPad-8Max,T
FunTab2,T
FunTab4,T
FunTabPlay,T
Funpad-10,T
Funtab3,T
Funtab_1001,T
Funtab_1001_EEA,T
Funtab_1002_EEA,T
Funtab_1003_EEA,T
Funtab_1003_US,T
Funtab_1005_EEA,T
Funtab_1005_US,T
Funtab_801_I,T
Funtab_801_I_EEA,T
Funtab_801_K,T
Funtab_801_K_EEA,T
Fuse,T
Fusion Aura 3s,T
Fusion5_108,T
Fusion5_F104B,T
Fusion5_F104Bv2,T
Fusion5_F104E,T
Fusion5_F105D,T
Fusion5_F704B,T
Fusion5_F803B,T
Future,T
G,T
G Dongle 4K,T
G GuardTV,T
G Series,T
G-10 PRO,T
G-10 ULTRA,T
G-20ULTRA,T
G-30_ULTRA,T
G-8 PRO,T
G-8600,T
G-TiDE FANS7,T
G-TiDE_H1,T
G-TiDE_H1_3G,T
G-TiDE_H1_4G,T
G-TiDE_H1_EEA,T
G-TiDE_P1,T
G-TiDE_P1_3G,T
G-TiDE_P1_4G,T
G-mee Play Pro,T
G0035,T
G008,T
G1,T
G1 Pro,T
G1 S,T
G1-715,T
G1-725,T
G10,T
G10 max,T
G10+,T
G100,T
G100W,T
G1036,T
G10N,T
G10XM,T
G10_2IN1_GEN2,T
G10_EEA,T
G10_T_EEA,T
G10_T_US,T
G10_US,T
G10_V_EEA,T
G11,T
G1101T,T
G1109,T
G11L,T
G11_U_EEA,T
G11_U_US,T
G11pro,T
G12,T
G1209,T
G127D,T
G12L,T
G12_Mini_S,T
G12_Pro,T
G13,T
G13A,T
G13L,T
G13R,T
G140L,T
G141K,T
G141L,T
G142L,T
G143A,T
G143L,T
G15,T
G150,T
G155,T
G16L,T
G17,T
G1701,T
G1L,T
G1LITE,T
G1_3g,T
G2,T
G2-3GP,T
G2-EEA,T
G20,T
G200,T
G21,T
G2199,T
G2299,T
G24027K,T
G250,T
G25022K,T
G253,T
G255,T
G25523K,T
G25524K,T
G26,T
G27,T
G27 Lite,T
G2SMNT,T
G2W-RS55HD,T
G2_A_EEA,T
G2_EEA,T
G2_S_EEA,T
G2_S_US,T
G2_T_EEA,T
G2_T_US,T
G2_US,T
G2_U_EEA,T
G2_U_US,T
G3,T
G3-EEA,T
G3-US,T
G30,T
G300,T
G301,T
G310,T
G3112,T
G3116,T
G312,T
G3121,T
G3123,T
G3125,T
G314,T
G316,T
G318,T
G319,T
G31s,T
G320,T
G3212,T
G3221,T
G3223,T
G3226,T
G33,T
G3311,T
G3312,T
G3313,T
G34,T
G3412,T
G3416,T
G3421,T
G3423,T
G3426,T
G35,T
G355,T
G36,T
G3SMNTA22,T
G3SMNTA24,T
G3SMNTS22,T
G3SMNTS23,T
G3_EEA,T
G3_US,T
G4,T
G40,T
G43,T
G44,T
G44+,T
G45,T
G450,T
G450 2021,T
G47,T
G4i,T
G5,T
G5 Plus,T
G50,T
G50 Mega,T
G50 Mega 2022,T
G50 Plus,T
G500,T
G501,T
G507,T
G50_PRO,T
G51,T
G51 Plus,T
G510,T
G512,T
G514,T
G518,T
G519,T
G51S,T
G526-L11,T
G526-L22,T
G526-L33,T
G527-U081,T
G52L,T
G53,T
G54,T
G55,T
G55 LITE,T
G550,T
G552KL,T
G553KL,T
G56,T
G6,T
G60,T
G60_Pro_4G,T
G61,T
G610-U00,T
G615-U10,T
G61S,T
G620-L75,T
G620S-L01,T
G620S-L02,T
G620S-L03,T
G620S-UL00,T
G621-TL00,T
G621-TL00M,T
G63,T
G630-U10,T
G630-U20,T
G630-U251,T
G64,T
G64L,T
G65,T
G65L,T
G660,T
G68,T
G680,T
G6_pro,T
G7,T
G7-L01,T
G7-L03,T
G7-TL00,T
G70,T
G700,T
G702,T
G706,T
G7060,T
G71,T
G71 PLUS,T
G7100,T
G71L,T
G72 MAX,T
G73,T
G735-L03,T
G735-L12,T
G735-L23,T
G73L,T
G74,T
G740-L00,T
G75,T
G7576,T
G7S54P3CR,T
G7_EEA,T
G7_US,T
G7_V_EEA,T
G7s,T
G8,T
G8 DA6B8P02,T
G8 Kid,T
G80,T
G800,T
G8060,T
G8141,T
G8142,T
G8188,T
G8231,T
G8232,T
G8341,T
G8342,T
G8343,T
G84,T
G8441,T
G860,T
G9,T
G9 PRO,T
G90,T
G90 PRO,T
G901,T
G903,T
G904,T
G905,T
G907,T
G91,T
G91 Max,T
G91 Pro,T
G91S,T
G93,T
G95,T
G96,T
G99,T
G999X,T
G9A,T
G9_EEA,T
G9_US,T
G9_U_EEA,T
G9_U_US,T
G9_V_EEA,T
GA7133,T
GA7333,T
GA826M,T
GA8N,T
GA8N2,T
GABA 2K Android TV,T
GABA 4K Android TV,T
GACRUX,T
GAKM10822,T
GALAPAD_S6,T
GAMETAB-ONE,T
GAOKEview_3576,T
GAP,T
GAP YOQ,T
GARAD_fire,T
GATA30812,T
GATA31012,T
GATM10822,T
GATM11022,T
GATM11033,T
GC-AA1,T
GD Tough Mobile,T
GD1 4K,T
GD500Plus,T
GDENTMY7317,T
GDL GigaX Y21,T
GEM,T
GEM-701L,T
GEM-702L,T
GEM-703L,T
GEM-703LT,T
GEMINI,T
GEN-10,T
GEN1,T
GENESIS_126,T
GEO,T
GEO10X,T
GEOFOX_MID743,T
GETAWAY,T
GETESA Sky blue,T
GETESA_niebla,T
GEVO E10,T
GF214-NEO,T
GF215-REY,T
GFY-LX2,T
GFY-LX2P,T
GFY-LX3,T
GG,T
GGuardTV,T
GH1,T
GH67A1,T
GHIA_A1,T
GHIA_A7,T
GHIA_AXIS7,T
GHIA_AXIS7P,T
GHIA_L1,T
GHIA_VECTOR_3G,T
GHIA_ZEUS_3G,T
GI-420,T
GI-530,T
GI-IFP,T
GIG-X14,T
GIGI_U1,T
GINI_D9,T
GINI_Tab_V7,T
GINI_Tab_V8,T
GINKGO,T
GIONEE A1,T
GIONEE F10,T
GIONEE F10 Plus,T
GIONEE F109,T
GIONEE F109L,T
GIONEE F109N,T
GIONEE F11,T
GIONEE F11VE,T
GIONEE F205,T
GIONEE F205 Pro,T
GIONEE F205L,T
GIONEE F6,T
GIONEE F6L,T
GIONEE F8 Neo,T
GIONEE F9,T
GIONEE F9 Plus,T
GIONEE GN5007,T
GIONEE GN5007L,T
GIONEE M12,T
GIONEE M15,T
GIONEE M7,T
GIONEE M7L,T
GIONEE M7Plus,T
GIONEE MAX,T
GIONEE P12,T
GIONEE P15,T
GIONEE P7,T
GIONEE S10,T
GIONEE S10 lite,T
GIONEE S10B,T
GIONEE S10BL,T
GIONEE S10C,T
GIONEE S10CL,T
GIONEE S10L,T
GIONEE S11,T
GIONEE S11 lite,T
GIONEE S11L,T
GIONEE S12,T
GIONEE W919,T
GIONEE X1,T
GIONEE_MAX Pro,T
GIU3A00,T
GIU6060,T
GIU6770,T
GIU6860,T
GK133,T
GK133D24,T
GK133M24,T
GK133M3,T
GK133N3,T
GK133P24,T
GK133S24,T
GK133S3,T
GK133T3,T
GK133U24,T
GK133V3,T
GK333M25,T
GK333P25,T
GK333U25,T
GK523A24,T
GK537,T
GK738_3G,T
GK788,T
GK879,T
GKL089,T
GL255,T
GL355,T
GL7220,T
GL9002,T
GLAD140Series,T
GLADWIN101,T
GLAM,T
GLO,T
GLO 2,T
GLOBAL GOOGLE TV,T
GLOBAL GOOGLE TV 4K,T
GLOBALSEC TAB TEN,T
GLTAB101,T
GLi,T
GLi 2020,T
GLi Lite,T
GM 5,T
GM 5 Plus,T
GM 5 Plus d,T
GM 5 d,T
GM 6,T
GM 6 d,T
GM 8,T
GM 8 d,T
GM 9 Plus,T
GM 9 Pro,T
GM 9 Pro d,T
GM Infotainment System,T
GM10,T
GM1900,T
GM1901,T
GM1903,T
GM1905,T
GM1910,T
GM1911,T
GM1913,T
GM1915,T
GM1917,T
GM1920,T
GM1925,T
GM30,T
GM6,T
GM7,T
GM8 go,T
GMC-668M,T
GMS_TAB10,T
GMT-08QA-2301,T
GN152,T
GN2200,T
GN3001,T
GN3001L,T
GN3002,T
GN3002L,T
GN3003,T
GN3003L,T
GN5001,T
GN5001L,T
GN5001S,T
GN5002,T
GN5003,T
GN5005,T
GN5005L,T
GN8001,T
GN8001L,T
GN8002,T
GN8002S,T
GN8003,T
GN8003L,T
GN9000,T
GN9005,T
GN9006,T
GN9007,T
GN9008,T
GN9010,T
GN9010L,T
GN9011,T
GN9012,T
GNE-N001S,T
GNE-N003S,T
GNG41RF,T
GNG51RU,T
GO 2,T
GO 3,T
GO Android TV Box,T
GO Onyx,T
GO Onyx LTE,T
GO Onyx mini,T
GO TV Box,T
GO-X,T
GO1,T
GO1004,T
GO1006,T
GO1008,T
GO1402S,T
GO1452,T
GO2,T
GO3C,T
GO3C Plus,T
GO3E,T
GO4.5S,T
GO404,T
GO506,T
GO5E,T
GO5_55,T
GO700FR,T
GO710FR,T
GO7BSC,T
GOA,T
GOAL_10_PLUS_3G,T
GOLD_77,T
GOLD_PRO,T
GOME_2018X07A,T
GOME_C7_Note,T
GOPAD,T
GOV-AI251,T
GP10X2019,T
GP20,T
GP333,T
GP8,T
GPAD702,T
GPH-650R,T
GPLUS F53,T
GPLUS_A2_Plus,T
GPLUS_FW6950,T
GPLUS_S9701,T
GPND133,T
GPND133V4,T
GPROseries,T
GPSTAB7 4G,T
GQ3103RH2,T
GQ3107TF3,T
GQ3112SH3,T
GQ3115TF5,T
GQ3116TF4,T
GQ3117SH2,T
GQ3121AF1,T
GQ3127RH1,T
GQ3128RH1,T
GQ3129RH1,T
GQ3131RF1,T
GQ5007AF2,T
GQ5007TF2,T
GQ5008AF3,T
GQ5008TF4,T
GQ5010,T
GQ5010AH1,T
GQ5012BF3,T
GQ5013TF1,T
GQ5015,T
GQ5015RH1,T
GQ5016TF1,T
GQ5017BF2,T
GQ5021AH2,T
GQ5021RH1,T
GQ8000BF2,T
GQ8001RH1,T
GQ8002RH1,T
GR-TB10S,T
GR-TB7,T
GR0006,T
GR1000BF4,T
GR1001TF1,T
GRA-M0,T
GRAND,T
GRANT,T
GRANZ4KAndroidTV,T
GRAVITY,T
GRAVITY 2,T
GRAVITY 3 4G,T
GRAVITY 3 PRO,T
GRAVITY 3G,T
GRAVITY 3G_2019,T
GRAVITY 4G,T
GRAVITY 4G_2019,T
GRAVITY 5 PRO,T
GRAVITY 5 SE,T
GRAVITY 6 SE 11,T
GRAVITY G64,T
GRAVITY G66,T
GRAVITY G67,T
GRAVITY G68,T
GRAVITY M,T
GRAVITY PLUS TAB 10,T
GRAVITY PRO,T
GRAVITY PRO 2,T
GRAVITY SE,T
GRAVITY TAB 8,T
GRAVITY ULTIMATE 2,T
GRAVITY Z,T
GRAVITY-2-MAX,T
GRAVITY2-4G,T
GRAVITY_2019,T
GRAVITY_3,T
GRAVITY_3_MINI,T
GRAVITY_3_SE,T
GRAVITY_4,T
GRAVITY_4_PLUS,T
GRAVITY_5_EEA,T
GRAVITY_OCTACORE,T
GRAVITY_PRO,T
GREEN HOUSE 2K SMART,T
GRINV1,T
GRUNKEL FHD Android TV,T
GRUNKEL UHD Android TV,T
GS-1008,T
GS-718,T
GS-918,T
GS01-Series,T
GS04-Series,T
GS08-Series,T
GS0882T,T
GS0883T,T
GS100,T
GS1081T,T
GS109M2A,T
GS109M3A,T
GS110,T
GS150,T
GS153,T
GS155,T
GS180,T
GS185,T
GS18_Series,T
GS190,T
GS195,T
GS270,T
GS270 plus,T
GS280,T
GS290,T
GS370,T
GS370_Plus,T
GS3G,T
GS53-6,T
GS55-6,T
GS57-6,T
GS6100,T
GS655,T
GS80,T
GS81TE,T
GS8A-L7,T
GSI on ARM64,T
GSJ,T
GSR,T
GSR2,T
GSW-H1000,T
GSmart Aku A1,T
GSmart Alto A2,T
GSmart Arty A3,T
GSmart G1310,T
GSmart G1315,T
GSmart G1317D,T
GSmart G1342,T
GSmart G1345,T
GSmart G1355,T
GSmart G1362,T
GSmart GS202,T
GSmart GS202+,T
GSmart Guru G1,T
GSmart Maya M1,T
GSmart Maya M1 v2,T
GSmart Mika M2,T
GSmart Mika M3,T
GSmart Rey R3,T
GSmart Rio R1,T
GSmart Roma R2,T
GSmart SX1,T
GSmart Saga S3,T
GSmart Sierra S1,T
GSmart T4,T
GSmart Tuku T2,T
GSmart7Tab,T
GT 70,T
GT 80Pro,T
GT-1015,T
GT-1045,T
GT-7100,T
GT-7205,T
GT-7550,T
GT-810,T
GT-8105,T
GT-B5330,T
GT-B5330B,T
GT-B5330L,T
GT-B5510,T
GT-B5510B,T
GT-B5510L,T
GT-B5512,T
GT-B5512B,T
GT-B7510,T
GT-B7510B,T
GT-B7510L,T
GT-B7810,T
GT-B9062,T
GT-B9120,T
GT-B9150,T
GT-I5500,T
GT-I5500B,T
GT-I5500L,T
GT-I5500M,T
GT-I5503,T
GT-I5503T,T
GT-I5508,T
GT-I5510,T
GT-I5510L,T
GT-I5700,T
GT-I5700L,T
GT-I5700R,T
GT-I5800,T
GT-I5800D,T
GT-I5800L,T
GT-I5801,T
GT-I8150,T
GT-I8150B,T
GT-I8150T,T
GT-I8160,T
GT-I8160L,T
GT-I8160P,T
GT-I8190,T
GT-I8190L,T
GT-I8190N,T
GT-I8190T,T
GT-I8200,T
GT-I8200L,T
GT-I8200N,T
GT-I8200Q,T
GT-I8250,T
GT-I8258,T
GT-I8260,T
GT-I8260E,T
GT-I8260L,T
GT-I8262,T
GT-I8262B,T
GT-I8268,T
GT-I8530,T
GT-I8550E,T
GT-I8550L,T
GT-I8552,T
GT-I8552B,T
GT-I8558,T
GT-I8580,T
GT-I8730,T
GT-I8730T,T
GT-I9000,T
GT-I9000B,T
GT-I9000M,T
GT-I9000T,T
GT-I9001,T
GT-I9003,T
GT-I9003L,T
GT-I9008L,T
GT-I9010,T
GT-I9018,T
GT-I9050,T
GT-I9060,T
GT-I9060C,T
GT-I9060I,T
GT-I9060L,T
GT-I9060M,T
GT-I9063T,T
GT-I9070,T
GT-I9070P,T
GT-I9080E,T
GT-I9080L,T
GT-I9082,T
GT-I9082C,T
GT-I9082L,T
GT-I9082i,T
GT-I9100,T
GT-I9100G,T
GT-I9100M,T
GT-I9100P,T
GT-I9100T,T
GT-I9103,T
GT-I9105,T
GT-I9105P,T
GT-I9108,T
GT-I9118,T
GT-I9128,T
GT-I9128E,T
GT-I9128I,T
GT-I9128V,T
GT-I9150,T
GT-I9152,T
GT-I9152P,T
GT-I9158,T
GT-I9158P,T
GT-I9158V,T
GT-I9168,T
GT-I9168I,T
GT-I9190,T
GT-I9192,T
GT-I9192I,T
GT-I9195,T
GT-I9195I,T
GT-I9195L,T
GT-I9195T,T
GT-I9195X,T
GT-I9197,T
GT-I9200,T
GT-I9205,T
GT-I9208,T
GT-I9210,T
GT-I9210T,T
GT-I9220,T
GT-I9228,T
GT-I9230,T
GT-I9235,T
GT-I9260,T
GT-I9268,T
GT-I9295,T
GT-I9300,T
GT-I9300I,T
GT-I9300T,T
GT-I9301I,T
GT-I9301Q,T
GT-I9305,T
GT-I9305N,T
GT-I9305T,T
GT-I9308,T
GT-I9308I,T
GT-I9500,T
GT-I9502,T
GT-I9505,T
GT-I9505G,T
GT-I9505X,T
GT-I9506,T
GT-I9507,T
GT-I9507V,T
GT-I9508,T
GT-I9508C,T
GT-I9508V,T
GT-I9515,T
GT-I9515L,T
GT-N5100,T
GT-N5105,T
GT-N5110,T
GT-N5120,T
GT-N7000,T
GT-N7005,T
GT-N7100,T
GT-N7100T,T
GT-N7102,T
GT-N7102i,T
GT-N7105,T
GT-N7105T,T
GT-N7108,T
GT-N7108D,T
GT-N8000,T
GT-N8005,T
GT-N8010,T
GT-N8013,T
GT-N8020,T
GT-P1000,T
GT-P1000L,T
GT-P1000M,T
GT-P1000N,T
GT-P1000R,T
GT-P1000T,T
GT-P1010,T
GT-P1013,T
GT-P3100,T
GT-P3100B,T
GT-P3105,T
GT-P3110,T
GT-P3113,T
GT-P5100,T
GT-P5110,T
GT-P5113,T
GT-P5200,T
GT-P5210,T
GT-P5210XD1,T
GT-P5220,T
GT-P6200,T
GT-P6200L,T
GT-P6201,T
GT-P6210,T
GT-P6211,T
GT-P6800,T
GT-P6810,T
GT-P7100,T
GT-P7300,T
GT-P7310,T
GT-P7320,T
GT-P7500,T
GT-P7500D,T
GT-P7501,T
GT-P7503,T
GT-P7510,T
GT-P7511,T
GT-S5280,T
GT-S5282,T
GT-S5283B,T
GT-S5300,T
GT-S5300B,T
GT-S5300L,T
GT-S5301,T
GT-S5301B,T
GT-S5301L,T
GT-S5302,T
GT-S5302B,T
GT-S5303,T
GT-S5303B,T
GT-S5310,T
GT-S5310B,T
GT-S5310C,T
GT-S5310E,T
GT-S5310G,T
GT-S5310I,T
GT-S5310L,T
GT-S5310M,T
GT-S5310N,T
GT-S5310T,T
GT-S5312,T
GT-S5312B,T
GT-S5312C,T
GT-S5312L,T
GT-S5312M,T
GT-S5360,T
GT-S5360B,T
GT-S5360L,T
GT-S5360T,T
GT-S5363,T
GT-S5368,T
GT-S5369,T
GT-S5570,T
GT-S5570B,T
GT-S5570I,T
GT-S5570L,T
GT-S5578,T
GT-S5660,T
GT-S5660B,T
GT-S5660L,T
GT-S5660M,T
GT-S5660V,T
GT-S5670,T
GT-S5670B,T
GT-S5670L,T
GT-S5690,T
GT-S5690L,T
GT-S5690M,T
GT-S5690R,T
GT-S5830,T
GT-S5830B,T
GT-S5830C,T
GT-S5830D,T
GT-S5830F,T
GT-S5830G,T
GT-S5830L,T
GT-S5830M,T
GT-S5830T,T
GT-S5830i,T
GT-S5831i,T
GT-S5838,T
GT-S5839i,T
GT-S6010,T
GT-S6010L,T
GT-S6012,T
GT-S6012B,T
GT-S6102,T
GT-S6102B,T
GT-S6102E,T
GT-S6108,T
GT-S6293T,T
GT-S6310,T
GT-S6310B,T
GT-S6310L,T
GT-S6310N,T
GT-S6310T,T
GT-S6312,T
GT-S6313T,T
GT-S6352,T
GT-S6358,T
GT-S6500,T
GT-S6500D,T
GT-S6500L,T
GT-S6500T,T
GT-S6790,T
GT-S6790E,T
GT-S6790L,T
GT-S6790N,T
GT-S6792L,T
GT-S6800,T
GT-S6802,T
GT-S6802B,T
GT-S6810,T
GT-S6810B,T
GT-S6810E,T
GT-S6810L,T
GT-S6810M,T
GT-S6810P,T
GT-S6812,T
GT-S6812B,T
GT-S6812C,T
GT-S6812i,T
GT-S6818,T
GT-S6818V,T
GT-S7262,T
GT-S7270,T
GT-S7270L,T
GT-S7272,T
GT-S7272C,T
GT-S7275,T
GT-S7275B,T
GT-S7275R,T
GT-S7275T,T
GT-S7275Y,T
GT-S7278,T
GT-S7278U,T
GT-S7390,T
GT-S7390E,T
GT-S7390G,T
GT-S7390L,T
GT-S7392,T
GT-S7392L,T
GT-S7500,T
GT-S7500L,T
GT-S7500T,T
GT-S7500W,T
GT-S7508,T
GT-S7560,T
GT-S7560M,T
GT-S7562,T
GT-S7562C,T
GT-S7562L,T
GT-S7562i,T
GT-S7566,T
GT-S7568,T
GT-S7568I,T
GT-S7572,T
GT-S7580,T
GT-S7580E,T
GT-S7580L,T
GT-S7582,T
GT-S7582L,T
GT-S7583T,T
GT-S7710,T
GT-S7710L,T
GT-S7898,T
GT-S7898I,T
GT-i5700,T
GT10-B16,T
GT1001,T
GT10K3IPS,T
GT20,T
GT540,T
GT540GO,T
GT540R,T
GT540f,T
GT60,T
GT60 PRO,T
GT7-B16,T
GT70053G,T
GT7007EQC,T
GT78-VN,T
GTA7PLUS,T
GTA7WF,T
GTAB718,T
GTABKIDS,T
GTABPND,T
GTB 1050,T
GTB 801,T
GTB 850,T
GTB103M,T
GTB_106,T
GTI_T60,T
GTKIDS7,T
GTKIDS7-100,T
GTKIDS7A,T
GTKIDS7B,T
GTKIDS7R,T
GTKIDS7R8,T
GTKIDS7V,T
GTKIDS7V8,T
GTPND7,T
GTTODD7,T
GTV,T
GTV100,T
GTVR10S,T
GTX_JACULUS,T
GTX_JACULUS_01,T
GT_METAL_TAB10,T
GT_TAB10,T
GT_TAB7,T
GT_Tab,T
GT_Tab_3G,T
GV7790,T
GVLTE,T
GVLTE2,T
GVP133,T
GVPN2,T
GVPNT,T
GW Pad S11,T
GW2-L1049,T
GW620,T
GWAT10_1,T
GWAT8_1,T
GWPad-S11,T
GWPad-S11-1,T
GX-CJ680CL,T
GX-JJ680CM,T
GX01C,T
GX2,T
GX290,T
GX600C,T
GX655,T
GX700C,T
GYRO S6001,T
GZ01C,T
Galactic_Astro,T
Galaxy,T
Galaxy Nexus,T
Galaxy X,T
Gama_Tab_X8,T
GamePad,T
Garmin-Asus A50,T
Garminfone,T
Gathers PR3A,T
Gear Live,T
Gear_PRO,T
Gear_PRO2,T
Gem Box F500,T
Gemini1_SE,T
Gemini_4G,T
Gen 6 Wellness,T
Gen 6 Wellness Edition,T
General Mobile 4G,T
General Mobile 4G Dual,T
Genesis_S8,T
Geo S7,T
Geo S9,T
Germany,T
Get boX,T
Get box,T
GetMi_Plus_95,T
Getac Z710,T
Gevo S6801,T
Ghost,T
GiONEE S7,T
Giant,T
GigaTV,T
GigaX S7,T
GigaX S7 Plus,T
GigaX Y11,T
GigaX Y30,T
Gigabyte TB100,T
Gigaset GS160,T
Gigaset GS170,T
Gigaset QV1030,T
Gigaset QV830,T
Gigaset QV831,T
Gigax Y10,T
Gini n8,T
Gini n9,T
Gini w7,T
Ginzzu GT-1050,T
Ginzzu GT-7115,T
Ginzzu GT-7210,T
Ginzzu GT-8110,T
GioneeStar,T
Gionee_Star,T
Giyafa,T
Glacier,T
Gladiator,T
Glam,T
Glaze,T
Global3 B01,T
Glory EDA50K,T
Glory Z1,T
Glory50,T
Glory_i30,T
Glow,T
Gm81,T
Go,T
Go Connect Lite 2,T
Go Onyx HD,T
Go SP 2,T
Go3 BOX,T
GoPad8,T
GoPlus 4k,T
GoTab_GBT10,T
GoalPlus,T
Golf,T
Gone,T
Good,T
Google Monitor,T
Google Pixel Slate,T
Google Pixelbook,T
Google Pixelbook Go,T
Gorgeo_4GL,T
Gpad701,T
Gpad_U,T
Gplus P10,T
Gplus P10 2022,T
Gplus P10+,T
Gplus S10,T
Gplus X10,T
Gplus X10+,T
Gplus Z10,T
Grace 9,T
Grand,T
Grand 5.5 HD II,T
Grand Energy,T
Grand M,T
Grand M2,T
Grand M2 LTE,T
Grand M2X,T
Grand M3,T
Grand Max,T
Grand Memo,T
Grand Mini,T
Grand Prime,T
Grand Pro,T
Grand S Flex,T
Grand S Lite,T
Grand X,T
Grand X In,T
Grand X LTE,T
Grand X Pro,T
Grand X(M),T
Grand X2 In,T
Grand XL,T
Grand XL LTE,T
Grande,T
Graphos A10,T
Gravity,T
Gravity Life,T
Gravity Max,T
Gravity Z2,T
GravityQuad,T
Gravity_55_GO,T
Gravity_5_GO,T
Gravity_6P,T
Gravity_6P_Plus,T
Gravity_7P,T
Great Wall T709,T
Griffe G5,T
Griffe T10,T
Griffe T2,T
Griffe T3,T
Griffe T5,T
Griffe T6,T
Griffe T7,T
Griffe T8,T
Griffe T8 Plus,T
Griffe T9,T
Griffe T9 Plus,T
Grundig Nano QLED,T
Grunkel 2K Android TV,T
Gseries,T
Gtel Delta 16,T
Gtel Infinity 8s,T
Gtel Infinity 9,T
Gtel Infinity X,T
Gtel Mx5,T
Gtel X5,T
Gtel X5plus,T
Gtel X6mini,T
Gtel X6plus,T
Gtel X6pro,T
Gtel X6s,T
Gtel X7plus,T
Gtel X7pro,T
Gtel X7s,T
Gtel_Delta_17,T
Gtel_Vivo3,T
Gtel_X5mini,T
Gtel_X5pro,T
Gtel_X5s,T
Gtwo,T
Guardian,T
H-27,T
H-35,T
H-Series,T
H0030,T
H0031,T
H0053,T
H1,T
H10,T
H1003_LTE_PRO,T
H1003_LTE_PRO1,T
H1003_LTE_PRO3,T
H1004_LTE,T
H101,T
H1010,T
H1010_M50,T
H10885M,T
H10888M,T
H10Pro,T
H10XS,T
H10_EEA,T
H10_ONE,T
H10_US,T
H11,T
H11-EEA,T
H110,T
H14,T
H15,T
H16,T
H1611,T
H1621,T
H1622,T
H1623,T
H166,T
H17,T
H170,T
H1711,T
H1711z,T
H18,T
H19,T
H1A,T
H1A1000,T
H1s,T
H2,T
H20,T
H2022,T
H21,T
H210,T
H220,T
H24,T
H270,T
H28,T
H2A,T
H2R,T
H3,T
H30-C00,T
H30-L02,T
H30-T00,T
H30-T10,T
H30-U10,T
H300,T
H310,T
H3113,T
H3123,T
H3133,T
H3213,T
H3223,T
H3311,T
H3321,T
H34,T
H3413,T
H370,T
H38,T
H400,T
H40_EEA,T
H410,T
H4113,T
H4133,T
H4213,T
H4233,T
H4311,T
H4331,T
H44,T
H4413,T
H4493,T
H450R,T
H460,T
H5,T
H5013,T
H5032_Orange,T
H51,T
H5111,T
H5111L,T
H5111L_MTN,T
H5111L_Mascom,T
H5112,T
H58,T
H5A,T
H5_DLIVE,T
H6,T
H60-L01,T
H60-L02,T
H60-L03,T
H60-L04,T
H60-L11,T
H60-L12,T
H60-L21,T
H6032,T
H6032 Plus,T
H6033,T
H620B,T
H620SEU,T
H621SEU,T
H632B,T
H634 BLK,T
H6511,T
H6573,T
H6682,T
H6682_Airtel_DRC,T
H6682_VDC_TZ,T
H6733,T
H6733 Pro,T
H67A1,T
H67G,T
H6821,T
H6LM,T
H7,T
H702,T
H70_G,T
H710VL,T
H715BL,T
H732B,T
H7835M,T
H7885M,T
H7S,T
H7_EEA,T
H7_ONE,T
H7_US,T
H8,T
H800,T
H80A,T
H81,T
H8116,T
H8166,T
H8216,T
H8266,T
H8276,T
H8296,T
H8314,T
H8324,T
H8416,T
H8502,T
H882L,T
H8_EEA,T
H8_Life,T
H8_US,T
H93A,T
H940,T
H9436,T
H9493,T
HA-007,T
HA-008,T
HA10,T
HA10Kids,T
HA90,T
HAEHNE,T
HAFURY MIX,T
HAFURY UMAX,T
HAKO Pro,T
HAKO mini,T
HALO,T
HAMMER_AXE_M_LTE,T
HAMMER_ENERGY,T
HANJI,T
HARDCASEH500S,T
HARDCASEH550S,T
HARRY,T
HAT4KDTV,T
HAUS JS408,T
HB35,T
HB72,T
HB73,T
HB76,T
HB79,T
HB82,T
HB83,T
HBDC-1122,T
HBDC-822,T
HB_X7,T
HBook-Prime,T
HBook-Pro,T
HC20,T
HC25,T
HC43,T
HC50,T
HC55,T
HC750,T
HCA-6010,T
HCB,T
HCB_5186,T
HCB_52series,T
HCE600,T
HCH03,T
HCPxx10,T
HCTT1,T
HD PSEB v2,T
HD PSEB v3,T
HD PSEB v4,T
HD Plus,T
HD1900,T
HD1901,T
HD1903,T
HD1905,T
HD1907,T
HD1910,T
HD1911,T
HD1913,T
HD1925,T
HD55,T
HD60,T
HD60L,T
HD60i,T
HD62,T
HD65,T
HD65_PLUS,T
HD65_Select,T
HD65_Ultra,T
HD67,T
HDFocusC8,T
HDJN,T
HDL-AL09,T
HDL-W09,T
HDN-L09,T
HDN-W09,T
HDP,T
HDT-7427GU,T
HDT-7433H,T
HDT-7433X,T
HDT-9421G,T
HDT-9421GU,T
HDT-9433X,T
HDT-A421GU,T
HDT-A435G4,T
HDT_1064GS,T
HDT_7427G,T
HDT_7427G_PLUS,T
HDT_7433H_PLUS,T
HD_series,T
HE2704,T
HEAVEN 10.1,T
HEC Android TV 2K,T
HEC MatrixTV ER,T
HELIOS,T
HELIOS_Plus,T
HERO,T
HERO 10,T
HERO 20,T
HERO 4ALL,T
HERO 9,T
HERO B1,T
HERO-SP001,T
HERO10RK,T
HERO200,T
HERO_20_PRO,T
HERO_70,T
HERO_DS,T
HERO_X,T
HEY-W09,R
HEY2-N09,R
HEY2-W09,R
HEY3-N09,R
HEY3-W00,R
HEY3-W10,T
HEY4-AN00,T
HEY4-N09,R
HEY4-W09,R
HEY4-W19,T
HEYOU10,T
HEYOU3,T
HEYOU40,T
HEYOU5,T
HEYOU50,T
HEYOU60,T
HF450,T
HF550,T
HF550_RU,T
HF550x,T
HG-9041,T
HG680_FJ,T
HH25,T
HHT7AX_HK1,T
HHT7AX_TW1,T
HHT7A_HK1,T
HHT7A_TW1,T
HHT8B,T
HIDB 4K,T
HIDRA 807,T
HIGHWAY,T
HIGHWAY 4G,T
HIGHWAY PURE,T
HIGHWAY SIGNS,T
HIGHWAY STAR,T
HIHI-40KH-TAB-01,T
HIHI-41KH-TAB-1,T
HIHI-41KH-TAB-1-EEA,T
HIHI-50KH-TAB-1,T
HIKING_A18,T
HIK_3576,T
HIK_3588,T
HIK_9679,T
HIMADE4KAndroidTV,T
HIP-T66,T
HIT,T
HIT P10a,T
HIT P8,T
HIT Q401 3G HT4039PG,T
HIT Q500 3G HT5035PG,T
HITV101C,T
HITV102C,T
HITV103C,T
HITV105C,T
HITV200C,T
HITV201C,T
HITV300C,T
HITV512C,T
HJ4KAndroidTV,T
HJD-TM54-1612H,T
HJTD,T
HJ_M2,T
HJ_TD,T
HK-914581,T
HK-M01,T
HK-MH501,T
HK566,T
HK7-3502,T
HK9-4010,T
HK9-K5023,T
HKCREA_Series,T
HKM_Android_Box,T
HKU7A,T
HL-1012A-333U,T
HL106,T
HL4736,T
HL4936,T
HL5576,T
HL5585,T
HL5677,T
HL6077,T
HL6248,T
HL6256,T
HL6577,T
HL7257,T
HL9000,T
HLK-AL00,T
HLTE100E_10,T
HLTE100M,T
HLTE103E,T
HLTE103E E20,T
HLTE200M,T
HLTE200T,T
HLTE202N,T
HLTE203T,T
HLTE210M,T
HLTE210T,T
HLTE212T,T
HLTE213T,T
HLTE220E,T
HLTE221E.20,T
HLTE223E,T
HLTE223E.40,T
HLTE229E,T
HLTE230E,T
HLTE230E_01,T
HLTE300E,T
HLTE300E_02,T
HLTE300T,T
HLTE310M,T
HLTE310T,T
HLTE311T,T
HLTE500T,T
HLTE501N,T
HLTE510M,T
HLTE510T,T
HLTE700T,T
HLTE730T,T
HL_1068_A133,T
HL_1088_A133P,T
HM,T
HM 1AC,T
HM 1S,T
HM 1SC,T
HM 1SW,T
HM 2A,T
HM NOTE 1LTE,T
HM NOTE 1LTETD,T
HM NOTE 1LTEW,T
HM NOTE 1S,T
HM NOTE 1TD,T
HM NOTE 1W,T
HM-1005,T
HM-G152-FL,T
HM-G552-FL,T
HM-G553-FL,T
HM-G701-FL,T
HM-I557-FL,T
HM-N501-FL,T
HM-N700-FL,T
HM-V6,T
HMA-AL00,T
HMA-L09,T
HMA-L29,T
HMA-TL00,T
HMB2213PW22TS,T
HMB2213PW22WA,T
HMD ARC,T
HMD Aura,T
HMD CREST,T
HMD CREST MAX,T
HMD Fusion,T
HMD Fusion Business Edition,T
HMD KEY,T
HMD Pearl,T
HMD Pulse,T
HMD Pulse Plus,T
HMD Pulse Pro,T
HMD Skyline,T
HMD Skyline Business Edition,T
HMD T21,T
HMD Vibe2 5G,T
HMD XR21,T
HMI04_RK3326S,T
HMP8100_ATV_93,T
HMP8100_ATV_INT,T
HMR5012,T
HMR5450,T
HMS-PD-X1C-3,T
HN2-M16P,T
HN2-M16Q,T
HN2-M87P,T
HNPD01,T
HNR550T,T
HNR551T,T
HOFFMANN X-Prime,T
HONOR H30-L01,T
HONOR H30-L01M,T
HONOR H30-L02,T
HORIZON,T
HORIZON Android TV,T
HORIZON LITE PLUS,T
HORIZON_M,T
HOT 6,T
HOT MINI,T
HOT ONE,T
HOT Streamer,T
HOT Streamer V3,T
HOT Streamer V5,T
HOT_30,T
HP 10,T
HP 10 Plus,T
HP 7,T
HP 7 G2,T
HP 7 Plus,T
HP 7 Plus G2,T
HP 7 VoiceTab,T
HP 7.1,T
HP 8,T
HP 8 G2,T
HP BRIDGE,T
HP Engage Go 10 Mobile System,T
HP Engage One Essential All-in-One System,T
HP Engage One Pro AIO System,T
HP OMEN 32x,T
HP Pro 8 Tablet with Voice,T
HP Pro Slate 10 EE G1,T
HP Pro Slate 12,T
HP Pro Slate 8,T
HP Slate 10 HD,T
HP Slate 10 Plus,T
HP Slate 17,T
HP Slate 6 Voice Tab,T
HP Slate 6 Voice Tab II,T
HP Slate 6 VoiceTab Plus,T
HP Slate 7,T
HP Slate 7 Beats Special Edition,T
HP Slate 7 HD,T
HP Slate 7 Plus,T
HP Slate 7 Voice Tab,T
HP Slate 7 VoiceTab Ultra,T
HP Slate 8 Plus,T
HP Slate 8 Pro,T
HP Slate7 Beats Special Edition,T
HP Slate7 Extreme,T
HP SlateBook 10 x2 PC,T
HP SlateBook 14 PC,T
HP TV,T
HP-01A,T
HP2707,T
HP2714,T
HP4411,T
HP44H-mtel,T
HP4633,T
HP5116,T
HP5432,T
HPA02,T
HPAD-IP8045,T
HPAD-M2,T
HPAD-T80,T
HPAD_IA65,T
HPAD_IP8045,T
HPAD_IP8045_1,T
HPE device,T
HPN-QA15,T
HPP-GS1,T
HPP-L55,T
HPP-L55B,T
HPPAP16,T
HPPAP33,T
HPPAP35,T
HPPAP40,T
HPPH82A,T
HPPH88C,T
HPPH88L,T
HPPL60A,T
HPPL60B,T
HPPL61B,T
HPPL63A,T
HPPL67A,T
HPPN10A,T
HPPR10A,T
HPPR20A,T
HP_10_Tablet,T
HRS2000,T
HRY-AL00,T
HRY-AL00T,T
HRY-AL00Ta,T
HRY-AL00a,T
HRY-LX1,T
HRY-LX1MEB,T
HRY-LX1T,T
HRY-LX2,T
HRY-TL00,T
HRY-TL00T,T
HS Boost 4,T
HS-10DTB12,T
HS-10DTB4,T
HS-10DTB41-8GB,T
HS-10DTB8,T
HS-7DTB25,T
HS-7DTB27,T
HS-7DTB29-8GB,T
HS-7DTB35,T
HS-7DTB39,T
HS-7DTB40-8GB,T
HS-9DTB7A,T
HS-E200T,T
HS-E260T,T
HS-E600M,T
HS-E620M,T
HS-E917,T
HS-E936,T
HS-E968,T
HS-EG916,T
HS-EG929,T
HS-EG936D,T
HS-EG939,T
HS-EG958,T
HS-EG966,T
HS-EG971,T
HS-EG978,T
HS-EG980,T
HS-EG981,T
HS-EG98C,T
HS-G610,T
HS-H800T,T
HS-I630M,T
HS-I630T,T
HS-L671,T
HS-L682,T
HS-L691,T
HS-L695,T
HS-T9,T
HS-T926,T
HS-T928,T
HS-T939,T
HS-T959,T
HS-T959S,T
HS-T959S1,T
HS-T966,T
HS-T967,T
HS-T968,T
HS-T968S,T
HS-T970,T
HS-T978,T
HS-T980,T
HS-U601,T
HS-U602,T
HS-U606,T
HS-U609,T
HS-U610,T
HS-U688,T
HS-U800,T
HS-U800E-1,T
HS-U820,T
HS-U9,T
HS-U912,T
HS-U929,T
HS-U936,T
HS-U939,T
HS-U950,T
HS-U961,T
HS-U966,T
HS-U970,T
HS-U970E,T
HS-U971,T
HS-U978,T
HS-U98,T
HS-U980,T
HS-U988,T
HS-X1,T
HS-X5T,T
HS-X68T,T
HS-X6T,T
HS-X8C,T
HS-X8T,T
HS-X8U,T
HS29779-18,T
HSD-215,T
HSD-M03,T
HSD0008,T
HSD01,T
HSG1279,T
HSG1341,T
HSG1351,T
HSG1360,T
HSG1376,T
HSG1415,T
HSG1416,T
HSG1416A,T
HSG1472,T
HSG1500,T
HSG1501,T
HSG1501A,T
HSG_Series,T
HSN_Series,T
HS_10DTB12A,T
HS_7DTB14,T
HS_7DTB35,T
HS_9DTB37,T
HS_IFPD08,T
HT-001,T
HT-704,T
HT-704plus,T
HT-705,T
HT-705 Go,T
HT-705-G PLUS,T
HT-705PRO,T
HT-705XS,T
HT-I860,T
HT0701L16,T
HT0701LI16,T
HT0701W16,T
HT0702W08,T
HT0703K16,T
HT0703W08,T
HT0704K08,T
HT0704W08,T
HT1,T
HT10,T
HT10-A,T
HT10-AB,T
HT10-PRO,T
HT1002LI32,T
HT1002W16,T
HT1002W32,T
HT1003W16,T
HT1003X16,T
HT1004L16,T
HT1004LI16,T
HT10LA2MSGNA01,T
HT10LA2MSGNA02,T
HT10LB2MBKLTM02,T
HT10LB3MBKLTM,T
HT10LB3MBKWW,T
HT10LC1MBKLTM,T
HT10LC1MBKLTM01,T
HT10LC1MBKWW01,T
HT10LC2MBKLTM,T
HT10LC2MBKWW01,T
HT10Pro,T
HT10_Plus,T
HT10_Ultra,T
HT16,T
HT16S,T
HT28,T
HT330,T
HT65,T
HT70,T
HT730,T
HT730P,T
HT7WB1RBK,T
HT7WC1PBK,T
HT80,T
HT8LAB1PBKLTM,T
HT8LAB1PBKWW01,T
HT8LAB1RBKWW01,T
HT8WB1RBK01,T
HT8WB1RBK02,T
HT8WB1RBK02A,T
HT8WB1RBK03,T
HTA11,T
HTB801,T
HTC 0P6B9,T
HTC 0P6B900,T
HTC 0P9C8,T
HTC 0P9O30,T
HTC 0PAJ4,T
HTC 0PCV20,T
HTC 0PE64,T
HTC 0PE65,T
HTC 0PF11,T
HTC 0PF120,T
HTC 0PFH11,T
HTC 0PFH2,T
HTC 0PFJ4,T
HTC 0PGQ1,T
HTC 0PJA10,T
HTC 0PK71,T
HTC 0PK72,T
HTC 0PKX2,T
HTC 0PL31,T
HTC 0PL41,T
HTC 0PL4100,T
HTC 0PLA1,T
HTC 0PM11,T
HTC 0PM31,T
HTC 0PM912,T
HTC 0PM92,T
HTC 10,T
HTC 10 Lifestyle,T
HTC 10 evo,T
HTC 2PNT1,T
HTC 2PQ83,T
HTC 2PQ84,T
HTC 2PQ910,T
HTC 2PRE2,T
HTC 2PRE4,T
HTC 2PRG100,T
HTC 2PS5200,T
HTC 2PS6200,T
HTC 2PS63,T
HTC 2PST1,T
HTC 2PST2,T
HTC 2PST3,T
HTC 2PST5,T
HTC 2PUK1,T
HTC 2PUK2,T
HTC 2PVD1,T
HTC 2PVG2,T
HTC 2PWD1,T
HTC 2PWD2,T
HTC 2PXH1,T
HTC 2PXH2,T
HTC 2PXH3,T
HTC 2PYA3,T
HTC 2PYR1,T
HTC 2PZC100,T
HTC 2PZF1,T
HTC 2PZM3,T
HTC 2PZS1,T
HTC 2Q4D200,T
HTC 2Q4R1,T
HTC 2Q4R100,T
HTC 2Q4R300,T
HTC 2Q551,T
HTC 2Q551+,T
HTC 2Q55100,T
HTC 2Q552,T
HTC 2Q55300,T
HTC 2Q5V1,T
HTC 2Q5V200,T
HTC 2Q5W1,T
HTC 2Q5W2,T
HTC 2Q6E1,T
HTC 2Q721,T
HTC 2Q7A100,T
HTC 2Q9J10000,T
HTC 301e,T
HTC 5060,T
HTC 5088,T
HTC 5G Hub,T
HTC 601e,T
HTC 606w,T
HTC 608t,T
HTC 609d,T
HTC 6160,T
HTC 619d,T
HTC 7088,T
HTC 709d,T
HTC 801e,T
HTC 802d,T
HTC 802t,T
HTC 802t 16GB,T
HTC 802w,T
HTC 803e,T
HTC 8060,T
HTC 8088,T
HTC 809d,T
HTC 8160,T
HTC 901e,T
HTC 9060,T
HTC 9088,T
HTC 919d,T
HTC A100,T
HTC A101,T
HTC A101 Plus,T
HTC A102,T
HTC A103,T
HTC A103 Plus,T
HTC A104,T
HTC A105 Plus,T
HTC A9w,T
HTC AT01,T
HTC AT01 Plus,T
HTC AT02 Plus,T
HTC Acquire,T
HTC Amaze 4G,T
HTC Aria,T
HTC Aria A6380,T
HTC Bee,T
HTC Butterfly,T
HTC Butterfly 2,T
HTC Butterfly s,T
HTC C2,T
HTC ChaCha A810b,T
HTC ChaCha A810e,T
HTC ChaChaCha A810e,T
HTC D10w,T
HTC D310w,T
HTC D316d,T
HTC D516d,T
HTC D516t,T
HTC D516w,T
HTC D610t,T
HTC D616w,T
HTC D626d,T
HTC D626t,T
HTC D626w,T
HTC D728w,T
HTC D816d,T
HTC D816e,T
HTC D816h,T
HTC D816t,T
HTC D816v,T
HTC D816w,T
HTC D820mt,T
HTC D820mu,T
HTC D820t,T
HTC D820ts,T
HTC D820u,T
HTC D820us,T
HTC D826d,T
HTC D826sw,T
HTC D826t,T
HTC D826w,T
HTC D828w,T
HTC D830u,T
HTC DLXUB1,T
HTC DLX_U,T
HTC Desire,T
HTC Desire 10 compact,T
HTC Desire 10 lifestyle,T
HTC Desire 10 pro,T
HTC Desire 12,T
HTC Desire 12 (2Q5V200),T
HTC Desire 12+,T
HTC Desire 12s,T
HTC Desire 19+,T
HTC Desire 19s,T
HTC Desire 20 Pro,T
HTC Desire 20+,T
HTC Desire 200,T
HTC Desire 21 pro 5G,T
HTC Desire 210 dual sim,T
HTC Desire 22 pro,T
HTC Desire 300,T
HTC Desire 310,T
HTC Desire 310 dual sim,T
HTC Desire 320,T
HTC Desire 326G dual sim,T
HTC Desire 400 dual sim,T
HTC Desire 500,T
HTC Desire 500 dual sim,T
HTC Desire 501,T
HTC Desire 501 dual sim,T
HTC Desire 510,T
HTC Desire 512,T
HTC Desire 516 dual sim,T
HTC Desire 526,T
HTC Desire 526G,T
HTC Desire 526G dual sim,T
HTC Desire 526GPLUS dual sim,T
HTC Desire 530,T
HTC Desire 550,T
HTC Desire 555,T
HTC Desire 600,T
HTC Desire 600 dual sim,T
HTC Desire 600c dual sim,T
HTC Desire 601,T
HTC Desire 601 dual sim,T
HTC Desire 610,T
HTC Desire 612,T
HTC Desire 616 dual sim,T
HTC Desire 620,T
HTC Desire 620G dual sim,T
HTC Desire 625,T
HTC Desire 626,T
HTC Desire 626 dual sim,T
HTC Desire 626G dual sim,T
HTC Desire 626GPLUS dual sim,T
HTC Desire 626s,T
HTC Desire 628,T
HTC Desire 628 dual sim,T
HTC Desire 630 dual sim,T
HTC Desire 650,T
HTC Desire 650 dual sim,T
HTC Desire 700 dual sim,T
HTC Desire 728,T
HTC Desire 728 dual sim,T
HTC Desire 728G dual sim,T
HTC Desire 816,T
HTC Desire 816 dual sim,T
HTC Desire 816G,T
HTC Desire 816G dual sim,T
HTC Desire 820,T
HTC Desire 820 dual sim,T
HTC Desire 820G PLUS dual sim,T
HTC Desire 820G dual sim,T
HTC Desire 820q dual sim,T
HTC Desire 820s dual sim,T
HTC Desire 825,T
HTC Desire 825 dual sim,T
HTC Desire 826 dual sim,T
HTC Desire 828,T
HTC Desire 828 dual sim,T
HTC Desire 830,T
HTC Desire 830 dual sim,T
HTC Desire C,T
HTC Desire EYE,T
HTC Desire Eye,T
HTC Desire HD A9191,T
HTC Desire L dual sim,T
HTC Desire P,T
HTC Desire Q,T
HTC Desire S,T
HTC Desire SV,T
HTC Desire U,T
HTC Desire U dual sim,T
HTC Desire V,T
HTC Desire VC,T
HTC Desire VC T328d,T
HTC Desire X,T
HTC Desire X dual sim,T
HTC Desire XC dual sim,T
HTC Dream,T
HTC E9pt,T
HTC E9pw,T
HTC E9t,T
HTC E9w,T
HTC EVARE_UL,T
HTC EVA_UTL,T
HTC EVO 3D X515a,T
HTC EVO 3D X515m,T
HTC EVO Design C715e,T
HTC Explorer,T
HTC Explorer A310b,T
HTC Explorer A310e,T
HTC Flyer,T
HTC Flyer P510e,T
HTC Flyer P511e,T
HTC Flyer P512,T
HTC Glacier,T
HTC Gratia A6380,T
HTC Hero,T
HTC Hero S,T
HTC Incredible S,T
HTC IncredibleS S710d,T
HTC Inspire 3D,T
HTC J Z321e,T
HTC K2_U,T
HTC K2_UL,T
HTC Kingdom,T
HTC Legend,T
HTC Liberty,T
HTC M10h,T
HTC M10u,T
HTC M8Et,T
HTC M8Ew,T
HTC M8Sd,T
HTC M8Ss,T
HTC M8St,T
HTC M8Sw,T
HTC M8d,T
HTC M8e,T
HTC M8si,T
HTC M8t,T
HTC M8w,T
HTC M9e,T
HTC M9et,T
HTC M9ew,T
HTC M9pt,T
HTC M9pw,T
HTC M9w,T
HTC Magic,T
HTC Mecha,T
HTC ONE V,T
HTC One,T
HTC One 801e,T
HTC One 801s,T
HTC One A9,T
HTC One A9s,T
HTC One E9 dual sim,T
HTC One E9PLUS dual sim,T
HTC One E9s dual sim,T
HTC One M8s,T
HTC One M9,T
HTC One M9PLUS,T
HTC One M9_Prime Camera Edition,T
HTC One M9s,T
HTC One ME dual sim,T
HTC One S,T
HTC One S Special Edition,T
HTC One S9,T
HTC One SC,T
HTC One SC T528d,T
HTC One SV,T
HTC One SV BLK,T
HTC One V,T
HTC One VX,T
HTC One X,T
HTC One X+,T
HTC One X10,T
HTC One X9 dual sim,T
HTC One XL,T
HTC One dual 802d,T
HTC One dual sim,T
HTC One max,T
HTC One mini,T
HTC One mini 2,T
HTC One_E8,T
HTC One_E8 dual sim,T
HTC One_M8,T
HTC One_M8 Eye,T
HTC One_M8 dual sim,T
HTC PG09410,T
HTC PH39100,T
HTC PO091,T
HTC PO49120,T
HTC POO_U,T
HTC PROMIN_U,T
HTC PRO_DD,T
HTC PRO_DS,T
HTC Panache,T
HTC Raider X710e,T
HTC Rhyme S510b,T
HTC Ruby,T
HTC S720e,T
HTC Salsa C510b,T
HTC Salsa C510e,T
HTC Sensation,T
HTC Sensation 4G,T
HTC Sensation XE with Beats Audio,T
HTC Sensation XE with Beats Audio Z715a,T
HTC Sensation XE with Beats Audio Z715e,T
HTC Sensation XL with Beats Audio X315b,T
HTC Sensation XL with Beats Audio X315e,T
HTC Sensation Z710a,T
HTC Sensation Z710e,T
HTC Status,T
HTC T327w,T
HTC T328d,T
HTC T328w,T
HTC T329d,T
HTC U Play,T
HTC U Ultra,T
HTC U-1w,T
HTC U-3w,T
HTC U11,T
HTC U11 EYEs,T
HTC U11 Life,T
HTC U11 life,T
HTC U11 plus,T
HTC U12 life,T
HTC U12+,T
HTC U20 5G,T
HTC U23,T
HTC U23 pro,T
HTC U24 pro,T
HTC V2,T
HTC V3,T
HTC VLE_U,T
HTC Velocity 4G,T
HTC Velocity 4G X710s,T
HTC Vision,T
HTC WF5w,T
HTC Wildfire,T
HTC Wildfire E1,T
HTC Wildfire S,T
HTC Wildfire S A510b,T
HTC Wildfire S A510e,T
HTC Wildfire S A515c,T
HTC Wildfire X,T
HTC X920e,T
HTC X9u,T
HTC Z560e,T
HTC ZQ5W10000,T
HTC first,T
HTC-A510a,T
HTC-P715a,T
HTC-PG762,T
HTC-X315E,T
HTC-X710a,T
HTC-Z710a,T
HTC0P3P7,T
HTC0P4E1,T
HTC331ZLVW,T
HTC331ZLVWPP,T
HTC6435LRA,T
HTC6435LVW,T
HTC6500LVW,T
HTC6515LVW,T
HTC6525LVW,T
HTC6535LRA,T
HTC6535LVW,T
HTC6545LVW,T
HTC6600LVW,T
HTCD100LVW,T
HTCD100LVWPP,T
HTCD160LVW,T
HTCD160LVWPP,T
HTCD200LVW,T
HTCD200LVWPP,T
HTCEVODesign4G,T
HTCEVOV4G,T
HTCONE,T
HTC_0P3P5,T
HTC_0P4E2,T
HTC_0P6A1,T
HTC_0P6B,T
HTC_0P6B6,T
HTC_0P9C2,T
HTC_0P9O2,T
HTC_0PCV2,T
HTC_0PFJ50,T
HTC_0PJA10,T
HTC_0PKV1,T
HTC_0PKX2,T
HTC_2Q4D100,T
HTC_603h,T
HTC_7060,T
HTC_709d,T
HTC_A510c,T
HTC_A9sx,T
HTC_A9u,T
HTC_Amaze_4G,T
HTC_B810x,T
HTC_B830x,T
HTC_Butterfly_s_901s,T
HTC_D10i,T
HTC_D10u,T
HTC_D310n,T
HTC_D526h,T
HTC_D530u,T
HTC_D610x,T
HTC_D620h,T
HTC_D620u,T
HTC_D626ph,T
HTC_D626q,T
HTC_D626x,T
HTC_D628u,T
HTC_D630x,T
HTC_D650h,T
HTC_D728x,T
HTC_D816d,T
HTC_D816x,T
HTC_D820f,T
HTC_D820pi,T
HTC_D820ts,T
HTC_D820u,T
HTC_D820ys,T
HTC_D825u,T
HTC_D826y,T
HTC_D828g,T
HTC_D828x,T
HTC_D830x,T
HTC_Desire_200,T
HTC_Desire_300,T
HTC_Desire_320,T
HTC_Desire_500,T
HTC_E9pw,T
HTC_E9sx,T
HTC_E9x,T
HTC_Flyer_P512_NA,T
HTC_M10f,T
HTC_M10h,T
HTC_M8MINx,T
HTC_M8Sd,T
HTC_M8Sx,T
HTC_M8Sy,T
HTC_M8x,T
HTC_M910x,T
HTC_M9e,T
HTC_M9ew,T
HTC_M9pw,T
HTC_M9px,T
HTC_M9u,T
HTC_One_XL,T
HTC_One_max,T
HTC_One_mini_2,T
HTC_One_mini_601e,T
HTC_PN071,T
HTC_PO582,T
HTC_S710E,T
HTC_S9u,T
HTC_U-1u,T
HTC_U-2u,T
HTC_U-3u,T
HTC_V1,T
HTC_X10u,T
HTC_X9u,T
HTL21,T
HTL22,T
HTL23,T
HTSH10W216,T
HTStyle HMX70,T
HTV31,T
HTV32,T
HTV33,T
HTX21,T
HT_7RT,T
HT_8MZ,T
HUAWEI,T
HUAWEI A199,T
HUAWEI ALE-CL00,T
HUAWEI ALE-L04,T
HUAWEI ATH-UL01,T
HUAWEI ATH-UL06,T
HUAWEI Ascend G510,T
HUAWEI Ascend G525,T
HUAWEI Ascend P6,T
HUAWEI Ascend Y300,T
HUAWEI B199,T
HUAWEI BLL-L21,T
HUAWEI BLL-L22,T
HUAWEI BLL-L23,T
HUAWEI C199,T
HUAWEI C199s,T
HUAWEI C8812,T
HUAWEI C8813D,T
HUAWEI C8813DQ,T
HUAWEI C8815,T
HUAWEI C8816,T
HUAWEI C8816D,T
HUAWEI C8817E,T
HUAWEI C8817L,T
HUAWEI C8818,T
HUAWEI C8826D,T
HUAWEI CAM-L03,T
HUAWEI CAM-L21,T
HUAWEI CAM-L23,T
HUAWEI CAM-L53,T
HUAWEI CAM-U22,T
HUAWEI CAN-AL10,T
HUAWEI CAN-L01,T
HUAWEI CAN-L02,T
HUAWEI CAN-L03,T
HUAWEI CAN-L11,T
HUAWEI CAN-L12,T
HUAWEI CAN-L13,T
HUAWEI CAZ-AL00,T
HUAWEI CAZ-AL10,T
HUAWEI CAZ-TL10,T
HUAWEI CAZ-TL20,T
HUAWEI CRO-L02,T
HUAWEI CRO-L03,T
HUAWEI CRO-L22,T
HUAWEI CRO-L23,T
HUAWEI CRO-U00,T
HUAWEI CRO-U23,T
HUAWEI CRR-CL00,T
HUAWEI CRR-CL20,T
HUAWEI CRR-L09,T
HUAWEI CRR-TL00,T
HUAWEI CRR-UL00,T
HUAWEI CRR-UL20,T
HUAWEI CUN-L01,T
HUAWEI CUN-L02,T
HUAWEI CUN-L03,T
HUAWEI CUN-L21,T
HUAWEI CUN-L22,T
HUAWEI CUN-L23,T
HUAWEI CUN-L33,T
HUAWEI CUN-U29,T
HUAWEI D2-0082,T
HUAWEI D2-2010,T
HUAWEI D2-6070,T
HUAWEI G350,T
HUAWEI G350-U00,T
HUAWEI G350-U20,T
HUAWEI G506-U151,T
HUAWEI G510-0010,T
HUAWEI G510-0100,T
HUAWEI G510-0200,T
HUAWEI G510-0251,T
HUAWEI G520-5000,T
HUAWEI G521-L076,T
HUAWEI G521-L176,T
HUAWEI G525-U00,T
HUAWEI G535-L11,T
HUAWEI G6-C00,T
HUAWEI G6-L11,T
HUAWEI G6-L22,T
HUAWEI G6-L33,T
HUAWEI G6-T00,T
HUAWEI G6-U00,T
HUAWEI G6-U10,T
HUAWEI G6-U251,T
HUAWEI G6-U34,T
HUAWEI G606-T00,T
HUAWEI G610-C00,T
HUAWEI G610-T00,T
HUAWEI G610-T01,T
HUAWEI G610-T11,T
HUAWEI G610-U00,T
HUAWEI G610-U15,T
HUAWEI G610-U20,T
HUAWEI G610-U30,T
HUAWEI G615-U10,T
HUAWEI G616-L076,T
HUAWEI G620,T
HUAWEI G620-A2,T
HUAWEI G620-L72,T
HUAWEI G628-TL00,T
HUAWEI G629-UL00,T
HUAWEI G630-T00,T
HUAWEI G630-U00,T
HUAWEI G630-U251,T
HUAWEI G660-L075,T
HUAWEI G7,T
HUAWEI G7-L01,T
HUAWEI G7-L02,T
HUAWEI G7-L03,T
HUAWEI G7-L11,T
HUAWEI G7-TL00,T
HUAWEI G7-UL20,T
HUAWEI G700-T00,T
HUAWEI G700-T01,T
HUAWEI G700-U00,T
HUAWEI G700-U10,T
HUAWEI G700-U20,T
HUAWEI G716-L070,T
HUAWEI G718,T
HUAWEI G730-C00,T
HUAWEI G730-L075,T
HUAWEI G730-T00,T
HUAWEI G730-U00,T
HUAWEI G730-U10,T
HUAWEI G730-U251,T
HUAWEI G730-U27,T
HUAWEI G730-U30,T
HUAWEI G750-T00,T
HUAWEI G750-T01,T
HUAWEI G750-T01M,T
HUAWEI G750-T20,T
HUAWEI G750-U10,T
HUAWEI G7500,T
HUAWEI GRA-CL00,T
HUAWEI GRA-CL10,T
HUAWEI GRA-L09,T
HUAWEI GRA-TL00,T
HUAWEI GRA-UL00,T
HUAWEI GRA-UL10,T
HUAWEI H1611,T
HUAWEI H871G,T
HUAWEI H891L,T
HUAWEI H892L,T
HUAWEI HN3-U00,T
HUAWEI HN3-U01,T
HUAWEI KII-L03,T
HUAWEI KII-L05,T
HUAWEI KII-L21,T
HUAWEI KII-L22,T
HUAWEI KII-L23,T
HUAWEI KII-L33,T
HUAWEI LUA-L01,T
HUAWEI LUA-L02,T
HUAWEI LUA-L03,T
HUAWEI LUA-L13,T
HUAWEI LUA-L21,T
HUAWEI LUA-L23,T
HUAWEI LUA-U02,T
HUAWEI LUA-U03,T
HUAWEI LUA-U22,T
HUAWEI LUA-U23,T
HUAWEI LYO-L01,T
HUAWEI LYO-L02,T
HUAWEI LYO-L03,T
HUAWEI LYO-L21,T
HUAWEI M2-801L,T
HUAWEI M2-801W,T
HUAWEI M2-802L,T
HUAWEI M2-803L,T
HUAWEI M2-A01L,T
HUAWEI M2-A01W,T
HUAWEI M868,T
HUAWEI M881,T
HUAWEI MLA-AL00,T
HUAWEI MLA-AL10,T
HUAWEI MLA-L01,T
HUAWEI MLA-L02,T
HUAWEI MLA-L03,T
HUAWEI MLA-L11,T
HUAWEI MLA-L12,T
HUAWEI MLA-L13,T
HUAWEI MLA-TL00,T
HUAWEI MLA-TL10,T
HUAWEI MLA-UL00,T
HUAWEI MT1-T00,T
HUAWEI MT1-U06,T
HUAWEI MT2-C00,T
HUAWEI MT2-L01,T
HUAWEI MT2-L02,T
HUAWEI MT2-L05,T
HUAWEI MT7-CL00,T
HUAWEI MT7-J1,T
HUAWEI MT7-L09,T
HUAWEI MT7-TL00,T
HUAWEI MT7-TL10,T
HUAWEI MT7-UL00,T
HUAWEI MediaPad M1 8.0,T
HUAWEI MediaPad T1 10 4G,T
HUAWEI MediaPad T1 7.0 3G,T
HUAWEI MediaPad T1 8.0 4G,T
HUAWEI NMO-L21,T
HUAWEI NMO-L22,T
HUAWEI NMO-L23,T
HUAWEI NMO-L31,T
HUAWEI NTS-AL00,T
HUAWEI NXT-AL10,T
HUAWEI NXT-CL00,T
HUAWEI NXT-DL00,T
HUAWEI NXT-L09,T
HUAWEI NXT-L29,T
HUAWEI NXT-TL00,T
HUAWEI NXT-TL00B,T
HUAWEI P2-6070,T
HUAWEI P6 S-U06,T
HUAWEI P6-C00,T
HUAWEI P6-T00,T
HUAWEI P6-T00V,T
HUAWEI P6-U06,T
HUAWEI P6-U06-orange,T
HUAWEI P7 mini,T
HUAWEI P7-L00,T
HUAWEI P7-L05,T
HUAWEI P7-L07,T
HUAWEI P7-L09,T
HUAWEI P7-L10,T
HUAWEI P7-L11,T
HUAWEI P7-L12,T
HUAWEI P8max,T
HUAWEI RIO-AL00,T
HUAWEI RIO-CL00,T
HUAWEI RIO-L01,T
HUAWEI RIO-L02,T
HUAWEI RIO-L03,T
HUAWEI RIO-TL00,T
HUAWEI RIO-UL00,T
HUAWEI SC-CL00,T
HUAWEI SC-UL10,T
HUAWEI SCC-U21,T
HUAWEI SCL-L01,T
HUAWEI SCL-L02,T
HUAWEI SCL-L03,T
HUAWEI SCL-L04,T
HUAWEI SCL-L21,T
HUAWEI SCL-U23,T
HUAWEI SCL-U31,T
HUAWEI T8808D,T
HUAWEI TAG-AL00,T
HUAWEI TAG-CL00,T
HUAWEI TAG-L01,T
HUAWEI TAG-L03,T
HUAWEI TAG-L13,T
HUAWEI TAG-L21,T
HUAWEI TAG-L22,T
HUAWEI TAG-L23,T
HUAWEI TAG-L32,T
HUAWEI TAG-TL00,T
HUAWEI TIT-AL00,T
HUAWEI TIT-CL00,T
HUAWEI TIT-CL10,T
HUAWEI TIT-L01,T
HUAWEI TIT-TL00,T
HUAWEI TIT-U02,T
HUAWEI VNS-AL00,T
HUAWEI VNS-DL00,T
HUAWEI VNS-L21,T
HUAWEI VNS-L22,T
HUAWEI VNS-L23,T
HUAWEI VNS-L31,T
HUAWEI VNS-L52,T
HUAWEI VNS-L53,T
HUAWEI VNS-L62,T
HUAWEI VNS-TL00,T
HUAWEI Y 220T,T
HUAWEI Y220-T10,T
HUAWEI Y221-U03,T
HUAWEI Y221-U12,T
HUAWEI Y221-U22,T
HUAWEI Y221-U33,T
HUAWEI Y221-U43,T
HUAWEI Y221-U53,T
HUAWEI Y300-0000,T
HUAWEI Y300-0100,T
HUAWEI Y300-0151,T
HUAWEI Y310-5000,T
HUAWEI Y310-T10,T
HUAWEI Y320-C00,T
HUAWEI Y320-T00,T
HUAWEI Y320-U01,T
HUAWEI Y320-U10,T
HUAWEI Y320-U151,T
HUAWEI Y320-U30,T
HUAWEI Y320-U351,T
HUAWEI Y321-C00,T
HUAWEI Y321-U051,T
HUAWEI Y325-T00,T
HUAWEI Y330-C00,T
HUAWEI Y330-U01,T
HUAWEI Y330-U05,T
HUAWEI Y330-U07,T
HUAWEI Y330-U08,T
HUAWEI Y330-U11,T
HUAWEI Y330-U15,T
HUAWEI Y330-U17,T
HUAWEI Y330-U21,T
HUAWEI Y336-A1,T
HUAWEI Y336-U02,T
HUAWEI Y336-U12,T
HUAWEI Y360-U03,T
HUAWEI Y360-U103,T
HUAWEI Y360-U12,T
HUAWEI Y360-U23,T
HUAWEI Y360-U31,T
HUAWEI Y360-U42,T
HUAWEI Y360-U61,T
HUAWEI Y360-U72,T
HUAWEI Y360-U82,T
HUAWEI Y360-U93,T
HUAWEI Y500-T00,T
HUAWEI Y511-T00,T
HUAWEI Y511-U10,T
HUAWEI Y511-U251,T
HUAWEI Y511-U30,T
HUAWEI Y516-T00,T
HUAWEI Y518-T00,T
HUAWEI Y520-U03,T
HUAWEI Y520-U12,T
HUAWEI Y520-U22,T
HUAWEI Y520-U33,T
HUAWEI Y523-L076,T
HUAWEI Y523-L176,T
HUAWEI Y530,T
HUAWEI Y530-U00,T
HUAWEI Y530-U051,T
HUAWEI Y535-C00,T
HUAWEI Y535D-C00,T
HUAWEI Y536A1,T
HUAWEI Y540-U01,T
HUAWEI Y541-U02,T
HUAWEI Y550,T
HUAWEI Y550-L01,T
HUAWEI Y550-L02,T
HUAWEI Y550-L03,T
HUAWEI Y560-CL00,T
HUAWEI Y560-L01,T
HUAWEI Y560-L02,T
HUAWEI Y560-L03,T
HUAWEI Y560-L23,T
HUAWEI Y560-U02,T
HUAWEI Y560-U03,T
HUAWEI Y560-U12,T
HUAWEI Y560-U23,T
HUAWEI Y600-U00,T
HUAWEI Y600-U151,T
HUAWEI Y600-U20,T
HUAWEI Y600-U351,T
HUAWEI Y600-U40,T
HUAWEI Y600D-C00,T
HUAWEI Y610-U00,T
HUAWEI Y618-T00,T
HUAWEI Y625-U13,T
HUAWEI Y625-U21,T
HUAWEI Y625-U32,T
HUAWEI Y625-U43,T
HUAWEI Y625-U51,T
HUAWEI Y635-CL00,T
HUAWEI Y635-L02,T
HUAWEI Y635-L03,T
HUAWEI Y635-TL00,T
HUAWEI-C8850,T
HUAWEI-M835,T
HUAWEI-U8850,T
HUAWEI-U9000,T
HULAN21 PLUS,T
HURRICANE VORTEX,T
HURRICANE_GIGA,T
HW-01K,T
HW-02L,T
HW-03E,T
HW-H60-J1,T
HW-SCL-L32,T
HW-W820,T
HW-W900,T
HW304_HW291,T
HWCD100E,T
HWCD101E,T
HWCD102E,T
HWI-AL00,T
HWI-TL00,T
HWT31,T
HWV31,T
HWV32,T
HWV33,T
HY-BDL163G-001,T
HY1-5085,T
HYPE,T
HYPRO S6,T
HYUNDAI 2K SMART TV,T
HYUNDAI 4K SMART TV,T
HYUNDAI ANDROID TV,T
HYUNDAI SMART 2K TV,T
HYUNDAI SMART 4K TV,T
HYUNDAI2KAndroidTV,T
HZ0010,T
HZ0010J,T
HZ0011,T
HZ1012,T
HZ9950,T
H_Tab_Go,T
H_Tab_Lite,T
H_Tab_Mini,T
H_Tab_Mini_Plus,T
H_tab_1,T
H_tab_1Pro,T
H_tab_1_plus,T
HaTV,T
Hackers_Tab,T
Haier A42P,T
Haier MatrixTV AE,T
Haier MatrixTV AEL,T
Haier MatrixTV AR,T
Haier MatrixTV AS,T
Haier MatrixTV BE,T
Haier MatrixTV BN,T
Haier MatrixTV BS,T
Haier MatrixTV CE,T
Haier MatrixTV CN,T
Haier MatrixTV CS,T
Haier MatrixTV DE,T
Haier MatrixTV DR,T
Haier MatrixTV EE,T
Haier MatrixTV ER,T
Haier MatrixTV FE,T
Haier MatrixTV FR,T
Haier MatrixTV GE,T
Haier OLED TV AS,T
Haier T50,T
Haier T52P,T
Haier T54P,T
HaierP8B,T
Haier_AL40,T
Haier_i50,T
Haitech Android TV 2K,T
Halo,T
Halo 4 LTE,T
Halo 5 3G,T
Halo2 3G,T
Halo2 LTE,T
Halo3,T
Halo3_Pro,T
Halo4,T
Halo4 Pro,T
Halo_4_mini_LTE,T
Halona,T
Hamlet_XZPAD412W,T
Hammer AXE Pro,T
Hammer Active,T
Hammer Blade Va 5G,T
Hammer Energy,T
Hammer Energy 3G,T
Hammer Iron 2,T
Hammer Iron V,T
Hammer Titan 2,T
Hammer_Active2,T
Hammer_Active2_LTE,T
Hammer_Blade2_PRO,T
Hammer_Blade_3,T
Hammer_Blade_4,T
Hammer_Blade_5G,T
Hammer_Construction,T
Hammer_Construction_2_5G,T
Hammer_Construction_2_Thermal_5G,T
Hammer_Energy_18x9,T
Hammer_Energy_2,T
Hammer_Energy_2_2022,T
Hammer_Explorer,T
Hammer_Explorer_Plus,T
Hammer_Explorer_Pro,T
Hammer_IRON_3,T
Hammer_IRON_3_LTE,T
Hammer_IRON_4,T
Hammer_Iron_3_LTE,T
Hammer_Iron_6,T
Hammer_Iron_6_5G,T
Handetec_Tablet,T
Handheld-POS,T
Handheld_Terminal,T
HannsNote2,T
Hannspad,T
HannspadPro,T
Hansung 4K Android TV,T
Hansung4KAndroidTV,T
HappyKids,T
Harrier Mini from EE,T
Harrier Tab from EE,T
Harrier from EE,T
Harris 12131-1000,T
Hashtag,T
Hatch_101S,T
Hatch_102S,T
Hatch_103S,T
Hawaii,T
Hawk_from_EE,T
Helgi_HX10,T
Helio S5,T
Helio S60,T
Helios X1,T
Hello 10 Pro 4G,T
Helo3,T
Hera51,T
Hermes,T
Hero,T
Hero 11,T
Hero 12,T
Hero SE3 Max,T
Hero SX,T
Hero X,T
Hero_13,T
Hero_H5+,T
Hero_H7_Plus,T
Hero_H9,T
Hero_SE2,T
Hero_SE3,T
Hero_XR_Plus,T
Hi10 XPro,T
Hi10 Xpro,T
Hi10_XPro,T
Hi10_XPro_Pad,T
Hi9,T
Hi9Air,T
Hi9Pro,T
HiBreak,T
HiPad 11,T
HiPad Max,T
HiPad Plus,T
HiPad Pro,T
HiPad X,T
HiPad XPro,T
HiPad-Air,T
HiPadPlus,T
HiPadPro,T
HiPadX,T
HiSmart 2K ATV4,T
HiSmart 4K A4FFM,T
HiSmart 4K ATV4,T
HiSmart TV,T
HiSmartTV A4,T
HiTV-M1,T
Hidr_S1_PRO,T
Hidra Max,T
Hidra Plus,T
Hind 5.1,T
Hisense A2,T
Hisense A2M,T
Hisense A2T,T
Hisense C1,T
Hisense C1M,T
Hisense C1T,T
Hisense C20,T
Hisense C20S,T
Hisense C30,T
Hisense C30 Lite,T
Hisense C30_02,T
Hisense C60,T
Hisense C90 Pro,T
Hisense D1-M,T
Hisense D5,T
Hisense E MAX,T
Hisense E100T,T
Hisense E20,T
Hisense E20T,T
Hisense E20s,T
Hisense E260U,T
Hisense E30,T
Hisense E31 Lite,T
Hisense E32 Lite,T
Hisense E33,T
Hisense E34,T
Hisense E35,T
Hisense E360M,T
Hisense E40,T
Hisense E40 Lite,T
Hisense E50,T
Hisense E50 128G,T
Hisense E50 Lite,T
Hisense E50 Lite 64GB,T
Hisense E50-T,T
Hisense E51,T
Hisense E51-M,T
Hisense E60 Lite,T
Hisense E602M,T
Hisense E602T,T
Hisense E613M,T
Hisense E621T,T
Hisense E622M,T
Hisense E625T,T
Hisense E7 Pro,T
Hisense E70,T
Hisense E70 Pro,T
Hisense E70-T,T
Hisense E71-M,T
Hisense E71-T,T
Hisense E75M,T
Hisense E75T,T
Hisense E76,T
Hisense E76MINIM,T
Hisense E76mini,T
Hisense E77,T
Hisense E77M,T
Hisense E77MINI,T
Hisense E9,T
Hisense Enigma,T
Hisense Enigma SE,T
Hisense F10,T
Hisense F102,T
Hisense F15,T
Hisense F16,T
Hisense F17,T
Hisense F17 Pro,T
Hisense F18,T
Hisense F19,T
Hisense F20,T
Hisense F20T,T
Hisense F21T,T
Hisense F22,T
Hisense F22M,T
Hisense F23,T
Hisense F23 PLUS,T
Hisense F23M,T
Hisense F24,T
Hisense F27,T
Hisense F28,T
Hisense F30,T
Hisense F31,T
Hisense F31M,T
Hisense F32,T
Hisense F35,T
Hisense F35 Pro,T
Hisense F36 Pro,T
Hisense F72 Pro,T
Hisense F8 MINI,T
Hisense G610M,T
Hisense H12,T
Hisense H30,T
Hisense H40,T
Hisense H40 Lite,T
Hisense H50,T
Hisense H50 Lite,T
Hisense H60 Smart,T
Hisense H73,T
Hisense H910,T
Hisense Hi 1 PRO,T
Hisense Hi 2,T
Hisense Hi 3,T
Hisense I300T,T
Hisense I630U,T
Hisense I631M,T
Hisense I632M,T
Hisense I632T,T
Hisense I635T,T
Hisense I639M,T
Hisense I639T,T
Hisense Infinity E30,T
Hisense Infinity E30 Lite,T
Hisense Infinity E6,T
Hisense Infinity E7,T
Hisense Infinity F17,T
Hisense Infinity H11,T
Hisense Infinity H12,T
Hisense Infinity H12 Pro,T
Hisense Infinity H30,T
Hisense Infinity H40,T
Hisense Infinity H40 Lite,T
Hisense Infinity H40 Rock,T
Hisense Infinity H50,T
Hisense Infinity H50 Lite,T
Hisense Infinity H50 ZOOM,T
Hisense Infinity H50S 5G,T
Hisense Infinity H60 5G,T
Hisense Infinity H72 Pro,T
Hisense K1,T
Hisense L671,T
Hisense L675,T
Hisense L675 PRO,T
Hisense L675 Pro,T
Hisense L676,T
Hisense L678,T
Hisense L682,T
Hisense L695,T
Hisense L830,T
Hisense LED55K360X3D,T
Hisense M10-M,T
Hisense M20-M,T
Hisense M20-T,T
Hisense M30,T
Hisense M30M,T
Hisense M30T,T
Hisense M36,T
Hisense M50,T
Hisense M50 Lite,T
Hisense M50 Lite 2021,T
Hisense M51,T
Hisense M60,T
Hisense M71 Pro,T
Hisense M72 Pro,T
Hisense M73 Pro,T
Hisense P1,T
Hisense PX3000,T
Hisense Rocks 6,T
Hisense SoundTab MA-317,T
Hisense SoundTab MA-327,T
Hisense T1 Pro,T
Hisense T17,T
Hisense T2,T
Hisense T2 Pro,T
Hisense T203,T
Hisense T3,T
Hisense T5,T
Hisense T5 Pro,T
Hisense T55,T
Hisense T963,T
Hisense T965,T
Hisense TV,T
Hisense U3 2021,T
Hisense U30,T
Hisense U30 32GB,T
Hisense U32,T
Hisense U40,T
Hisense U40 Lite,T
Hisense U43,T
Hisense U50,T
Hisense U50 Lite,T
Hisense U50 lite,T
Hisense U53,T
Hisense U54,T
Hisense U60,T
Hisense U60 Lite,T
Hisense U601S,T
Hisense U605,T
Hisense U606,T
Hisense U607,T
Hisense U608,T
Hisense U61,T
Hisense U62 Pro,T
Hisense U70,T
Hisense U70 Pro,T
Hisense U71,T
Hisense U71 Pro,T
Hisense U963,T
Hisense U964,T
Hisense U965,T
Hisense U967,T
Hisense U989,T
Hisense U989 Pro,T
Hisense V40,T
Hisense V40S,T
Hisense V40s,T
Hisense V50,T
Hisense Y81 Pro,T
Hisense Y82 Pro,T
Hisense Y82 Pro MAX,T
Hisense Y83,T
Hisense Y83 Pro,T
Hit,T
Hit Max,T
Hit P10,T
Hit P12,T
Hit P13,T
Hit P6,T
Hit4G,T
Hitachi 2K Android TV,T
Hitachi 4K Android TV,T
HitachiTV,T
Hive V 3G,T
Hol-T00,T
Hol-U10,T
Hol-U19,T
Hola,T
HomeSurf742_AT7003,T
Honey Y1,T
Honey Y2s,T
Honor T1 8.0,T
Hope,T
Hope Plus,T
Hope10 Mate,T
Hope10 Max,T
Hope10 Plus,T
Hope10 Pro,T
Hope10Pro,T
Hope7 LTE,T
Hope7 Max,T
Hope7_Mate,T
Hope7_Plus,T
Hope7_Pro,T
Hope8_LTE,T
Hope8_Mate,T
Hope8_Max,T
Hopper Plus,T
Horizon +,T
Horizon_S,T
Hot 1,T
Hot 100,T
Hot 5,T
Hot1-z,T
Hot2,T
Hotah,T
HotahOTG,T
Houston,T
Hpad1,T
Huawei 858,T
Huawei U8800-51,T
Huawei Y301A1,T
Huawei Y301A2,T
Huawei-U8652,T
Huawei-U8665,T
Huawei-U8687,T
HuaweiES8500,T
HuaweiG510-0100,T
HuaweiG510-0100-orange,T
Huawei_8100-9,T
Hudl 2,T
Hudl HT7S3,T
Hugo,T
Hummer,T
Hummer_2019_R,T
Hurricane_Bolt,T
Hurricane_IGNITE,T
HyTab Plus 10LC2,T
HyTab Pro 10LC1,T
HyasongT1,T
Hybrid Stick,T
Hybrid_8600,T
Hybrid_8700,T
Hydro,T
Hydro_PLUS,T
Hykker_MyTab10,T
Hype,T
Hyper,T
Hyper 7,T
Hyper 7 Pro,T
Hyper 7S,T
Hyper 8 Pro,T
Hyper 8 Ultra,T
Hyper 8E,T
HyperX,T
Hyper_Max_Power,T
Hyundai 2K Android TV,T
Hyundai 4K Android TV,T
Hyundai_Eternity_G50,T
Hyundai_Eternity_G50L,T
Hyundai_Eternity_G50W,T
Hyundai_Eternity_G57,T
Hyundai_Eternity_G57L,T
Hyundai_Eternity_G60,T
I star,T
I star two,T
I-K1,T
I06,T
I1,T
I10,T
I101MTK,T
I10A-LE,T
I10Pro,T
I10_EEA,T
I10_LTE,T
I10_Plus,T
I10_Plus_EEA,T
I10_Pro,T
I10_Pro_4G,T
I10_Pro_LTE,T
I10_Pro_LTE_EEA,T
I10_S,T
I10_S_Pro,T
I11,T
I110,T
I11_EEA,T
I11_LTE,T
I11_Plus,T
I11_Plus_EEA,T
I11_Power,T
I11_Power_LTE,T
I11_Pro,T
I11_S,T
I12_A_Power,T
I13_LTE,T
I14,T
I1927,T
I1928,T
I2009,T
I2011,T
I2012,T
I2017,T
I2018,T
I2019,T
I2022,T
I211,T
I212,T
I2126,T
I2127,T
I213,T
I216A,T
I216X,T
I220,T
I2201,T
I2202,T
I2203,T
I2206,T
I2207,T
I2208,T
I221,T
I2212,T
I2213,T
I2214,T
I2216,T
I2217,T
I2218,T
I2219,T
I2220,T
I2221,T
I2223,T
I22M01,T
I22T01,T
I2301,T
I2302,T
I2304,T
I2305,T
I2306,T
I2347-4_RU,T
I23D01,T
I23D02,T
I23M01_EEA,T
I23M01_GL,T
I23M02,T
I23M03,T
I2401,T
I2403,T
I2404,T
I2405,T
I2407,T
I2408,T
I2409,T
I2410,T
I24D02,T
I24D03,T
I24D04,T
I24D05,T
I24D06,T
I24M01,T
I24P01,T
I24T01,T
I24T02,T
I24T03,T
I2501,T
I2502,T
I2505,T
I2507,T
I2508,T
I2510,T
I2512,T
I2515,T
I25D03,T
I25D04,T
I25M01,T
I25M02,T
I25S01,T
I25S02,T
I25T01,T
I3113,T
I3123,T
I3213,T
I3223,T
I3312,T
I4,T
I4113,T
I4193,T
I4213,T
I4293,T
I4312,T
I4332,T
I50,T
I55A,T
I5E,T
I6_Infinity,T
I7043G,T
I7A-LE,T
I7D,T
I8,T
I8_PRO,T
I8_Plus,T
I9_Plus,T
I9_Plus_EEA,T
I9_Plus_ROW,T
I9_Plus_WireFree,T
IACTIVE,T
IB-75UED01B,T
IB101F Pro,T
IB101F_UAG,T
IB119Q,T
IB6001,T
IB868H,T
IB868H_A,T
IBOX66,T
IBRIT_I5,T
IBRIT_I7,T
IBT01H,T
IBT02H,T
IC1110,T
IC1130,T
ICE,T
ICE2,T
ICE_Board_X,T
ICON,T
ICRAIG_CLP288,T
ICRAIG_CLP291,T
ICRAIG_CMP770,T
ICRAIG_CMP771,T
ICRAIG_CMP773,T
IC_51,T
IC_55,T
IC_56,T
IC_58,T
IC_59,T
IC_61,T
ID bot 53,T
ID bot 53+,T
ID bot 56,T
ID65HZA3B1_C,T
ID75HZA3B1_C,T
ID86HZA3B1_C,T
IDC_Series,T
IDC_Series_4G,T
IDEA,T
IDEOS X5,T
IDOL,T
IDbot553,T
IDbot553PLUS,T
IF195a,T
IF236a,T
IF9001,T
IF9002,T
IF9003,T
IF9007,T
IF9008,T
IF9009,T
IF9021,T
IF9029,T
IF9031,T
IF9035,T
IFP,T
IFP-3576,T
IFP03V7PRO,T
IFP34,T
IFP41_1,T
IFP51,T
IFP53,T
IFP63,T
IFP8652-2,T
IFPD-R3576,T
IFPO3V7PRO,T
IFS100,T
IFT1018,T
IG-EP100,T
IGGY,T
IGUANAPAD_X11MK87,T
IH101F,T
IH101F_Pro,T
IH8-S559,T
IH9-L614,T
IHTPRO64,T
IK-1025,T
IK-1028,T
IK-1106,T
IK-7108,T
IK-787,T
IK-869,T
IK-T808,T
IK-WT028i,T
IK-WT1080,T
IK-WT1088,T
IKALL,T
IKOSORA+,T
IKP-31,T
IKP104,T
IKU A4,T
IKU A40,T
IKU A55,T
IKU A6 2022,T
IKU K3,T
IKU i3,T
IKU_T3,T
IKU_T_max,T
IK_WA024,T
IL-5865-PRO,T
ILA C1,T
ILA E1,T
ILA R1,T
ILA X1,T
ILA X2,T
ILA X3,T
ILIUM L1000,T
ILIUM L1100,T
ILIUM L200,T
ILIUM L900,T
ILIUM L950,T
ILIUM PAD E10Si,T
ILIUM PAD E8 V6,T
ILIUM S520,T
ILIUM S670,T
ILIUM X110,T
ILIUM X400,T
ILIUM_PADE7,T
ILIUM_PAD_RX10,T
ILIUM_PAD_RX10v5,T
ILIUM_PAD_RX7,T
ILIUM_PAD_RX8_v5,T
ILIUM_X100,T
IL_3xx6_Pro,T
IM-100GN,T
IM-100K,T
IM-100S,T
IM-560,T
IM-A690L,T
IM-A690S,T
IM-A710K,T
IM-A720L,T
IM-A725L,T
IM-A730S,T
IM-A740S,T
IM-A750K,T
IM-A760S,T
IM-A770K,T
IM-A775C,T
IM-A780L,T
IM-A800S,T
IM-A810K,T
IM-A810S,T
IM-A820L,T
IM-A830K,T
IM-A830KE,T
IM-A830L,T
IM-A830S,T
IM-A840S,T
IM-A840SP,T
IM-A850K,T
IM-A850L,T
IM-A850S,T
IM-A850T,T
IM-A860K,T
IM-A860L,T
IM-A860S,T
IM-A870K,T
IM-A870L,T
IM-A870S,T
IM-A880S,T
IM-A890K,T
IM-A890L,T
IM-A890S,T
IM-A900K,T
IM-A900L,T
IM-A900S,T
IM-A910K,T
IM-A910L,T
IM-A910S,T
IM-A920S,T
IM-A940K,T
IM-B101F,T
IM-B101H,T
IM-B102,T
IM-H031,T
IM-H031P,T
IM-H092L,T
IM-H092W,T
IM-H093,T
IM-H261,T
IM-H842,T
IM-L101,T
IM-L801,T
IM-T100K,T
IM-W261,T
IM0318ND,T
IM5,T
IMA301,T
IMD501,T
IMH101,T
IMO Q,T
IMO Q2 Plus,T
IMO Q2 Pro,T
IMO Q3 Plus,T
IMO Q4 Pro,T
IMO Q5,T
IMO S2,T
IMO_S,T
IMP-F01K,T
IMP-R01W,T
IMPRESS CLICK,T
IMPRESS ECLIPSE,T
IMS-M70-V02,T
IMS-M70-V03,T
IMT-H6300,T
IMTCTATV01,T
IMTM4000R,T
IMTM4000RA,T
IMTM5000R,T
IMTM741,T
IMTOS Pro,T
IN-101,T
IN01_2_1N,T
IN02_series,T
IN03,T
IN1,T
IN101,T
IN2010,T
IN2011,T
IN2013,T
IN2015,T
IN2017,T
IN2019,T
IN2020,T
IN2021,T
IN2023,T
IN2025,T
IN21C,T
IN260,T
IN265,T
IN3048SL,T
IN3058SL,T
IN335,T
IN610,T
IN810,T
IN815,T
INCLO GOOGLE TV 4K,T
INDURAMA GOOGLE TV,T
INDURAMA GOOGLE TV 4K,T
INDURAMA SMART TV 2K,T
INDURAMA SMART TV 4K,T
INE-AL00,T
INE-AW409S,T
INE-AX809,T
INE-LX1,T
INE-LX1r,T
INE-LX2,T
INE-LX2r,T
INE-TL00,T
INFINITY,T
INFINITY_light,T
INFINIX-X551,T
INFINIX-X600,T
INFLEX156,T
INFOBAR A01,T
INFOBAR C01,T
INFONE XE,T
INGO-TAB,T
INHON PAPILIO G1,T
INKOSI,T
INKOSI_PRO,T
INKOSI_PRO_4G,T
INKULU,T
INKULU_PRO,T
INNOSR545,T
INNOVA 2K Android TV,T
INNOVA GOOGLE TV,T
INNOVA GOOGLE TV 4K,T
INOI 1,T
INOI 1 Lite 2020,T
INOI 2 2019,T
INOI 2 2021,T
INOI 2 Lite 2019,T
INOI 2 Lite 2021,T
INOI 2 Lite 4Gb,T
INOI 5 2021,T
INOI 5 Lite 2021,T
INOI 7 2020,T
INOI 7 4+64 2021,T
INOI easyphone,T
INOI_1_Lite,T
INOI_2,T
INOI_2_LITE,T
INOI_3,T
INOI_3_LITE,T
INOI_3_POWER,T
INOI_5X,T
INOI_5X_Lite,T
INOI_5_Pro,T
INOI_5i,T
INOI_5i_Lite,T
INOI_5i_Pro,T
INOI_6,T
INOI_6_Lite,T
INOI_6i,T
INOI_6i_Lite,T
INOI_7_LITE,T
INOI_7i,T
INOI_7i_Lite,T
INOVA,T
INSANE_V10,T
INSIGNIA_550i,T
INSPIRE_4G,T
INTENSE_XT,T
INTERLAGOS-T32,T
INTEX AQUA 4.0 3G,T
INTEX AQUA 4G MINI,T
INTEX AQUA 5.5 VR+,T
INTEX AQUA A4,T
INTEX AQUA A4 PLUS,T
INTEX AQUA AMAZE+,T
INTEX AQUA CRYSTAL,T
INTEX AQUA CRYSTAL+,T
INTEX AQUA FulVU e5,T
INTEX AQUA JEWEL 2,T
INTEX AQUA LIONS 2,T
INTEX AQUA LIONS 3,T
INTEX AQUA LIONS 4G,T
INTEX AQUA LIONS N1,T
INTEX AQUA LIONS T1,T
INTEX AQUA LIONS T1 LITE,T
INTEX AQUA LIONS X1,T
INTEX AQUA LIONS X1+,T
INTEX AQUA NOTE 5.5,T
INTEX AQUA POWER IV,T
INTEX AQUA S1,T
INTEX AQUA S3,T
INTEX AQUA SELFIE,T
INTEX AQUA STYLE 3,T
INTEX AQUA TREND LITE,T
INTEX AQUA YOUNG 4G,T
INTEX AQUA ZENITH,T
INTEX CLOUD AX1,T
INTEX ELYT DUAL,T
INTEX ELYT E1,T
INTEX ELYT E6,T
INTEX ELYT E7,T
INTEX IM0118ND,T
INTEX IM0418ND,T
INTEX IP0218ND,T
INTEX IP0418ND,T
INTEX IP0518ND,T
INTEX i1,T
INTEX_AQUA_4.0_4G,T
INTP01,T
INTV 1000,T
INTV_ASIST,T
INUTAB21,T
INVES FHD Android TV,T
INVES SMART TV,T
INVES UHD Android TV,T
IN_2b,T
IN_2c,T
IN_Note1,T
INxx05,T
IO,T
IO 3D,T
IO Light,T
IO Pro,T
IP1800,T
IP2000,T
IPA-1104HDH-01,T
IPA1104HDW-02,T
IPBS9520,T
IPF10,T
IPG-xxH,T
IPHDCK16H,T
IPSC1_5,T
IPSC4,T
IPSetTopBox,T
IQ1019N,T
IQ434,T
IQ436i,T
IQ4400,T
IQ4401,T
IQ4406,T
IQ4407,T
IQ4409 Quad,T
IQ4413_Quad,T
IQ4414 Quad,T
IQ4415,T
IQ4415 Quad,T
IQ4416,T
IQ4417 Quad,T
IQ4418,T
IQ4420 Quad,T
IQ4421 Quad,T
IQ4490i,T
IQ4502 Quad,T
IQ4503 Quad,T
IQ4504 Quad,T
IQ4505 Quad,T
IQ4507,T
IQ4509,T
IQ4511 Octa,T
IQ4511 TR,T
IQ4512 Quad,T
IQ4513,T
IQ4513 Octa,T
IQ4514 Quad,T
IQ4515 Quad,T
IQ4516,T
IQ4516 Octa,T
IQ4551,T
IQ456,T
IQ458 Quad,T
IQ459,T
IQ459 Quad,T
IQ4601,T
IQ4602 Quad,T
IQ7,T
IQ8,T
IQU SMARTEasy T8w,T
IQU SmartEasy T10w,T
IQU SmartEasy T8w,T
IQU T10 4G,T
IQU T8 4G,T
IQUSMARTEASYT10W,T
IQX KEN,T
IR7Q,T
IRA DUO PRO 5G,T
IRA T808,T
IRA07,T
IRA102017I,T
IRA801,T
IRABIO,T
IRAI1705,T
IRAJ2,T
IRAT803,T
IRAW7258,T
IRAW801,T
IRAW801I,T
IRA_BHARATAB_1021,T
IRA_BIO,T
IRA_BIOA,T
IRA_Biometric,T
IRA_DUO,T
IRA_DUO_PLUS,T
IRA_DUO_PRO,T
IRA_S1,T
IRA_S2,T
IRA_T1015,T
IRA_T1021,T
IRA_T1029,T
IRA_T1030M,T
IRA_T803M,T
IRA_T808M,T
IRA_W801,T
IRIS,T
IRIS 2K SmartTV,T
IRIS 4K SmartTV,T
IRIS 4K SmartTV FF,T
IRIS_EV,T
IRIS_ITAB05,T
IRO A55 Q,T
IRO A6 Q,T
IRON 2,T
IRON Pro,T
IRON_2,T
IS-IFPSeries,T
IS-IFP_Series_86,T
IS-Pro-Series,T
IS-Series,T
IS01,T
IS03,T
IS04,T
IS05,T
IS06,T
IS11CA,T
IS11LG,T
IS11N,T
IS11PT,T
IS11S,T
IS11SH,T
IS11T,T
IS12F,T
IS12S,T
IS12SH,T
IS13SH,T
IS14SH,T
IS15SH,T
IS17SH,T
IS2PLUS,T
IS2S,T
IS2_Plus,T
IS330,T
IS520,T
IS520_1,T
IS530,T
IS540,T
IS541,T
IS655,T
IS6Plus,T
IS880,T
IS910_1,T
IS930,T
IS940,T
IS941,T
ISA_AN15,T
ISCEDTAB21,T
ISE-T100C,T
ISW11F,T
ISW11K,T
ISW11M,T
ISW11SC,T
ISW12HT,T
ISW13F,T
ISW13HT,T
ISW16SH,T
ISWAG KRONOS,T
ISWAG MATRIX,T
ISWAG NEO,T
ISWAG VIPER,T
ISWAG_NEMESIS,T
IS_6518,T
IS_IFPSeries,T
IT-1001A,T
IT-701A,T
IT-801A,T
IT-801B,T
IT-801BA3,T
IT-801C,T
IT-G400,T
IT-G600,T
IT-G650,T
IT10268,T
IT119345,T
IT119411,T
ITAB_X38T,T
ITAB_X40L_Plus,T
ITELL K3102 4G,T
ITELL K4700,T
ITELL K4700Q,T
ITELL_K3102N,T
ITELL_K3500N,T
ITELL_K3800Q,T
ITM03081,T
ITP-E410W,T
ITP-R208W,T
ITP-R408W,T
ITQ1000,T
ITQ700,T
ITQ701,T
IT_1001A2,T
IT_1001A2_EEA,T
IT_1101S,T
IT_51,T
IT_701A,T
IT_801B,T
IT_801C,T
IT_801CA2_EEA,T
IUNI N1,T
IV0318ND,T
IV2201,T
IVI-SYSTEM,T
IV_4G_1,T
IWB-3576,T
IWB_FYD_F,T
IWRIST_M11,T
IWRIST_M7,T
IWRIST_M8,T
IWxx2_DX,T
IWxx2_DXx,T
IWxx2_Ultra,T
IX,T
IX PRO,T
IX-1,T
IX1011,T
IX1012,T
IX1013,T
IX701,T
IX90_CQA1103,T
IX90_CQA1103_EEA,T
IX_PLUS,T
IZY01,T
I_STAR_PLUS,T
I_Star_Plus,T
Ibrit X10,T
Ibrit X10 Pro,T
Ice-Phone Forever,T
Ice-Phone Mini,T
Ice-Twist,T
Icon,T
IconX_P109,T
Idea ULTRA,T
Idea ULTRA Pro,T
IdeaPadA10,T
IdeaTab A3000-F,T
IdeaTab A3000-H,T
IdeaTab S6000-F,T
IdeaTab S6000-H,T
IdeaTabA1000-F,T
IdeaTabA1000-G,T
IdeaTabA1000L-F,T
IdeaTabA1010-T,T
IdeaTabA1020-T,T
IdeaTabA5000-E,T
Ideos,T
Idol2S_Orange,T
Ilium Alpha 1T,T
Ilium Alpha 1s,T
Ilium Alpha 3,T
Ilium Alpha 5T,T
Ilium Alpha 5s,T
Ilium Alpha 7,T
Ilium Alpha 9,T
Ilium L1050,T
Ilium L1120,T
Ilium L1200,T
Ilium L1300,T
Ilium L1400,T
Ilium L420,T
Ilium L610,T
Ilium L620,T
Ilium L820,T
Ilium L910,T
Ilium L920,T
Ilium LT500,T
Ilium LT510,T
Ilium LT520,T
Ilium M1,T
Ilium M3,T
Ilium M5,T
Ilium M5s,T
Ilium M7,T
Ilium M7T,T
Ilium M7V,T
Ilium M7s,T
Ilium M9,T
Ilium M9V,T
Ilium M9s,T
Ilium PAD i7,T
Ilium PAD i7 v2,T
Ilium Pad L8X,T
Ilium Pad RX10v3,T
Ilium Pad T7X,T
Ilium Pad X10,T
Ilium S106,T
Ilium S130,T
Ilium X110,T
Ilium X120,T
Ilium X120B,T
Ilium X200,T
Ilium X210,T
Ilium X220,T
Ilium X260,T
Ilium X500B,T
Ilium X510,T
Ilium X520,T
Ilium X710,T
IliumPad_RX8,T
IliumPad_RX8v2,T
Ilium_L1000,T
Ilium_L950,T
Ilium_M8,T
Ilium_PAD_RX10V6,T
Ilium_PAD_RX8v4,T
Ilium_PAD_i7,T
Ilium_Pad_X8,T
Ilium_S130,T
ImPAD_P101,T
ImPAD_P701,T
Impact_Lux_Display,T
Imperium7,T
Imperium8,T
Impex Smart TV,T
Impress Click NFC,T
Impress Disco,T
Impress_Action,T
Impress_Aero,T
Impress_Aqua,T
Impress_Astra4G,T
Impress_Bear,T
Impress_Blade,T
Impress_Calypso,T
Impress_City,T
Impress_Cube,T
Impress_Dune,T
Impress_Eagle,T
Impress_Eagle4G,T
Impress_Energy,T
Impress_Fire,T
Impress_Flash,T
Impress_Forest,T
Impress_Fortune,T
Impress_Frost,T
Impress_Funk,T
Impress_Game,T
Impress_Grip,T
Impress_Groove,T
Impress_Indigo,T
Impress_Lagune,T
Impress_Life,T
Impress_Lightning,T
Impress_Lion_3G,T
Impress_Lion_4G,T
Impress_Lotus,T
Impress_Luck,T
Impress_Luck4G_NFC,T
Impress_Nero,T
Impress_New,T
Impress_Noda,T
Impress_Pear,T
Impress_Phonic,T
Impress_Play,T
Impress_Pluto,T
Impress_Ra,T
Impress_Razor,T
Impress_Reef,T
Impress_Rosso,T
Impress_Saturn,T
Impress_Spring,T
Impress_Stone,T
Impress_Sunset4G,T
Impress_Tor,T
Impress_Vega,T
Impress_Vira,T
Impress_Win,T
Impress_Wolf,T
Impress_Zeon3G,T
Impress_Zeon4G,T
Impulse_P2,T
InFocus M2,T
InFocus M260,T
InFocus M2PLUS,T
InFocus M2_3G,T
InFocus M310,T
InFocus M320,T
InFocus M320e,T
InFocus M320m,T
InFocus M320u,T
InFocus M330,T
InFocus M350,T
InFocus M415,T
InFocus M425,T
InFocus M430,T
InFocus M460,T
InFocus M500,T
InFocus M505,T
InFocus M510t,T
InFocus M512,T
InFocus M530,T
InFocus M535,T
InFocus M550,T
InFocus M550 3D,T
InFocus M560,T
InFocus M680,T
InFocus M808,T
InFocus M808i,T
InFocus M810,T
InFocus M810t,T
InFocus M812,T
InFocus M812A,T
InFocus M812i,T
Indian9,T
Indigo,T
Industry,T
Infinit MX,T
Infinit MX Pro,T
Infinit_Lite_2,T
Infinit_X_CAM,T
Infiniton 2K Android TV,T
Infiniton 4K Android TV,T
Infiniton2KAndroidTV,T
Infiniton4KAndroidTV,T
Infinity,T
Infinity 2,T
Infinity 2 MAX,T
Infinity 7 Plus,T
Infinity 7 Pro,T
Infinity 8,T
Infinity E5,T
Infinity Max,T
Infinity POP,T
Infinity X^2 mini,T
Infinity a4,T
Infinity e4,T
Infinity e5 pro,T
Infinity i,T
Infinity-10.1-v2,T
Infinity-10.1-v3,T
InfinityPro-Y1,T
InfinityT10101,T
Infinity_13,T
Infinity_I1,T
Infinity_I_Mix,T
Infinity_K,T
Infinity_Lite,T
Infinity_a,T
Infinity_a2,T
Infinity_e,T
Infinity_e2,T
Infinity_e3,T
Infinity_i4,T
Infinity_i5,T
Infinity_k2,T
Infinix AndroidTV,T
Infinix HOT 3 LTE,T
Infinix HOT 3 Pro,T
Infinix HOT 4,T
Infinix HOT 4 Lite,T
Infinix HOT 4 Pro,T
Infinix HOT S,T
Infinix HOT4 LTE,T
Infinix NOTE 3,T
Infinix NOTE 3 Pro,T
Infinix PR652B,T
Infinix PR652C,T
Infinix S2,T
Infinix S2 Pro,T
Infinix X1101,T
Infinix X1101B,T
Infinix X1102,T
Infinix X1102B,T
Infinix X1103,T
Infinix X1103B,T
Infinix X1201,T
Infinix X1302,T
Infinix X405,T
Infinix X454,T
Infinix X455,T
Infinix X5010,T
Infinix X505,T
Infinix X509,T
Infinix X510,T
Infinix X511,T
Infinix X5514D,T
Infinix X5515,T
Infinix X5515F,T
Infinix X5515I,T
Infinix X5516,T
Infinix X5516B,T
Infinix X5516C,T
Infinix X557,T
Infinix X559,T
Infinix X559C,T
Infinix X559F,T
Infinix X571,T
Infinix X571-LTE,T
Infinix X572,T
Infinix X572-LTE,T
Infinix X573,T
Infinix X573B,T
Infinix X573S,T
Infinix X603,T
Infinix X603-LTE,T
Infinix X604,T
Infinix X604B,T
Infinix X605,T
Infinix X606,T
Infinix X606B,T
Infinix X606C,T
Infinix X606D,T
Infinix X608,T
Infinix X609,T
Infinix X609B,T
Infinix X610B,T
Infinix X612,T
Infinix X612B,T
Infinix X620,T
Infinix X620B,T
Infinix X622,T
Infinix X623,T
Infinix X623B,T
Infinix X624,T
Infinix X624B,T
Infinix X625B,T
Infinix X625C,T
Infinix X625D,T
Infinix X626,T
Infinix X626B,T
Infinix X626B LTE,T
Infinix X627,T
Infinix X627V,T
Infinix X627W,T
Infinix X650,T
Infinix X650B,T
Infinix X650C,T
Infinix X650D,T
Infinix X6511,T
Infinix X6511B,T
Infinix X6511E,T
Infinix X6511G,T
Infinix X6512,T
Infinix X6515,T
Infinix X6516,T
Infinix X6517,T
Infinix X652,T
Infinix X6525,T
Infinix X6525B,T
Infinix X6525D,T
Infinix X6526,T
Infinix X6528,T
Infinix X6528B,T
Infinix X652A,T
Infinix X652B,T
Infinix X652C,T
Infinix X653,T
Infinix X6531,T
Infinix X6531B,T
Infinix X6532,T
Infinix X6532C,T
Infinix X653C,T
Infinix X655,T
Infinix X655C,T
Infinix X655D,T
Infinix X655F,T
Infinix X656,T
Infinix X657,T
Infinix X657B,T
Infinix X657C,T
Infinix X658B,T
Infinix X658E,T
Infinix X659,T
Infinix X659B,T
Infinix X660,T
Infinix X660B,T
Infinix X660C,T
Infinix X662,T
Infinix X662B,T
Infinix X663,T
Infinix X663B,T
Infinix X663C,T
Infinix X665,T
Infinix X665B,T
Infinix X665C,T
Infinix X665E,T
Infinix X666,T
Infinix X668,T
Infinix X668C,T
Infinix X669,T
Infinix X669C,T
Infinix X669D,T
Infinix X670,T
Infinix X671,T
Infinix X6710,T
Infinix X6711,T
Infinix X6716,T
Infinix X6716B,T
Infinix X671B,T
Infinix X672,T
Infinix X6720,T
Infinix X6720B,T
Infinix X6725,T
Infinix X6725B,T
Infinix X6725C,T
Infinix X6725D,T
Infinix X6726,T
Infinix X6726B,T
Infinix X6728,T
Infinix X6728B,T
Infinix X6730,T
Infinix X6730B,T
Infinix X6731,T
Infinix X6731B,T
Infinix X6739,T
Infinix X675,T
Infinix X676B,T
Infinix X676C,T
Infinix X677,T
Infinix X678B,T
Infinix X680,T
Infinix X680B,T
Infinix X680C,T
Infinix X680D,T
Infinix X680E,T
Infinix X680F,T
Infinix X6810,T
Infinix X6811,T
Infinix X6811B,T
Infinix X6812,T
Infinix X6812B,T
Infinix X6815,T
Infinix X6815B,T
Infinix X6815C,T
Infinix X6815D,T
Infinix X6816C,T
Infinix X6816D,T
Infinix X6817,T
Infinix X6819,T
Infinix X6820,T
Infinix X6821,T
Infinix X6823,T
Infinix X6823C,T
Infinix X6825,T
Infinix X6826,T
Infinix X6826B,T
Infinix X6826C,T
Infinix X6827,T
Infinix X682B,T
Infinix X682C,T
Infinix X683,T
Infinix X6832,T
Infinix X6833B,T
Infinix X6835,T
Infinix X6835B,T
Infinix X6836,T
Infinix X6837,T
Infinix X6838,T
Infinix X683B,T
Infinix X6840,T
Infinix X6840B,T
Infinix X6850,T
Infinix X6850B,T
Infinix X6851,T
Infinix X6851B,T
Infinix X6852,T
Infinix X6853,T
Infinix X6855,T
Infinix X6856,T
Infinix X6857,T
Infinix X6857B,T
Infinix X6858,T
Infinix X6860,T
Infinix X6861,T
Infinix X687,T
Infinix X6870,T
Infinix X6871,T
Infinix X6873,T
Infinix X6876,T
Infinix X6877,T
Infinix X6878,T
Infinix X6879,T
Infinix X687B,T
Infinix X6880,T
Infinix X6881,T
Infinix X6882,T
Infinix X6882B,T
Infinix X6885,T
Infinix X6886,T
Infinix X6887,T
Infinix X688B,T
Infinix X688C,T
Infinix X689,T
Infinix X6891,T
Infinix X6895,T
Infinix X6895B,T
Infinix X6896,T
Infinix X689B,T
Infinix X689C,T
Infinix X689D,T
Infinix X689F,T
Infinix X690,T
Infinix X690B,T
Infinix X690C,T
Infinix X692,T
Infinix X693,T
Infinix X695,T
Infinix X695C,T
Infinix X695D,T
Infinix X6962,T
Infinix X697,T
Infinix X698,T
Infinix Zero 3,T
Infinix Zero 4,T
Infinix Zero 4 Plus,T
Infinix-X521,T
Infinix-X521-LTE,T
Infinix-X521S,T
Infinix-X521_LTE,T
Infinix-X551,T
Infinix-X552,T
Infinix-X554,T
Infinix-X600,T
Infinix-X600-LTE,T
Infinix_X521,T
Infinix_X521S,T
Infinix_X521_LTE,T
Infinix_X556_LTE,T
Infinix_X601_LTE,T
Infotainment System,T
Infotainment-system,T
IngenicoAxium,T
Inhon_V6,T
InnJoo-5,T
InnJoo_3,T
InnoV8,T
InnoV8_PRO,T
Innos2KAndroidTV,T
Innos4KAndroidTV,T
Insignia Delta 2,T
Insignia_Lab,T
Inspire HD,T
Inspire_4,T
Inspire_U5,T
Inspire_U5_PLUS,T
Intelligent_Multi-mode_Radio,T
Interactive Flat Panel,T
Interactive-Flat-Panel,T
Interactive_Intelligent_Panel,T
Intex Aqua Strong 5.1+,T
Intex Aqua Supreme+,T
Intex Elite E1,T
Intex_Cloud_Style_4G,T
Ira_bharatab_803,T
Iris,T
Iris_Plus,T
Iriver 4K Android TV,T
Iron Va,T
Iskon.TV,T
Italy,T
Itel W7001,T
Ithemba,T
Ivory,T
Ixion EL450,T
Ixion ES355,T
Ixion ES550,T
Ixion ES850,T
Ixion M340,T
Ixion M355,T
Ixion M545,T
Ixion M750,T
Ixion M850,T
Ixion ML245,T
Ixion ML350,T
Ixion MS255,T
Ixion P350,T
Ixion X150,T
Ixion XL155,T
J10,T
J101,T
J101-EEA,T
J10L,T
J10PLUS,T
J10PRO,T
J10_EEA,T
J10_US,T
J11,T
J110A,T
J11A,T
J11B,T
J11PLUS,T
J12,T
J12-1,T
J12NEW,T
J13,T
J20,T
J210A,T
J24,T
J2502,T
J2503,T
J2505,T
J2506,T
J2507,T
J2508,T
J2510,T
J2601,T
J2609,T
J3,T
J3173,T
J3273,T
J5,T
J5-EEA,T
J5_EEA,T
J5_M,T
J630,T
J6L,T
J6S,T
J6_EEA,T
J6_US,T
J7,T
J7 PRO,T
J730U,T
J73G,T
J7Pro,T
J8,T
J8110,T
J8170,T
J8210,T
J8270,T
J8L,T
J8_EEA,T
J8_US,T
J9,T
J9110,T
J9150,T
J9180,T
J9210,T
J9260,T
J9L,T
J9S,T
J9_EEA,T
J9_US,T
JA2-SMP0601,T
JA2-TBA0801,T
JA2-TBA1001,T
JA2-TBA1002,T
JA3-SMP0602,T
JA3-TBA0802,T
JA3-TBA1005,T
JA3-TBA1006-4,T
JA3-TBA1006-6,T
JA3-TBA1007,T
JA4-TBA0803,T
JA4-TBA1008,T
JA4-TBA1009,T
JA4-TBA1101,T
JA5-TBA1011,T
JA5-TBA1012,T
JA5-TBA1102,T
JA5-TBA1201,T
JA6-TBA1103,T
JACK,T
JAMUNA SMART TV,T
JAPAN,T
JAT-AL00,T
JAT-L29,T
JAT-L41,T
JAT-LX1,T
JAT-LX3,T
JAT-TL00,T
JAX_M,T
JAX_N,T
JAZZX JS10,T
JCB TP231,T
JCI VA-10J,T
JD-150,T
JDN-AL00,T
JDN-L01,T
JDN-W09,T
JDN2-AL00,T
JDN2-AL00HN,T
JDN2-L09,T
JDN2-W09,T
JDN2-W09HN,T
JDY-LX1,T
JDY-LX2,T
JDY-LX3,T
JDY-LX3P,T
JERRY,T
JERRY MAX,T
JERRY2,T
JESY J20,T
JESY K1,T
JESY_K1,T
JH101,T
JH103,T
JH105,T
JH786,T
JH863,T
JIMI_KNC4,T
JIMMY,T
JK68,T
JKM-AL00,T
JKM-AL00a,T
JKM-AL00b,T
JKM-LX1,T
JKM-LX2,T
JKM-LX3,T
JKM-TL00,T
JLC 4K GOOGLE TV,T
JLT6012A,T
JLab PRO-7,T
JM-250,T
JMM-AL00,T
JMM-AL10,T
JMM-L22,T
JMM-TL00,T
JMM-TL10,T
JMS-W09,T
JOE,T
JOY,T
JOY10_LTE,T
JOY8_LTE,T
JOY_PLUS,T
JP1,T
JP2,T
JR-101,T
JR-500,T
JR-802,T
JR-J10A,T
JR-J10B,T
JR-J10C,T
JR-J71,T
JR-J8,T
JR-M802,T
JR-P2000,T
JR_J1063,T
JR_J7,T
JR_MB603,T
JS409,T
JS410,T
JS420,T
JS430_Wave,T
JS550,T
JSN-AL00,T
JSN-AL00a,T
JSN-L21,T
JSN-L22,T
JSN-L23,T
JSN-L42,T
JSN-TL00,T
JSPQ65,T
JT-B1,T
JT-C52,T
JT-C60,T
JT07-81B,T
JT07-90,T
JT07-X,T
JT08-X1,T
JT10-81B,T
JT10-90,T
JT10-X,T
JT10-X1,T
JT10LTE-X1,T
JT10LTE-X1S,T
JT1241,T
JTTAB035,T
JTW,T
JT_PH86TOC,T
JTouch_Series_13,T
JTouch_Series_13ea,T
JTouch_Series_13eb,T
JUNIOR_8_PRO,T
JUNO_Tab_10,T
JVC 2K ATSC TV,T
JVC 2K Android TV,T
JVC 2K DVB TV,T
JVC 2K ISDB TV,T
JVC 2K TV,T
JVC 4K ATSC TV,T
JVC 4K Android TV,T
JVC 4K DVB TV,T
JVC 4K ISDB TV,T
JVC 4K Smart TV,T
JVC Android TV,T
JVC Android TV SA,T
JVC EU 2K Android TV,T
JVC EU 4K Android TV,T
JVC PA 2K Android TV,T
JVC PA 4K Android TV,T
JVC SA 2K Android TV,T
JVC SA 4K Android TV,T
JVC Super TV,T
JVC TV Ultra,T
JVC UK 2K Android TV,T
JVC UK 4K Android TV,T
JVC US 2K Android TV,T
JVC US 4K Android TV,T
JVC UltraTV,T
JVC2KAndroid TV,T
JVC4KAndroid TV,T
JVCPA 2KAndroid TV,T
JVCPA 4KAndroid TV,T
JVCSA 2KGoogle TV,T
JVCSA 4KGoogle TV,T
JVCSA 4KGoogleTV,T
JVCTV 4K,T
JVCUS 2K Google TV,T
JVCUS 4K TV,T
JVL070TAB812BLK,T
JVL101TAB811BLK,T
JYP_777,T
JZP57,T
Jaculus V2,T
Jade7s,T
Jade8S,T
Jappy_Kids,T
Jax X,T
Jax_S,T
Jax_S_A7,T
JayPad_2_0,T
Jazz,T
Jazz 2,T
JazzX JS7 PRO,T
Jelly 2E,T
Jelly Max,T
Jelly Star,T
Jelly2,T
Jelly2_JP,T
Jetstream AGT418,T
Jewel,T
Jive,T
Joey 4,T
Joy,T
Joy 1,T
Joy 1+,T
Joy 2+,T
Joy 3,T
Joy 4,T
Joy Pro,T
JoyPRO,T
JoyStar_J10,T
Joya Smart,T
Joya Touch 22,T
Joybee,T
Joystar J16,T
Joystar J6,T
Joystar_J16,T
Junior_7,T
Junior_7_LTE,T
Juno Q6,T
Juno Q7,T
Jupiter,T
Just5,T
K-50,T
K-BOOK73G,T
K-Elec 4K Android TV,T
K-KOOL,T
K-Ranger,T
K-Ranger_ROW,T
K-Ranger_RU,T
K-S18,T
K-TAB1005,T
K-TAB703,T
K-TAB801,T
K-Touch 920,T
K-Touch K3,T
K-Touch L930i,T
K-Touch M2s,T
K-Touch Tou ch 2c,T
K007,T
K00C,T
K00E,T
K00F,T
K00G,T
K00L,T
K00R,T
K00U,T
K00X,T
K00Y,T
K00Z,T
K010,T
K01023,T
K01023US,T
K010E,T
K011,T
K012,T
K012_2,T
K013,T
K013C,T
K014,T
K015,T
K01524,T
K016,T
K017,T
K018,T
K019,T
K01A,T
K01B,T
K01E,T
K01F,T
K01H,T
K01N,T
K01Q,T
K01U,T
K06,T
K07-pro,T
K08,T
K08Plus,T
K1,T
K1 Trio,T
K10,T
K10 PLUS DA1C0P02,T
K10 PRO,T
K100,T
K10000 Max,T
K10000 Mix,T
K10000 Pro,T
K101,T
K101A,T
K101_EEA,T
K101_Plus,T
K101_pro,T
K102,T
K1028G,T
K102L,T
K102_A,T
K103,T
K103A,T
K103_A,T
K103_B,T
K104,T
K105,T
K105_EEA,T
K106,T
K106A,T
K106_A,T
K107,T
K107-EEA,T
K108,T
K108_EEA,T
K109,T
K1091F,T
K109A,T
K109_Pro,T
K10C,T
K10_EEA,T
K10_US,T
K11,T
K110,T
K1100UA,T
K110_EEA,T
K111,T
K112,T
K113,T
K116_M,T
K118,T
K118_EEA,T
K1196,T
K11_EEA,T
K11_EU,T
K11_ROW,T
K11_US,T
K12,T
K12-ROW,T
K1200UA,T
K12E,T
K12E_EEA,T
K12E_ROW,T
K12L1,T
K12_EU,T
K12_US,T
K13,T
K13-EEA,T
K13-U-EEA,T
K13-U-US,T
K13-US,T
K13_EEA,T
K13_Pro,T
K13_US,T
K13pro,T
K15,T
K15 Pro,T
K15-B,T
K150,T
K15_EEA,T
K15_Plus,T
K15_US,T
K16,T
K165,T
K16_EEA,T
K16_US,T
K17,T
K175,T
K18,T
K19,T
K1S,T
K2,T
K20,T
K200,T
K20M,T
K21,T
K22,T
K220_FHD,T
K23,T
K27p,T
K28,T
K2_A13,T
K3,T
K30,T
K30 PRO,T
K300,T
K30A,T
K30M,T
K30_EEA,T
K30_EEA_B,T
K30_ROW,T
K30_ROW_B,T
K31,T
K3102 WIFI,T
K3102_W,T
K350,T
K350t,T
K38,T
K388_Pro,T
K3C_7570,T
K3I,T
K3Pro,T
K3S,T
K3_Pro,T
K4,T
K4-02 4G,T
K400,T
K405,T
K406,T
K41,T
K48,T
K4b,T
K4m,T
K5,T
K50,T
K50-R,T
K500,T
K5000,T
K501,T
K501 Plus,T
K502,T
K503,T
K503HD,T
K503S,T
K503T,T
K504,T
K506,T
K507,T
K508101,T
K50_EEA,T
K50_EEA_B,T
K50_ROW,T
K50_ROW_A,T
K50_ROW_B,T
K51,T
K510,T
K511,T
K534,T
K535,T
K536,T
K545,T
K546,T
K55QL,T
K55g,T
K55h,T
K56,T
K57,T
K573,T
K58,T
K58b,T
K5G-C-100A,T
K5b,T
K5c,T
K5d,T
K5m,T
K6,T
K60,T
K600,T
K6000 Plus,T
K601,T
K604,T
K605,T
K61,T
K626,T
K62A,T
K65,T
K66,T
K68,T
K69,T
K6Pro,T
K6b,T
K6m,T
K7,T
K7 Kids,T
K7 Power,T
K7-40,T
K7/PTAB782,T
K70,T
K700,T
K700A,T
K701,T
K702,T
K705A,T
K705A_EEA,T
K709A,T
K70_EEA,T
K70_EEA_B,T
K70_PRO,T
K70_PRO_ROW_A,T
K70_ROW,T
K70_ROW_A,T
K70i_EEA,T
K70i_EEA_B,T
K710,T
K710_EEA,T
K711,T
K711_EEA,T
K712,T
K712_EEA,T
K726,T
K72P,T
K749,T
K749B,T
K75,T
K750,T
K78,T
K78_EEA,T
K79,T
K7A,T
K7S,T
K7_A07K,T
K7_A101,T
K7_A101_EEA,T
K7_A102,T
K7_Pro,T
K7pro,T
K8,T
K8 Active,T
K80,T
K8000,T
K80A,T
K80_EEA,T
K80_ROW,T
K81,T
K82,T
K82A,T
K83,T
K83CA,T
K83V,T
K85,T
K87CA,T
K87CC,T
K88,T
K8M8A,T
K8Pro,T
K8T,T
K9,T
K9 Kavach 4G,T
K9 Music 4G,T
K9 Pro,T
K9 Smart 4G,T
K9 Smart Eco,T
K9 Smart Eco Plus,T
K9 Smart Grand,T
K9 Smart Selfie,T
K9 Smart Yuva,T
K9 VIRAAT 4G,T
K90,T
K901,T
K908H4G,T
K90Pro,T
K90Pro_EEA_BND,T
K90Pro_ROW,T
K90U,T
K919,T
K92,T
K92A,T
K93A,T
K95L,T
K97,T
K99J,T
K9Pro,T
K9_Smart_Plus,T
K9_Viraat_Plus,T
KA-E410W,T
KA1,T
KA2,T
KA7Q3,T
KAAN_A1,T
KAAN_N2,T
KAGIS Android TV,T
KAKT10164SA,T
KAKT74128BA,T
KALOS,T
KAMBA,T
KANJI 2K Android TV,T
KANJI 4K Android TV,T
KANJI 4K TV,T
KANUNA,T
KAP11000,T
KARBONN A545,T
KATB10128WPA,T
KATB1064CGRY,T
KATB1064WGRY,T
KATB21064CPA,T
KATB2P1064WPA,T
KATB311PLSPA,T
KATV10,T
KAYA,T
KAZ-N20,T
KAZAM THUNDER2 45L,T
KAZAM Thunder 345,T
KAZAM Thunder 345 LTE,T
KAZAM Thunder 345L,T
KAZAM Thunder 350L,T
KAZAM Thunder 550,T
KAZAM Thunder 550L,T
KAZAM Thunder2 50,T
KAZAM Tornado 350,T
KAZAM Tornado 455L,T
KAZAM Tornado2 50,T
KAZAM Trooper 440L,T
KAZAM Trooper 445L,T
KAZAM Trooper 450,T
KAZAM Trooper 451,T
KAZAM Trooper 455,T
KAZAM Trooper 540,T
KAZAM Trooper 550L,T
KAZAM Trooper 551,T
KAZAM Trooper 555,T
KAZAM Trooper 650,T
KAZAM Trooper 650 4G,T
KAZAM Trooper2 40,T
KAZAM Trooper2 50,T
KAZAM_Trooper_450L,T
KB07,T
KB08,T
KB10,T
KB1001,T
KB1002,T
KB1003,T
KB1004,T
KB1004S,T
KB1005,T
KB1006,T
KB1008,T
KB1009,T
KB101,T
KB101B,T
KB102,T
KB2000,T
KB2001,T
KB2003,T
KB2005,T
KB2007,T
KB82P,T
KC-01,T
KC-100S,T
KC-S205,T
KC-S301AE,T
KC-S302,T
KC-S303,T
KC-S304,T
KC-S305,T
KC-S306,T
KC-S603,T
KC-S701,T
KC-S702,T
KC-S703,T
KC-T302DT,T
KC-T304,T
KC-T305CN,T
KC-T306,T
KC-T308,T
KC401,T
KC50,T
KC516,T
KC516 Pro,T
KC770,T
KCG02,T
KCP01K,T
KD095,T
KD095_EEA,T
KD1,T
KD101,T
KD10112TB,T
KD2,T
KD50,T
KE-TB1032OF,T
KE-TB815,T
KE-TB816OF,T
KECHAODA_S10,T
KEMP1HEAD,T
KEMPLER_8,T
KEMPLER_8_PLUS,T
KEMPLER_9,T
KEMPLER_P1,T
KEMPLER_P3,T
KEMPLER_X,T
KEMPLER_X_TV,T
KENNY,T
KENWOOD 2K TV,T
KENWOOD ATSC 2K TV,T
KENWOOD ATSC 4K TV,T
KENWOOD DVB 2K TV,T
KENWOOD DVB 4K TV,T
KENWOOD ISDB 2K TV,T
KENWOOD ISDB 4K TV,T
KF-1500,T
KF1919,T
KF45,T
KF7,T
KG2100,T
KG3100,T
KG4100,T
KG555 Pro,T
KG777 Pro,T
KH3566,T
KH3588S,T
KH3588S_NFC,T
KH660,T
KHATAR H-10 mini,T
KHATAR H-20 PRO,T
KI-R10,T
KI-R10S,T
KI-R7,T
KI-Z101E,T
KI1101,T
KID-Tab-7-S03,T
KID15,T
KIDDOTAB10,T
KIDDOTAB8,T
KIDO 2,T
KIDPAD-3G,T
KIDPAD_LITE,T
KIDS-TAB-4,T
KIDS-TAB-5,T
KIDS01,T
KIDS02,T
KIDS05-X5,T
KIDS06,T
KIDS07A,T
KIDS08,T
KIDS08-X8,T
KIDS09,T
KIDS09S,T
KIDS705-701,T
KIDS705-701A,T
KIDS707,T
KIDS708,T
KIDS708-709A,T
KIDS709,T
KIDS710,T
KIDS720,T
KIDSPAD,T
KIDSPAD_V2,T
KIDS_1,T
KIDS_COLORS_PLUS,T
KIDS_FIVE,T
KIDS_TAB,T
KIDS_TAB_6,T
KIDS_TAB_7,T
KIDTAB_7_S04,T
KIDZY70,T
KID_TAB_7_S02,T
KII-L21,T
KIICAA MIX,T
KIICAA POWER,T
KIL-TAB82WIFI,T
KING KONG CS,T
KING KONG MAX,T
KINGKONG 11,T
KINGKONG 5,T
KINGKONG 5 Pro,T
KINGKONG 6,T
KINGKONG 7,T
KINGKONG 8,T
KINGKONG 9,T
KINGKONG ACE 2,T
KINGKONG ACE 3,T
KINGKONG ACE 5,T
KINGKONG Dura,T
KINGKONG E1,T
KINGKONG ES 3,T
KINGKONG ES 5,T
KINGKONG ES PRO,T
KINGKONG MINI 3,T
KINGKONG MINI 4,T
KINGKONG MINI2,T
KINGKONG MINI2 Pro,T
KINGKONG POWER 3,T
KINGKONG POWER 5,T
KINGKONG STAR,T
KINGKONG STAR 2,T
KINGKONG X,T
KINGKONG_ES,T
KINGKONG_MINI,T
KINGKONG_MINI2_Pro,T
KING_KONG_3,T
KINZO_ichi_A5_QL,T
KIOTO 2K Android TV,T
KIOTO 4K Android TV,T
KIREI A5Q PLUS,T
KIS,T
KIS C341,T
KIS II Max,T
KIS PLUS,T
KITE,T
KITYPRO,T
KIVI 2K Android TV,T
KIVI 4K Android TV,T
KIW-AL10,T
KIW-AL20,T
KIW-CL00,T
KIW-L21,T
KIW-L22,T
KIW-L23,T
KIW-L24,T
KIW-TL00,T
KIW-TL00H,T
KIW-UL00,T
KJ-AC02,T
KJ-AC05,T
KJ-ALFARK,T
KJ-ARIZONA,T
KJ-OB02,T
KJ-YUBI,T
KJG_Series,T
KJ_AC05,T
KJ_ALFARK,T
KJ_ARIZONA1,T
KJ_OB02,T
KJ_OB03,T
KJ_YUBI,T
KJ_YU_BI,T
KL I750,T
KL1018,T
KL1018E_EEA,T
KL1018N,T
KL1019,T
KL1088,T
KL2018R,T
KL2108NBE,T
KL2109NB_EEA,T
KL300,T
KL3669A,T
KL3669E_EEA,T
KL3669_EEA,T
KL3678E_EEA,T
KL3838,T
KL3889,T
KL450,T
KL456LD,T
KL4888,T
KL4889B,T
KL4889C,T
KL4890,T
KL4891,T
KL4891_A50,T
KL4898,T
KL4898_A50,T
KL4899,T
KL4899A,T
KL4899B,T
KL500,T
KL502,T
KL503,T
KL505,T
KL551,T
KL553_EEA,T
KL600B,T
KL601,T
KL602,T
KL605,T
KL606,T
KL608,T
KL628KO,T
KL628_HL,T
KL6889B,T
KL7590,T
KL7591,T
KL7599,T
KL7809,T
KL830,T
KL8889,T
KL9878,T
KL9878AE,T
KL9878A_EEA,T
KL988HPC,T
KLEINZ4KAndroidTV,T
KLI747,T
KLIPAD_KL600,T
KLIPAD_PRO_I746,T
KLIPAD_SMART_D71,T
KLIPAD_SMART_D791,T
KLIPAD_SMART_I745,T
KLIPAD_SMART_I746,T
KLIPAD_SMART_KLI758,T
KLIPAD_V355,T
KLIPAD_V355B,T
KL_6888,T
KM-E100,T
KM0701_1,T
KM0702,T
KM0708,T
KM0804_1,T
KM0805_1,T
KM0808,T
KM0HD FHD,T
KM0UHD,T
KM1,T
KM1008,T
KM1066,T
KM1067,T
KM1069,T
KM1070,T
KM1072,T
KM1073,T
KM1077,T
KM1077S,T
KM1078,T
KM1078S,T
KM3,T
KM6,T
KM7,T
KM7012BK,T
KM8,T
KM8-ATV-MF,T
KM9PRO,T
KMG05,T
KM_SH368AT,T
KNSTB02,T
KNT-AL10,T
KNT-AL20,T
KNT-TL10,T
KNT-UL10,T
KOB-L09,T
KOB-W09,T
KODAK 2K TV,T
KODAK 4K Smart TV,T
KODAK SMARTWAY L1 PRO,T
KODAK SMARTWAY M2,T
KODAK SMARTWAY T3,T
KODAK Tablet 10,T
KODAK Tablet 7,T
KODAK2KAndroidTV,T
KODAK4KAndroidTV,T
KODAK_SMARTWAY_L1,T
KODAK_SMARTWAY_T2,T
KODAK_SMARTWAY_X2,T
KOESIO SCREEN ISITOUCH,T
KONKA 2K Android TV,T
KONKA 4K Android TV,T
KONKA 4K Google TV,T
KONKA 4KP Google TV,T
KONKA-N188,T
KONKA-Y109,T
KONROW,T
KONROW_701X,T
KONVO 4K SMART TV,T
KOOMII A6,T
KP1,T
KP10,T
KP11,T
KP1202,T
KP1_S10,T
KP26,T
KP523,T
KPAU04,T
KPN Smart 300,T
KPN Smart 400,T
KPad_U2,T
KPad_U2_P,T
KPad_U2_Pro,T
KPad_U2_Pro_EEA,T
KPad_U4,T
KPad_U4_EEA,T
KR-T01,T
KR076,T
KR10,T
KRIP_K4,T
KRIP_K55,T
KSA-AL00,T
KSA-LX2,T
KSA-LX3,T
KSA-LX9,T
KSA-TL00,T
KSP8000,T
KST-900pro,T
KST-BT-11-PRO,T
KST070CH_D,T
KST102SA-EEA,T
KST102SF,T
KST102SF_EA,T
KST103RC,T
KST103SD,T
KST103SD-L,T
KST103SD_J,T
KSTB1157,T
KSTB2019,T
KSTB2020,T
KSTB2100,T
KSTB4200,T
KSTB4252,T
KSTB5043,T
KSTB6020,T
KSTB6043,T
KSTB6044,T
KSTB6077,T
KSTB6165,T
KSTB6188,T
KSTB7043,T
KS_T01,T
KT-2-EEA,T
KT-2-other,T
KT-755M,T
KT05,T
KT1,T
KT10,T
KT1006,T
KT1007_EEA,T
KT101,T
KT1016,T
KT1028,T
KT102_EEA,T
KT102_US,T
KT10_EEA,T
KT14Pro,T
KT2,T
KT5509,T
KT5512,T
KT700M,T
KT802_EEA,T
KT802_US,T
KT9-70RA,T
KTAB,T
KTAB17,T
KTAB704,T
KTAB_1003,T
KTAB_1004,T
KTA_PRO_100W,T
KTB-168,T
KTLA133,T
KUBIK_GENTA_10,T
KUNO 4+,T
KUNO4,T
KURIO_01023,T
KUVA Pad,T
KWANITA,T
KWSA80K,T
KY-51B,T
KY-51D,T
KYDOS Smart TV,T
KYF40,T
KYG01,T
KYG02,T
KYG03,T
KYG04,T
KYG06,T
KYG07,T
KYL21,T
KYL22,T
KYL23,T
KYLIN40,T
KYOCERA-C6742,T
KYOCERA-C6742A,T
KYOCERA-C6745,T
KYOCERA-E6560,T
KYOCERA-E6790,T
KYOCERA-E6820,T
KYOCERA-E6920,T
KYT31,T
KYT32,T
KYT33,T
KYT34,T
KYT35,T
KYV31,T
KYV32,T
KYV33,T
KYV34,T
KYV35,T
KYV36,T
KYV37,T
KYV38,T
KYV39,T
KYV40,T
KYV40U,T
KYV41,T
KYV42,T
KYV42_u,T
KYV43,T
KYV44,T
KYV44_u,T
KYV44_u2,T
KYV45,T
KYV46,T
KYV47,T
KYV47-j,T
KYV47-u,T
KYV48,T
KYY21,T
KYY22,T
KYY23,T
KYY24,T
KZG Scope,T
KaChocolate,T
Kabode Max,T
Kali_8,T
Kalley Note 10 Lite,T
Kalley_FlexTab 11,T
Kamai7,T
Kamai7B,T
Kamba_2,T
Kammunica_500V,T
Kammunica_800,T
Kammunica_V10,T
Kammunica_XD,T
Kamvas Slate 11,T
Kamvas Slate 13,T
KamvasSlate10,T
KamvasSlate10_EEA,T
Kansas_City_150,T
Karbonn Titanium S5 Plus,T
Karbonn X21,T
Karbonn Yuva 2,T
Karbonn_A1,T
Kate,T
Kavak Y625-U03,T
Kazam Trooper2 60,T
Kempler_X_Pro,T
Kenshi_K10,T
Kestrel,T
KiN,T
Kicka 5,T
Kicka 5 Plus,T
Kicka 5 Plus 4G,T
Kicka 6 Plus 4G,T
Kicka Zoom,T
Kicka6,T
Kicka7,T
Kicka_4_Plus,T
KidS Prime 1,T
KiddoPad_K2,T
Kiddoboo Plus KB80P,T
Kidpa_M7,T
Kidpad-3G,T
Kids,T
Kids 10,T
Kids Tab 1,T
Kids10,T
Kids10_A15,T
Kids10_A15_EEA,T
Kids10_A15_US,T
Kids10_A16_EEA_JAE,T
Kids10_A16_JAE,T
Kids10_A16_US_JAE,T
Kids20,T
Kids20_A16_EEA_JAE,T
Kids20_A16_JAE,T
Kids20_A16_US_JAE,T
Kids20_PA15,T
Kids20_PA15_EEA,T
Kids7 Pro,T
Kids9 Pro,T
KidsPad10X,T
KidsPad_7,T
KidsTAB10_4G_EEA,T
KidsTAB7,T
KidsTAB7_EEA,T
KidsTAB7_V2,T
KidsTAB7_V2_EEA,T
KidsTab3_EEA,T
Kids_10,T
Kids_8,T
Kids_Pro,T
Kids_Tab_2,T
KidstabletOne,T
Kidstablet_231,T
Kidz Pro,T
KidzPad_Y80,T
KidzPad_Y88X_8,T
KidzPad_Y88X_8_EEA,T
Kil-82WFDC,T
KindPad_SA8_EEA,T
Kindermann_TD-12xx,T
KingPad_K10,T
KingPad_K10Pro,T
KingPad_K10Pro_EEA,T
KingPad_K10_EEA,T
KingPad_M10,T
KingPad_M10_EEA,T
KingPad_SA10,T
KingPad_SA10_EEA,T
KingPad_SA8,T
KingPad_SA8_EEA,T
KingPad_Z10,T
KingPad_Z10Mini,T
KingPad_Z10S,T
KingPad_Z10S_EEA,T
KingPad_Z10_EEA,T
Kingcomm C500,T
Kingcomm E550,T
Kiona,T
Kis T3,T
Kishi-001,T
Kitchen_Tablet,T
Klap_S1,T
Knight 2,T
KodakTV,T
Kogan 4K TV,T
Kogan Agora 4G Lite,T
Kogan Agora 6Plus,T
Kogan Agora 8,T
Kogan Agora 9,T
Kogan G5,T
Kogan G6,T
Kogan G7,T
Kogan SmarterTV,T
Kogan SmarterTV 2K,T
Kogan TV,T
KoganTVAP,T
Kohana,T
Kolke_KTK611,T
Konchris 2K Android TV,T
Konnect 660,T
Konnect402,T
Konnect503,T
Konnect506,T
Konnect602,T
Konnect_350,T
Konnect_502,T
Konnect_504,T
Konnect_508,T
Konnect_509,T
Konnect_510_colors,T
Konnect_556,T
Konnect_557,T
Konnect_560,T
Konnect_601,T
Konnect_607,T
Konnect_608,T
Koral 7W4,T
Koral_10X2,T
Koral_8W2,T
Kosumi,T
Kova 2 Plus PCB-T732,T
Kova-PCB-T730,T
Kova_PCB-T730,T
Krono_Kids_Play,T
Kruger&Matz Drive 5,T
KrugerMatz_LIVE4,T
Krüger&Matz _LIVE5_KM0450,T
Kurio10S,T
Kurio4S,T
Kurio7S,T
KurioPhone,T
Kyivstar Spark,T
Kylin 5.0,T
Kylin 5.5,T
Kylin 5.5S,T
Kylin50i,T
Kylin_5.0S,T
L-01D,T
L-01E,T
L-01F,T
L-01J,T
L-01K,T
L-01L,T
L-02D,T
L-02E,T
L-02K,T
L-03K,T
L-04C,T
L-04E,T
L-05D,T
L-05E,T
L-06C,T
L-06D,T
L-06DJOJO,T
L-07C,T
L-41A,T
L-5,T
L-51A,T
L-52A,T
L-EGANTONE,T
L-EGANTONE-R,T
L-EMENT 400,T
L-EMENT 505,T
L-EMENT 553,T
L-EMENT 740,T
L-EMENT 741,T
L-EMENT 742,T
L-EMENT350,T
L-EMENT351,T
L-EMENT401,T
L-EMENT500L,T
L-EMENT501,T
L-EMENT503,T
L-EMENT550,T
L-EMENT551,T
L-EMENT743,T
L-EMENT_1043_BTK,T
L-EMENT_403,T
L-EMENT_TAB1040,T
L-EMENT_TAB1040_BT,T
L-EMENT_TAB1042,T
L-EMENT_TAB1042BTK,T
L-EMENT_TAB1043,T
L-EMENT_TAB1043M,T
L-ITE 400M,T
L-ITE 402,T
L-ITE 452,T
L-ITE 502,T
L-ITE 502 PLUS,T
L-ITE 504 HD,T
L-ITE 506 HD,T
L-ITE 506R HD,T
L-ITE 552,T
L-ITE 552 HD,T
L-ITE Tab 870 LTE,T
L-IXIR TAB 701 3G,T
L-IXIR_TAB_1046_HD,T
L-IXIR_TAB_840,T
L-ementTab744P,T
L-ement_Tab_744,T
L-ite_Tab1060,T
L1,T
L10,T
L10-C03,T
L10-C03_EEA,T
L10-M01,T
L10-T01,T
L10-T02,T
L10-T02-EEA,T
L10-T11,T
L10-T11-EEA,T
L10-T17,T
L10-T17-EEA,T
L100,T
L10041,T
L1008,T
L101,T
L108MR,T
L10A,T
L10AW,T
L10_EEA,T
L10_PRO,T
L10_PRO_EEA,T
L10_T06,T
L10_T06_EEA,T
L10_T08,T
L10_T08_EEA,T
L10_T10,T
L10_T10_EEA,T
L10_T16,T
L110,T
L1108,T
L1108_EU_FW19,T
L1208,T
L1450P,T
L1582C,T
L1589K,T
L161X,T
L1620,T
L16XX,T
L170,T
L18,T
L18-EEA,T
L180,T
L18011,T
L1Fa,T
L1R,T
L1f-pluss,T
L2,T
L20,T
L20-EEA,T
L200,T
L201-EEA,T
L21,T
L21-EEA,T
L210,T
L211,T
L211-EEA,T
L23,T
L23-EEA,T
L231,T
L231-EEA,T
L251,T
L251-EEA,T
L270,T
L28-EEA,T
L2H_EDLA_GL,T
L2H_EEA,T
L2H_GL,T
L2H_TR,T
L2Ks_EDLA_GL,T
L2Ks_EEA,T
L2Ks_GL,T
L2Ks_RU,T
L2Ks_TR,T
L2S,T
L2s_PRO,T
L3,T
L30,T
L301,T
L30_EEA,T
L30_ROW,T
L310i,T
L35,T
L35h,T
L36,T
L36h,T
L370i,T
L39h,T
L39t,T
L39u,T
L3A,T
L4,T
L452,T
L465,T
L470,T
L4T,T
L5,T
L50,T
L50 PLUS,T
L500U,T
L501,T
L502,T
L503F,T
L503F Plus,T
L506,T
L51,T
L51 Pro,T
L52,T
L52 Pro,T
L52F,T
L52X,T
L53,T
L530,T
L54,T
L540,T
L55,T
L5510,T
L553,T
L55A,T
L55B,T
L55SCLARO,T
L56,T
L570,T
L570a,T
L575,T
L590A,T
L5F_pro,T
L5G,T
L60,T
L60 Pro,T
L60 Turbo,T
L60-EEA,T
L601F,T
L604,T
L610,T
L611,T
L622,T
L63,T
L63M,T
L651,T
L65E,T
L66,T
L66 LITE,T
L66F,T
L66M,T
L681,T
L68_Ultra,T
L697,T
L7,T
L70,T
L701 TV,T
L70_Lite,T
L70_PRO,T
L8,T
L8-T01,T
L8-T01_EEA,T
L80,T
L80-EEA,T
L80W,T
L80_EEA,T
L80_S,T
L80_US,T
L8301,T
L863-10,T
L8_A02,T
L8_A02_EEA,T
L8_C01,T
L8_C01_EEA,T
L8_C02,T
L8_C02_EEA,T
L8_D01,T
L8_D01_EEA,T
L8_EEA,T
L9,T
L90,T
L925,T
L9502,T
L9503,T
LA703R,T
LAB-LX1,T
LAB-LX2,T
LAB-LX3,T
LAIKA,T
LAIQ Glam,T
LAMCY L400,T
LAMZIEN_P2,T
LANIX_PAD_E7,T
LAVA AF9030,T
LAVA Blaze,T
LAVA LE9810,T
LAVA LE9820,T
LAVA LE9930,T
LAVA LE9940,T
LAVA LE9940_W,T
LAVA LEX402,T
LAVA LEX403,T
LAVA LF9810_2GB,T
LAVA LH9930,T
LAVA LH9931,T
LAVA LH9950,T
LAVA LMG01,T
LAVA LMG02,T
LAVA LMX02,T
LAVA LMX04,T
LAVA LMX06,T
LAVA LN9810,T
LAVA LXX501,T
LAVA LXX503,T
LAVA LXX504,T
LAVA LXX505,T
LAVA LXX506,T
LAVA LXX507,T
LAVA LXX508,T
LAVA LXX510,T
LAVA LXX514,T
LAVA LXX516,T
LAVA LXX519,T
LAVA LXX520,T
LAVA LXX521,T
LAVA LXX524,T
LAVA LXX528,T
LAVA LZG01,T
LAVA LZG401,T
LAVA LZG402 OM,T
LAVA LZG402 OMI,T
LAVA LZG402_1,T
LAVA LZG403,T
LAVA LZG403 225,T
LAVA LZG403 25,T
LAVA LZG409,T
LAVA LZG411,T
LAVA LZX406,T
LAVA LZX408,T
LAVA LZX414,T
LAVA LZX419,T
LAVA LZX421,T
LAVA V5,T
LAVA Z3 UP,T
LAVA Z3 UP 2,T
LAVAA1,T
LAVA_A3,T
LAVA_A44,T
LAVA_R1,T
LAVIE T11 112K1,T
LAVIE T11 11QHD1,T
LAVIE T7 7SD1,T
LAVIE T8 8HD1,T
LAVIE Tab 102K1,T
LAVIE Tab 10FHD3,T
LAVIE Tab 112K2,T
LAVIE Tab 11FHD1,T
LAVIE Tab 11QHD2,T
LAVIE Tab 11QHD3,T
LAVIE Tab 143K1,T
LAVIE Tab 9QHD1,T
LAVIE Tab E 10FHD1,T
LAVIE Tab E 10FHD2,T
LAVIE Tab E 7SD1,T
LAVIE Tab E 8FHD1,T
LAVIE Tab E 8HD1,T
LAVIE Tab T12 12QHD1,T
LAVIETab11QHD3,T
LBOX500,T
LBU-LX1,T
LBU-LX2,T
LBU-LX3,T
LC-42LE860H,T
LC-42LE860M,T
LC-50LE860H,T
LC-50LE860M,T
LC-50UE1H,T
LC-50UE1M,T
LC-55LE860H,T
LC-55LE860M,T
LC-58UE1H,T
LC-58UE1M,T
LC-A11A,T
LC-A1H,T
LC-LE580T,T
LC-LE580X,T
LC-LX565H,T
LC-S3H-01,T
LC-TS08A,T
LC-TS08S,T
LC-U35T,T
LC-UE630X,T
LC-Ux30US,T
LC-XU35T,T
LC-XU930X_830X,T
LC-xxBEL6T,T
LC-xxBEL8H-C,T
LC-xxBEL9H,T
LC-xxCAE5H,T
LC-xxLE570X,T
LC-xxUD50H,T
LCD-40MX3000A,T
LCD-40X418H3A,T
LCD-45FOC518H1A,T
LCD-45X418H3A,T
LCD-60FOC518H1A,T
LCD-LX460A,T
LCD-LX560A,T
LCD-LX565A,T
LCD-LX565A-B,T
LCD-S3A-01,T
LCD-UF30A,T
LCD-V3A,T
LCD-xxBEL6A,T
LCD-xxBEL7A-C,T
LCD-xxBEL7A-D,T
LCD-xxBEL8A,T
LCD-xxBEL8A-B,T
LCD-xxCAE5A,T
LCD-xxCAE5A-C,T
LCD-xxCAE5A-D,T
LCD-xxDEM6A,T
LCD-xxDEM6A-B,T
LCD-xxDEM7A,T
LCD-xxDEM8A,T
LCD-xxGAE9A,T
LCD-xxHAD5A,T
LCD_40FOC465A,T
LCD_40FOC468A,T
LCD_45FOC3000A,T
LCD_45FOC46A,T
LCD_50FOC4000A,T
LCD_50FOCAG1T,T
LCD_50SUFOC480A,T
LCD_50SUMTCCA_XA,T
LCD_50UFOCZQ48A,T
LCD_FOC36A,T
LCD_xxFFOCZQ48A,T
LCD_xxFOC580A1,T
LCD_xxFOC580A2,T
LCD_xxSFFOC470A,T
LCD_xxSFFOC475A,T
LCD_xxSFFOC480A,T
LCD_xxSFFOCBC_H,T
LCD_xxSFFOCCA_C,T
LCD_xxSUFOC470A,T
LCD_xxSUFOC471A,T
LCD_xxSUFOC475A,T
LCD_xxSUFOC480A,T
LCD_xxSUFOC5A,T
LCD_xxSUFOC6A,T
LCD_xxUFOCZQ48A,T
LC_45FOC460T,T
LC_50FOC45H,T
LDN-AL00,T
LDN-AL10,T
LDN-AL20,T
LDN-L01,T
LDN-L21,T
LDN-LX2,T
LDN-LX3,T
LDN-TL00,T
LDN-TL10,T
LDN-TL20,T
LDY-AN00,T
LE000Z93P,T
LE0139I,T
LE2100,T
LE2101,T
LE2110,T
LE2111,T
LE2113,T
LE2115,T
LE2117,T
LE2120,T
LE2121,T
LE2123,T
LE2125,T
LE2127,T
LE32U5000A,T
LE39M7000CF,T
LE40U5000A,T
LE43B7600A,T
LE43U5000A,T
LE48M7000CF,T
LE49U5000A,T
LE5039,T
LE55M7000CF,T
LE9910,T
LE9920,T
LE9920_P,T
LEAP-S1,T
LED32G180,T
LED32K220,T
LED32K280J3D,T
LED32K360,T
LED32K360J,T
LED32K360J3D,T
LED32K360X3D,T
LED32K370,T
LED32K600J,T
LED32K600X3D,T
LED32K610X3D,T
LED32L288,T
LED39K280J3D,T
LED39K360J,T
LED39K360X3D,T
LED39K600X3D,T
LED39K600X3DU,T
LED39K610X3D,T
LED39K680X3DU,T
LED40K260X3D,T
LED40K360J,T
LED40K360X3D,T
LED40K370,T
LED40K681X3DU,T
LED40L288,T
LED42G200,T
LED42K280J3D,T
LED42K330X3D,T
LED42K360J,T
LED42K360X3D,T
LED42K370,T
LED42K380U,T
LED42K560X3D,T
LED42K600A3D,T
LED42K600X3D,T
LED42K610J3DP,T
LED42K610X3D,T
LED42K660X3D,T
LED42K680X3DU,T
LED42L288,T
LED46K260X3D,T
LED46K280J3D,T
LED46K330X3D,T
LED46K360J,T
LED46K360X3D,T
LED46K660X3D,T
LED47K560J3D,T
LED47K600X3D,T
LED47K610J3DP,T
LED48K360X3D,T
LED48K370,T
LED48K380U,T
LED48K681X3DU,T
LED48L288,T
LED50G05,T
LED50K260X3D,T
LED50K360J,T
LED50K360X3D,T
LED50K370,T
LED50K380U,T
LED50K610X3D,T
LED50K660X3D,T
LED50K680X3DU,T
LED50L288,T
LED50XT880G3D,T
LED50XT880G3DU,T
LED50XT900X3DU,T
LED55K260X3D,T
LED55K370,T
LED55K380U,T
LED55K600A3D,T
LED55K600X3D,T
LED55K610X3D,T
LED55K680X3DU,T
LED55L288,T
LED55XT780G3D,T
LED55XT810X3DU,T
LED55XT880G3DU,T
LED55XT900X3DU,T
LED58K280J,T
LED58K280U,T
LED58K610X3D,T
LED58K680X3DU,T
LED58XT880G3D,T
LED58XT880J3DU,T
LED60K380,T
LED65H19S,T
LED65K560J3DTB,T
LED65K560J3DTR,T
LED65K600X3D,T
LED65K680X3DU,T
LED65XT780G3D,T
LED65XT800X3DU,T
LED65XT810X3DU,T
LED65XT880G3D,T
LED65XT880G3DF,T
LED65XT880G3DU,T
LED65XT890G3D,T
LED65XT900G3DU,T
LED65XT900X3DU,T
LED75XT890G3D,T
LED75XT910G3DU,T
LED84XT900G3D,T
LEDxxH10S_PRO,T
LEDxxH16S,T
LEGEND MAX,T
LEGEND PRO_1,T
LEGEND_EZ,T
LEGEND_NEW7,T
LEGEND_R,T
LEGEND_R_PLUS,T
LEM-TS1,T
LEMENT_TAB901,T
LENCO 4K smart TV,T
LENIX Pro,T
LENIX Standard,T
LENNY,T
LENNY2,T
LENNY3,T
LENNY3 MAX,T
LET02,T
LETAB731,T
LEX F10,T
LEX L10g,T
LEX L10ig,T
LEX L11,T
LEX L11a,T
LEX L11e,T
LEX L11j,T
LEX L11l,T
LEX725,T
LEX727,T
LEXA SMART 2K TV,T
LFi ONE,T
LG GW620,T
LG GW620F,T
LG GW620R,T
LG GW620g,T
LG KH5200,T
LG Optimus Elite,T
LG-AK495,T
LG-AS110,T
LG-AS330,T
LG-AS680,T
LG-AS695,T
LG-AS730,T
LG-AS780,T
LG-AS811,T
LG-AS840,T
LG-AS990,T
LG-AS991,T
LG-AS993,T
LG-AS998,T
LG-C550,T
LG-C555,T
LG-C660,T
LG-C660R,T
LG-C660h,T
LG-C710h,T
LG-C729,T
LG-C800,T
LG-C800G,T
LG-CX670,T
LG-D100,T
LG-D100AR,T
LG-D105,T
LG-D107,T
LG-D120,T
LG-D120AR,T
LG-D125,T
LG-D150,T
LG-D157f,T
LG-D160,T
LG-D165,T
LG-D165AR,T
LG-D170,T
LG-D175f,T
LG-D180f,T
LG-D213,T
LG-D213AR,T
LG-D221,T
LG-D227,T
LG-D280,T
LG-D285,T
LG-D290,T
LG-D290AR,T
LG-D295,T
LG-D315,T
LG-D315l,T
LG-D320,T
LG-D320AR,T
LG-D321,T
LG-D325,T
LG-D329,T
LG-D331,T
LG-D331AR,T
LG-D335,T
LG-D335E,T
LG-D337,T
LG-D340f8,T
LG-D370,T
LG-D373,T
LG-D375,T
LG-D375AR,T
LG-D380,T
LG-D385,T
LG-D390,T
LG-D390AR,T
LG-D390n,T
LG-D392,T
LG-D393,T
LG-D400,T
LG-D405,T
LG-D410,T
LG-D415,T
LG-D486,T
LG-D500,T
LG-D505,T
LG-D520,T
LG-D605,T
LG-D610,T
LG-D610AR,T
LG-D610TR,T
LG-D618,T
LG-D620,T
LG-D625,T
LG-D631,T
LG-D680,T
LG-D681,T
LG-D682,T
LG-D682TR,T
LG-D683,T
LG-D684,T
LG-D685,T
LG-D686,T
LG-D690,T
LG-D690n,T
LG-D693,T
LG-D693AR,T
LG-D693TR,T
LG-D693n,T
LG-D700,T
LG-D722,T
LG-D722AR,T
LG-D722J,T
LG-D723,T
LG-D724,T
LG-D725,T
LG-D725PR,T
LG-D726,T
LG-D727,T
LG-D728,T
LG-D729,T
LG-D800,T
LG-D801,T
LG-D802,T
LG-D802T,T
LG-D802TR,T
LG-D803,T
LG-D805,T
LG-D806,T
LG-D838,T
LG-D850,T
LG-D851,T
LG-D852,T
LG-D852G,T
LG-D855,T
LG-D856,T
LG-D857,T
LG-D858,T
LG-D858HK,T
LG-D859,T
LG-D950,T
LG-D950G,T
LG-D951,T
LG-D955,T
LG-D956,T
LG-D958,T
LG-D959,T
LG-E400,T
LG-E400R,T
LG-E400b,T
LG-E400f,T
LG-E400g,T
LG-E405,T
LG-E405f,T
LG-E410,T
LG-E410B,T
LG-E410c,T
LG-E410f,T
LG-E410g,T
LG-E410i,T
LG-E411f,T
LG-E411g,T
LG-E415f,T
LG-E415g,T
LG-E420,T
LG-E420f,T
LG-E425,T
LG-E425c,T
LG-E425f,T
LG-E425g,T
LG-E425j,T
LG-E430,T
LG-E431g,T
LG-E435,T
LG-E435f,T
LG-E435g,T
LG-E435k,T
LG-E440,T
LG-E440f,T
LG-E440g,T
LG-E445,T
LG-E450,T
LG-E450B,T
LG-E450f,T
LG-E450g,T
LG-E450j,T
LG-E451g,T
LG-E455,T
LG-E455f,T
LG-E455g,T
LG-E460,T
LG-E460f,T
LG-E465f,T
LG-E465g,T
LG-E467f,T
LG-E470f,T
LG-E475f,T
LG-E510,T
LG-E510f,T
LG-E510g,T
LG-E610,T
LG-E610v,T
LG-E612,T
LG-E612f,T
LG-E612g,T
LG-E615,T
LG-E615f,T
LG-E617G,T
LG-E730,T
LG-E730f,T
LG-E739,T
LG-E970,T
LG-E971,T
LG-E973,T
LG-E975,T
LG-E975K,T
LG-E975T,T
LG-E975w,T
LG-E976,T
LG-E977,T
LG-E980,T
LG-E980h,T
LG-E981h,T
LG-E985,T
LG-E985T,T
LG-E986,T
LG-E987,T
LG-E988,T
LG-E989,T
LG-F100L,T
LG-F100S,T
LG-F120K,T
LG-F120L,T
LG-F120S,T
LG-F160K,T
LG-F160L,T
LG-F160LV,T
LG-F160S,T
LG-F180K,T
LG-F180L,T
LG-F180S,T
LG-F200K,T
LG-F200L,T
LG-F200LS,T
LG-F200S,T
LG-F220K,T
LG-F240K,T
LG-F240L,T
LG-F240S,T
LG-F260S,T
LG-F300K,T
LG-F300L,T
LG-F300S,T
LG-F310L,T
LG-F310LR,T
LG-F320K,T
LG-F320L,T
LG-F320S,T
LG-F340K,T
LG-F340L,T
LG-F340S,T
LG-F350K,T
LG-F350L,T
LG-F350S,T
LG-F370K,T
LG-F370L,T
LG-F370S,T
LG-F400K,T
LG-F400L,T
LG-F400S,T
LG-F410S,T
LG-F430L,T
LG-F440L,T
LG-F460K,T
LG-F460L,T
LG-F460S,T
LG-F470K,T
LG-F470L,T
LG-F470S,T
LG-F480K,T
LG-F480L,T
LG-F480S,T
LG-F490L,T
LG-F500K,T
LG-F500L,T
LG-F500S,T
LG-F510K,T
LG-F510L,T
LG-F510S,T
LG-F520K,T
LG-F520L,T
LG-F520S,T
LG-F540K,T
LG-F540L,T
LG-F540S,T
LG-F560K,T
LG-F570S,T
LG-F580L,T
LG-F590,T
LG-F600K,T
LG-F600L,T
LG-F600S,T
LG-F610K,T
LG-F610S,T
LG-F620K,T
LG-F620L,T
LG-F620S,T
LG-F640S,T
LG-F650K,T
LG-F650L,T
LG-F650S,T
LG-F660L,T
LG-F670K,T
LG-F670L,T
LG-F670S,T
LG-F690L,T
LG-F690S,T
LG-F700K,T
LG-F700L,T
LG-F700S,T
LG-F720K,T
LG-F720L,T
LG-F720S,T
LG-F740L,T
LG-F750K,T
LG-F770S,T
LG-F800K,T
LG-F800L,T
LG-F800S,T
LG-F820L,T
LG-FL40L,T
LG-G710,T
LG-GW620,T
LG-H220,T
LG-H221,T
LG-H221AR,T
LG-H222,T
LG-H320,T
LG-H324,T
LG-H326,T
LG-H340,T
LG-H340AR,T
LG-H340GT,T
LG-H340n,T
LG-H342,T
LG-H343,T
LG-H345,T
LG-H410,T
LG-H420,T
LG-H422,T
LG-H440,T
LG-H440AR,T
LG-H440n,T
LG-H442,T
LG-H443,T
LG-H445,T
LG-H500,T
LG-H502,T
LG-H520,T
LG-H522,T
LG-H525,T
LG-H525n,T
LG-H540,T
LG-H542,T
LG-H630,T
LG-H630D,T
LG-H631,T
LG-H631MX,T
LG-H634,T
LG-H635,T
LG-H635A,T
LG-H636,T
LG-H650,T
LG-H700,T
LG-H731,T
LG-H734,T
LG-H735,T
LG-H736,T
LG-H740,T
LG-H778,T
LG-H779,T
LG-H788,T
LG-H788SG,T
LG-H788TR,T
LG-H788n,T
LG-H810,T
LG-H811,T
LG-H812,T
LG-H815,T
LG-H818,T
LG-H819,T
LG-H820,T
LG-H820PR,T
LG-H830,T
LG-H831,T
LG-H840,T
LG-H845,T
LG-H848,T
LG-H850,T
LG-H858,T
LG-H860,T
LG-H868,T
LG-H870,T
LG-H870AR,T
LG-H870DS,T
LG-H870I,T
LG-H870S,T
LG-H871,T
LG-H871S,T
LG-H872,T
LG-H872PR,T
LG-H873,T
LG-H900,T
LG-H900PR,T
LG-H901,T
LG-H910,T
LG-H910PR,T
LG-H915,T
LG-H918,T
LG-H930,T
LG-H931,T
LG-H932,T
LG-H932PR,T
LG-H933,T
LG-H950,T
LG-H955,T
LG-H959,T
LG-H960,T
LG-H961AN,T
LG-H961N,T
LG-H961S,T
LG-H962,T
LG-H968,T
LG-H970,T
LG-H990,T
LG-K100,T
LG-K120,T
LG-K120GT,T
LG-K121,T
LG-K130,T
LG-K200,T
LG-K210,T
LG-K212,T
LG-K220,T
LG-K240,T
LG-K330,T
LG-K332,T
LG-K350,T
LG-K371,T
LG-K373,T
LG-K410,T
LG-K420,T
LG-K420PR,T
LG-K425,T
LG-K428,T
LG-K430,T
LG-K450,T
LG-K500,T
LG-K500n,T
LG-K520,T
LG-K530,T
LG-K535,T
LG-K535n,T
LG-K540,T
LG-K550,T
LG-K557,T
LG-K580,T
LG-K580Y,T
LG-K600,T
LG-KH5200,T
LG-KU3700,T
LG-KU5400,T
LG-KU5900,T
LG-L38C,T
LG-L40G,T
LG-LG730,T
LG-LG855,T
LG-LG870,T
LG-LK460,T
LG-LS696,T
LG-LS720,T
LG-LS777,T
LG-LS840,T
LG-LS855,T
LG-LS860,T
LG-LS970,T
LG-LS980,T
LG-LS993,T
LG-LS995,T
LG-LS997,T
LG-LS998,T
LG-LU3000,T
LG-LU3700,T
LG-LU5400,T
LG-LU6200,T
LG-LU6500,T
LG-LU6800,T
LG-LU8300,T
LG-LW690,T
LG-LW770,T
LG-M150,T
LG-M151,T
LG-M153,T
LG-M154,T
LG-M160,T
LG-M200,T
LG-M210,T
LG-M250,T
LG-M255,T
LG-M257,T
LG-M257PR,T
LG-M320,T
LG-M320G,T
LG-M322,T
LG-M327,T
LG-M400,T
LG-M430,T
LG-M470,T
LG-M470F,T
LG-M700,T
LG-M703,T
LG-M710,T
LG-M710ds,T
LG-MS690,T
LG-MS695,T
LG-MS770,T
LG-MS840,T
LG-MS870,T
LG-MS910,T
LG-P350,T
LG-P350f,T
LG-P350g,T
LG-P355,T
LG-P451L,T
LG-P490L,T
LG-P500,T
LG-P500h,T
LG-P503,T
LG-P504,T
LG-P505,T
LG-P505CH,T
LG-P505R,T
LG-P506,T
LG-P509,T
LG-P530L,T
LG-P655H,T
LG-P655K,T
LG-P659,T
LG-P659H,T
LG-P690,T
LG-P690b,T
LG-P690f,T
LG-P698,T
LG-P698f,T
LG-P700,T
LG-P705,T
LG-P705f,T
LG-P705g,T
LG-P708g,T
LG-P710,T
LG-P712,T
LG-P713,T
LG-P713GO,T
LG-P713TR,T
LG-P714,T
LG-P715,T
LG-P716,T
LG-P720,T
LG-P720h,T
LG-P725,T
LG-P755L,T
LG-P760,T
LG-P765,T
LG-P768,T
LG-P769,T
LG-P778,T
LG-P815L,T
LG-P870,T
LG-P870h,T
LG-P875,T
LG-P875h,T
LG-P880,T
LG-P880g,T
LG-P895,T
LG-P895qb,T
LG-P920,T
LG-P920h,T
LG-P925,T
LG-P925g,T
LG-P930,T
LG-P935,T
LG-P936,T
LG-P940,T
LG-P940h,T
LG-P970,T
LG-P970g,T
LG-P970h,T
LG-P990,T
LG-P990H,T
LG-P990h,T
LG-P990hN,T
LG-P999,T
LG-Q710AL,T
LG-Q710PL,T
LG-SP200,T
LG-SP320,T
LG-SU370,T
LG-SU540,T
LG-SU640,T
LG-SU660,T
LG-SU760,T
LG-SU870,T
LG-SU880,T
LG-T280,T
LG-T480K,T
LG-T480S,T
LG-T540,T
LG-TP260,T
LG-TP450,T
LG-UK495,T
LG-US601,T
LG-US670,T
LG-US700,T
LG-US701,T
LG-US730,T
LG-US780,T
LG-US996,T
LG-US998,T
LG-V400,T
LG-V400S1,T
LG-V400Y1,T
LG-V400Y7,T
LG-V410,T
LG-V411,T
LG-V425,T
LG-V426,T
LG-V480,T
LG-V490,T
LG-V495,T
LG-V496,T
LG-V497,T
LG-V498,T
LG-V498S1,T
LG-V498S2,T
LG-V499,T
LG-V500,T
LG-V507L,T
LG-V510,T
LG-V520,T
LG-V521,T
LG-V522,T
LG-V525,T
LG-V525S1,T
LG-V525S3,T
LG-V530,T
LG-V533,T
LG-V607L,T
LG-V700,T
LG-V700WJ,T
LG-V700n,T
LG-V755,T
LG-V900,T
LG-V901,T
LG-V905R,T
LG-V909,T
LG-V930,T
LG-V935,T
LG-V935T,T
LG-V940,T
LG-V940n,T
LG-VK700,T
LG-VM696,T
LG-VM701,T
LG-VS410PP,T
LG-VS450PP,T
LG-VS700,T
LG-VS700PP,T
LG-X130g,T
LG-X132,T
LG-X135,T
LG-X137,T
LG-X140,T
LG-X145,T
LG-X147,T
LG-X150,T
LG-X155,T
LG-X160,T
LG-X165g,T
LG-X170fTV,T
LG-X170g,T
LG-X180g,T
LG-X190,T
LG-X210,T
LG-X220,T
LG-X230,T
LG-X230YK,T
LG-X240,T
LG-X760,T
LG-X760E,T
LG-X760W,T
LGA311D2,T
LGAS323,T
LGAS375,T
LGAS992,T
LGAS995,T
LGE-NX9,T
LGK500J,T
LGL157BL,T
LGL158VL,T
LGL15G,T
LGL163BL,T
LGL164VL,T
LGL16C,T
LGL17AG,T
LGL18VC,T
LGL21,T
LGL21G,T
LGL22,T
LGL22C,T
LGL23,T
LGL24,T
LGL25L,T
LGL31L,T
LGL322DL,T
LGL33L,T
LGL34C,T
LGL355DL,T
LGL35G,T
LGL39C,T
LGL41C,T
LGL423DL,T
LGL43AL,T
LGL44VL,T
LGL455DL,T
LGL45C,T
LGL460DL,T
LGL48VL,T
LGL51AL,T
LGL52VL,T
LGL53BL,T
LGL555DL,T
LGL55C,T
LGL560DL,T
LGL56VL,T
LGL57BL,T
LGL58VL,T
LGL59BL,T
LGL61AL,T
LGL62VL,T
LGL63BL,T
LGL64VL,T
LGL722DL,T
LGL75C,T
LGL81AL,T
LGL82VL,T
LGL83BL,T
LGL84VL,T
LGL85C,T
LGL86C,T
LGL96G,T
LGLK430,T
LGLS450,T
LGLS620,T
LGLS660,T
LGLS665,T
LGLS675,T
LGLS676,T
LGLS740,T
LGLS751,T
LGLS755,T
LGLS770,T
LGLS775,T
LGLS885,T
LGLS990,T
LGLS991,T
LGLS992,T
LGLS996,T
LGM-G600K,T
LGM-G600L,T
LGM-G600S,T
LGM-K120K,T
LGM-K120L,T
LGM-K120S,T
LGM-K121K,T
LGM-K121L,T
LGM-K121S,T
LGM-V300K,T
LGM-V300L,T
LGM-V300S,T
LGM-X100L,T
LGM-X100S,T
LGM-X301K,T
LGM-X301L,T
LGM-X301S,T
LGM-X320K,T
LGM-X320L,T
LGM-X320S,T
LGM-X401L,T
LGM-X401S,T
LGM-X600K,T
LGM-X600L,T
LGM-X600S,T
LGM-X800K,T
LGM-X800L,T
LGMP260,T
LGMP450,T
LGMS210,T
LGMS323,T
LGMS330,T
LGMS345,T
LGMS395,T
LGMS428,T
LGMS500,T
LGMS550,T
LGMS631,T
LGMS659,T
LGMS769,T
LGN-LX1,T
LGN-LX2,T
LGN-LX3,T
LGN-NX1,T
LGN-NX3,T
LGS01,T
LGS02,T
LGT-08QA-2301,T
LGT01,T
LGT02,T
LGT31,T
LGT32,T
LGU-PQv1,T
LGUK410,T
LGUK750,T
LGUK932,T
LGUS110,T
LGUS215,T
LGUS375,T
LGUS550,T
LGUS610,T
LGUS990,T
LGUS991,T
LGUS992,T
LGUS995,T
LGUS997,T
LGV31,T
LGV32,T
LGV33,T
LGV34,T
LGV35,T
LGV36,T
LH9810,T
LH9910,T
LH9921,T
LH_86CT8NDCM,T
LH_CTR,T
LI109Q,T
LI12210IN,T
LI22,T
LI902T9IN,T
LIFETAB E1042X,T
LIFETAB E1043X,T
LIFETAB E1052X,T
LIFETAB E1053X,T
LIFETAB E1070X,T
LIFETAB E1071X,T
LIFETAB E1081X,T
LIFETAB E1090X,T
LIFETAB P1071X,T
LIFETAB P1091X,T
LIFETAB_E10310,T
LIFETAB_E10316,T
LIFETAB_E10320,T
LIFETAB_E723X,T
LIFETAB_E7310,T
LIFETAB_E7312,T
LIFETAB_E7313,T
LIFETAB_E7316,T
LIFETAB_E731X,T
LIFETAB_E732X,T
LIFETAB_E733X,T
LIFETAB_P1034X,T
LIFETAB_P1075X,T
LIFETAB_P733X,T
LIFETAB_P831X,T
LIFETAB_P831X.2,T
LIFETAB_P891X,T
LIFETAB_P9514,T
LIFETAB_P970X,T
LIFETAB_S1033X,T
LIFETAB_S1034X,T
LIFETAB_S1036X,T
LIFETAB_S7316,T
LIFETAB_S732X,T
LIFETAB_S733X,T
LIFETAB_S785X,T
LIFETAB_S786X,T
LIFETAB_S831X,T
LIFE_2,T
LIGHT ONE,T
LIGHT PLUS,T
LIGHT X,T
LIGHTWAVE Google 4K TV,T
LIGHTYEAR 2,T
LIGHTYEAR PRO 2,T
LIGHTYEAR2-4G,T
LILYPAD,T
LIMIT,T
LINK,T
LINK 1 Kids,T
LINK 2,T
LINK 8,T
LINK Mini Kids,T
LINK55,T
LINKTV01,T
LINSAY F-7HD2CORE/F-7HD4CORE/F-10HD2CORE/F-10XHD4CORE,T
LINSAY F10XIPS,T
LINSAY F7HD4CORE,T
LINSAY_F10XHD,T
LINSAY_F10XIPS,T
LINTAB_TB701,T
LINX A452 3G LT4030PG,T
LINX A453 3G LT4038PG,T
LINX ALFA 3G LT4047MG,T
LINX ATOM 3G LT4049PG,T
LINX B510 3G LT5037MG,T
LINX JOY 3G LT5048MG,T
LINX RAGE 4G LS5040PL,T
LINX TRIX 4G LS5041PL,T
LIO+,T
LISTO Android TV,T
LITE4_EEA,T
LIV 1S,T
LIV 3 LTE,T
LIV 3S LTE,T
LIV1,T
LIV2LTE,T
LIV2_LTE,T
LIVE 11,T
LIVE 12,T
LIVE 5 PLUS,T
LIVE 7,T
LIVE 7S,T
LIVE4_KM0438,T
LIVE4_KM0439,T
LIVE_6plus,T
LIV_3S,T
LIXIR1041,T
LIXIR1044,T
LK02,T
LKT_HUB,T
LKT_P1095,T
LLD-AL00,T
LLD-AL10,T
LLD-AL20,T
LLD-AL30,T
LLD-L21,T
LLD-L31,T
LLD-TL10,T
LLO41F,T
LLOYD SMART TV 2K,T
LLY-LX1,T
LLY-LX2,T
LLY-LX3,T
LLY-NX1,T
LLY-NX3,T
LM-01,T
LM-F100,T
LM-F100N,T
LM-G710,T
LM-G710N,T
LM-G710VM,T
LM-G810,T
LM-G820,T
LM-G820N,T
LM-G850,T
LM-G900,T
LM-G900MM,T
LM-G900N,T
LM-G900TM,T
LM-G910,T
LM-G910N,T
LM-K200,T
LM-K300,T
LM-K310IM,T
LM-K315IM,T
LM-K330,T
LM-K400,T
LM-K410,T
LM-K420,T
LM-K500,T
LM-K510,T
LM-K520,T
LM-K525,T
LM-K526,T
LM-K610IM,T
LM-K735,T
LM-K920,T
LM-Q310N,T
LM-Q510N,T
LM-Q520N,T
LM-Q610(FGN),T
LM-Q610.FG,T
LM-Q610.FGN,T
LM-Q617.FGN,T
LM-Q620,T
LM-Q626N,T
LM-Q630,T
LM-Q630N,T
LM-Q710(FGN),T
LM-Q710.FG,T
LM-Q710.FGN,T
LM-Q710XM,T
LM-Q720,T
LM-Q725K,T
LM-Q725L,T
LM-Q725S,T
LM-Q727K,T
LM-Q727L,T
LM-Q727S,T
LM-Q730,T
LM-Q730N,T
LM-Q815K,T
LM-Q815L,T
LM-Q815S,T
LM-Q850,T
LM-Q850K,T
LM-Q850L,T
LM-Q850S,T
LM-Q910,T
LM-Q920N,T
LM-Q925K,T
LM-Q925L,T
LM-Q925S,T
LM-Q927L,T
LM-R910N,T
LM-T600,T
LM-T600L,T
LM-T605,T
LM-V350,T
LM-V350N,T
LM-V405,T
LM-V409N,T
LM-V450,T
LM-V500,T
LM-V500N,T
LM-V500XM,T
LM-V510N,T
LM-V520N,T
LM-V600,T
LM-V600N,T
LM-V700N,T
LM-X120,T
LM-X21(G),T
LM-X210,T
LM-X210(G),T
LM-X210APM,T
LM-X210CM,T
LM-X210CMR,T
LM-X210K,T
LM-X210L,T
LM-X210LMW,T
LM-X210S,T
LM-X210VPP,T
LM-X212(G),T
LM-X220,T
LM-X220N,T
LM-X220PM,T
LM-X220QMA,T
LM-X320,T
LM-X410(FG),T
LM-X410(FN),T
LM-X410.F,T
LM-X410.FG,T
LM-X410.FGN,T
LM-X410.FN,T
LM-X410K,T
LM-X410L,T
LM-X410PM,T
LM-X410S,T
LM-X410UM,T
LM-X415K,T
LM-X415L,T
LM-X415S,T
LM-X420,T
LM-X420N,T
LM-X430,T
LM-X440IM,T
LM-X440ZM,T
LM-X440ZMW,T
LM-X510(FG),T
LM-X510.FG,T
LM-X510K,T
LM-X510L,T
LM-X510S,T
LM-X510WM,T
LM-X520,T
LM-X525,T
LM-X540,T
LM-X600IM,T
LM-X625N,T
LM1,T
LM1105S-D,T
LM5118R,T
LM5118R_GO,T
LM5184G,T
LM5314G,T
LM5414G,T
LM5424G,T
LM5514G,T
LM5518R,T
LMC-1000,T
LML211BL,T
LML212VL,T
LML413DL,T
LML414DL,T
LML713DL,T
LMX130IM,T
LN9820,T
LN9821,T
LN9910,T
LN9910_2GB,T
LNA-AN00,T
LNA-LX2,T
LNA-LX3,T
LNA-NX1,T
LNA-NX3,T
LND-AL30,T
LND-AL40,T
LND-L29,T
LND-TL30,T
LND-TL40,T
LNV-Lenovo A305e,T
LNV-Lenovo A370e,T
LNV-Lenovo A375e,T
LNV-Lenovo A380e,T
LNV-Lenovo A385e,T
LNV-Lenovo A395e,T
LNV-Lenovo A505e,T
LNV-Lenovo A560,T
LNV-Lenovo A630e,T
LNV-Lenovo A690e,T
LNV-Lenovo A780e,T
LNV-Lenovo A785e,T
LNV-Lenovo K910e,T
LNV-Lenovo S870e,T
LOGIC G2L,T
LOGIC L40,T
LOGIC L44,T
LOGIC L4T,T
LOGIC L50,T
LOGIC L50T,T
LOGIC L55S,T
LOGIC L55V PLUS,T
LOGIC L60,T
LOGIC L61,T
LOGIC L63,T
LOGIC L65,T
LOGIC L65 LITE,T
LOGIC L65T,T
LOGIC L66 PRO,T
LOGIC L66M,T
LOGIC L68,T
LOGIC MV01,T
LOGIC MV02,T
LOGIC T10M,T
LOGIC T10W,T
LOGIC X50,T
LOGIC X57A,T
LOGIC X5A,T
LOGICOM La Tab Link 101,T
LOGICOM_LA_TAB_LINK_71,T
LOGICOM_PLAYTAB_10,T
LOGIC_L55S,T
LOGIC_L55V,T
LOGIC_L5D,T
LOGIC_L5M,T
LOGIC_T10L_PLUS,T
LOGIC_X60G,T
LOGIC_X60_PLUS,T
LOGIK 2K Android TV,T
LOGIK 4K Android TV,T
LOGIKIDS11,T
LOGIKIDS5,T
LOGIKIDS5ED,T
LOGIKIDS7,T
LOGIKIDS_11P,T
LOGIKIDS_5,T
LOGIKIDS_STAR,T
LOL-775,T
LON-AL00,T
LON-L29,T
LOOK,T
LP,T
LP Legend,T
LP N60,T
LP-01,T
LP-02,T
LP-03,T
LP4,T
LPD-10W,T
LPD-11W,T
LPD-20W,T
LPT_200AR,T
LPT_201AR,T
LP_B-50,T
LP_Pro1,T
LP_Spectrum_S2,T
LP_T100,T
LP_T70,T
LP_T70_Lite,T
LRN10,T
LRNS10GEW0,T
LRNS10GIL0,T
LRNS10GNW0,T
LRNS10REW0,T
LRNS10RIL0,T
LRNS10RNW0,T
LRNS10WEW0,T
LRNS10WIL0,T
LRNS10WNW0,T
LS-4004,T
LS-4008,T
LS-4503,T
LS-4505,T
LS-4508,T
LS-4510,T
LS-4511,T
LS-4512,T
LS-5002,T
LS-5004,T
LS-5008,T
LS-5009,T
LS-5010,T
LS-5013,T
LS-5016,T
LS-5017,T
LS-5018,T
LS-5020,T
LS-5021,T
LS-5027,T
LS-5201,T
LS-5503,T
LS-5504,T
LS-5505,T
LS-5506,T
LS-5507,T
LS-5512,T
LS-6001,T
LS-Q878,T
LS032I,T
LS032M,T
LS1542QW,T
LS1542QWN,T
LS1602UW,T
LS5,T
LS50,T
LS5000,T
LS5018,T
LS5018F,T
LS5018FP,T
LS55,T
LS5518H,T
LS55M,T
LS5718,T
LS5U,T
LS670,T
LT 2003,T
LT C2200,T
LT C26,T
LT C27,T
LT C28,T
LT C4300,T
LT C60,T
LT E101,T
LT E16,T
LT E18,T
LT E51,T
LT K80,T
LT K82,T
LT M7,T
LT S33,T
LT S34,T
LT S40,T
LT-8001,T
LT-8001 IRIS,T
LT-E6707,T
LT-IR65EX,T
LT-NA7,T
LT-NA7F,T
LT-NOTE 10S,T
LT-TLA,T
LT-W1,T
LT10,T
LT100K6900A,T
LT101,T
LT10EN_09,T
LT10_01_EEA,T
LT10_10,T
LT15a,T
LT15i,T
LT16,T
LT18,T
LT18a,T
LT18i,T
LT22i,T
LT25c,T
LT25i,T
LT26i,T
LT26ii,T
LT26w,T
LT28at,T
LT28h,T
LT28i,T
LT29i,T
LT300,T
LT30a,T
LT30at,T
LT30p,T
LT360,T
LT4900,T
LT5,T
LT500 PRO,T
LT5030,T
LT5216,T
LT60,T
LT600T,T
LT610,T
LT650,T
LT668,T
LT680,T
LT700,T
LT700 PRO,T
LT750,T
LT800,T
LT900,T
LT950,T
LT971,T
LTB-HS,T
LTC1066,T
LTE960Plus,T
LTN10RT,T
LTN8RT,T
LTT8A4G,T
LT_6217,T
LT_6323,T
LT_6509,T
LT_8102,T
LT_8103,T
LT_8106,T
LT_8110,T
LT_8112,T
LT_8501,T
LT_9701,T
LT_9902,T
LT_9904,T
LT_9906,T
LT_9910,T
LT_C1500,T
LT_C2100,T
LT_C3300,T
LT_C3500,T
LT_S10_Lite,T
LT_S9_NOTE,T
LT_X5,T
LUMACORE_MEETING,T
LUMIO VISION,T
LUMOS_KIDS_TABLET,T
LUMOS_TABLET,T
LUMOS_TABLET_PRO,T
LUMOS_TABLET_ULTRA,T
LUNA G5,T
LUNA G50,T
LUNA G58,T
LUNA G6,T
LUNA G60,T
LUNA G60X,T
LUNA G62,T
LUNA G6E,T
LUNA G9,T
LUNA T10,T
LUNA V10,T
LUNA V55,T
LUNA V55A,T
LUNA V57,T
LUNA V6,T
LUNA V6 3GB,T
LUNA V6 4GB,T
LUNAR,T
LUNA_II,T
LUVO 001L,T
LUXE 3,T
LUX_Mini,T
LUX_Mini_Module,T
LW688,T
LW788,T
LX50,T
LXX511,T
LXX513,T
LXX515,T
LXX517,T
LXX518,T
LXX522,T
LXX523,T
LXX525,T
LY523,T
LYA-AL00,T
LYA-AL00P,T
LYA-AL10,T
LYA-L09,T
LYA-L0C,T
LYA-L29,T
LYA-TL00,T
LYF_LS-4006,T
LYNX,T
LYO-L21,T
LYRA,T
LYRA PLUS,T
LZ-AA10,T
LZ-AA10MC,T
LZG410,T
LZX415,T
LZX417,T
LZ_890,T
L_IXIR_TAB_1047HD,T
La Tab 105,T
La Tab 106,T
La Tab 107,T
La Tab 109 HD,T
La Tab 292,T
La Tab 72,T
La Tab Full HD,T
La Tab Stand,T
LaVieTab PC-TE508S1,T
LaVieTab PC-TE510N1B,T
LaVieTab PC-TE510S1,T
LaVieTab PC-TS507N1S,T
La_Tab_105_P,T
La_Tab_105_P_Rev2,T
La_Tab_113,T
La_Tab_114,T
La_Tab_115,T
La_Tab_123HD,T
La_Tab_124_HD,T
La_Tab_124_HD_Plus,T
La_Tab_126,T
La_Tab_128,T
La_Tab_73,T
La_Tab_74,T
La_Tab_75,T
La_Tab_90,T
La_Tab_Link_71_P,T
La_Tab_Link_73,T
La_tab_link_74,T
Laika,T
Lamborghini tablet,T
Lamia L01,T
Land Rover Explore,T
Land Rover Explore R,T
Lanix Ilium L420,T
LaserTAB10,T
Lava A51,T
Lava A89,T
Lava Be_U,T
Lava Z61P,T
Lava Z66,T
Lava Z93P,T
LavaX10,T
LbQ-F8v2,T
Lcd_60sufoc485a,T
Le Fit FR,T
Le Fizz,T
Le Hola,T
Le Hola FR,T
Le Hop,T
Le Lift,T
Le Link,T
Le Max,T
Le Must,T
Le Must 2,T
Le Omega,T
Le Pan S,T
Le Pan TC1010,T
Le Pan TC1020,T
Le Pan TC802A,T
Le Prime,T
Le Smooth,T
Le Starter L,T
Le Swipe,T
Le Up,T
Le Wave,T
Le X507,T
Le X509,T
Le X520,T
Le X522,T
Le X526,T
Le X527,T
Le X820,T
Le X821,T
Le X829,T
LeBest L22025,T
LeFit,T
LeMoov,T
LeMoov2,T
LeNumero2,T
LeNumero2Mini,T
LePanII,T
Le_Connect,T
Le_Hello,T
Le_Hola,T
Le_Prime,T
Le_Pulse,T
Le_Spark,T
LeaPad_X,T
Leader,T
Legend,T
Legend Max_2,T
Legend Pro LTE,T
Legend_A,T
Lenny4,T
Lenny4 Plus,T
Lenovo 2 A7-30HC,T
Lenovo 2 A7-30TC,T
Lenovo 2 A8-50F,T
Lenovo 2 A8-50LC,T
Lenovo A1000,T
Lenovo A1000m,T
Lenovo A1010a20,T
Lenovo A1900,T
Lenovo A2010-a,T
Lenovo A2010l36,T
Lenovo A2016a40,T
Lenovo A2016b30,T
Lenovo A2016b31,T
Lenovo A2020a40,T
Lenovo A208t,T
Lenovo A218t,T
Lenovo A228t,T
Lenovo A238t,T
Lenovo A2580,T
Lenovo A269,T
Lenovo A269i,T
Lenovo A278t,T
Lenovo A2800-d,T
Lenovo A2860,T
Lenovo A3000-H,T
Lenovo A300t,T
Lenovo A305e,T
Lenovo A308t,T
Lenovo A316,T
Lenovo A316i,T
Lenovo A318t,T
Lenovo A319,T
Lenovo A320t,T
Lenovo A328,T
Lenovo A328t,T
Lenovo A3300-HV,T
Lenovo A3300-T,T
Lenovo A330e,T
Lenovo A338t,T
Lenovo A3500,T
Lenovo A3500-F,T
Lenovo A3500-FL,T
Lenovo A3500-H,T
Lenovo A3500-HV,T
Lenovo A355e,T
Lenovo A3580,T
Lenovo A358t,T
Lenovo A3600-d,T
Lenovo A3600u,T
Lenovo A360e,T
Lenovo A360t,T
Lenovo A368t,T
Lenovo A369,T
Lenovo A369i,T
Lenovo A376,T
Lenovo A378t,T
Lenovo A3800-d,T
Lenovo A380t,T
Lenovo A3860,T
Lenovo A388t,T
Lenovo A390,T
Lenovo A3900,T
Lenovo A390_ROW,T
Lenovo A390t,T
Lenovo A3910t30,T
Lenovo A396,T
Lenovo A396_TY,T
Lenovo A398t,T
Lenovo A398t+,T
Lenovo A399,T
Lenovo A5000,T
Lenovo A5100,T
Lenovo A516,T
Lenovo A526,T
Lenovo A529,T
Lenovo A536,T
Lenovo A5500,T
Lenovo A5500-F,T
Lenovo A5500-H,T
Lenovo A5500-HV,T
Lenovo A560,T
Lenovo A5800-D,T
Lenovo A6000,T
Lenovo A6000-l,T
Lenovo A6010,T
Lenovo A6020a40,T
Lenovo A6020a41,T
Lenovo A6020a46,T
Lenovo A6020l36,T
Lenovo A6020l37,T
Lenovo A606,T
Lenovo A616,T
Lenovo A628t,T
Lenovo A656,T
Lenovo A658t,T
Lenovo A6600a40,T
Lenovo A6600d40,T
Lenovo A670t,T
Lenovo A678t,T
Lenovo A680,T
Lenovo A6800,T
Lenovo A680_ROW,T
Lenovo A688t,T
Lenovo A7-60HC,T
Lenovo A7000-a,T
Lenovo A7010a48,T
Lenovo A7020a40,T
Lenovo A7020a48,T
Lenovo A706,T
Lenovo A706_ROW,T
Lenovo A708t,T
Lenovo A720e,T
Lenovo A750e,T
Lenovo A760,T
Lenovo A7600,T
Lenovo A7600-F,T
Lenovo A7600-H,T
Lenovo A7600-HV,T
Lenovo A7600-m,T
Lenovo A766,T
Lenovo A768t,T
Lenovo A7700,T
Lenovo A770e,T
Lenovo A788t,T
Lenovo A805e,T
Lenovo A806,T
Lenovo A808t,T
Lenovo A808t-i,T
Lenovo A816,T
Lenovo A820,T
Lenovo A820e,T
Lenovo A820t,T
Lenovo A828t,T
Lenovo A830,T
Lenovo A850,T
Lenovo A850+,T
Lenovo A858,T
Lenovo A858t,T
Lenovo A859,T
Lenovo A860e,T
Lenovo A880,T
Lenovo A889,T
Lenovo A890e,T
Lenovo A916,T
Lenovo A936,T
Lenovo A938t,T
Lenovo B6000-F,T
Lenovo B6000-H,T
Lenovo B6000-HV,T
Lenovo B8000-F,T
Lenovo B8000-H,T
Lenovo B8080-F,T
Lenovo B8080-H,T
Lenovo B8080-HV,T
Lenovo K,T
Lenovo K10,T
Lenovo K10a40,T
Lenovo K10e70,T
Lenovo K11,T
Lenovo K11 Power,T
Lenovo K12,T
Lenovo K12 Note,T
Lenovo K12 Pro,T
Lenovo K13,T
Lenovo K13 Note,T
Lenovo K13 Pro,T
Lenovo K14,T
Lenovo K14 Note,T
Lenovo K14 Plus,T
Lenovo K15,T
Lenovo K15 Plus,T
Lenovo K30-E,T
Lenovo K30-T,T
Lenovo K30-TM,T
Lenovo K30-W,T
Lenovo K320t,T
Lenovo K32c30,T
Lenovo K32c36,T
Lenovo K33a42,T
Lenovo K33a48,T
Lenovo K33b36,T
Lenovo K33b37,T
Lenovo K50-T5,T
Lenovo K50-t3s,T
Lenovo K50-t5,T
Lenovo K50a40,T
Lenovo K51c78,T
Lenovo K520,T
Lenovo K52e78,T
Lenovo K52t38,T
Lenovo K52t58,T
Lenovo K53a48,T
Lenovo K53b36,T
Lenovo K53b37,T
Lenovo K8,T
Lenovo K8 Note,T
Lenovo K8 Plus,T
Lenovo K800,T
Lenovo K80M,T
Lenovo K860,T
Lenovo K860i,T
Lenovo K900,T
Lenovo K900_ROW,T
Lenovo K910,T
Lenovo K910L,T
Lenovo K910e,T
Lenovo K920,T
Lenovo L10041,T
Lenovo L18021,T
Lenovo L18081,T
Lenovo L19041,T
Lenovo L19111,T
Lenovo L38011,T
Lenovo L38012,T
Lenovo L38021,T
Lenovo L38031,T
Lenovo L38041,T
Lenovo L38043,T
Lenovo L38082,T
Lenovo L38083,T
Lenovo L38111,T
Lenovo L58041,T
Lenovo L70081,T
Lenovo L71091,T
Lenovo L78011,T
Lenovo L78031,T
Lenovo L78032,T
Lenovo L78051,T
Lenovo L78071,T
Lenovo L78121,T
Lenovo L79031,T
Lenovo L79041,T
Lenovo N300,T
Lenovo N308,T
Lenovo P1a41,T
Lenovo P1a42,T
Lenovo P1c58,T
Lenovo P1c72,T
Lenovo P2a42,T
Lenovo P2c72,T
Lenovo P70-A,T
Lenovo P70-t,T
Lenovo P780,T
Lenovo P780_ROW,T
Lenovo P90,T
Lenovo PB-6505M,T
Lenovo PB-6505MC,T
Lenovo PB-6505NC,T
Lenovo PB-6505Y,T
Lenovo PB1-750M,T
Lenovo PB1-770M,T
Lenovo PB1-770N,T
Lenovo PB1-770P,T
Lenovo PB2-650M,T
Lenovo PB2-650N,T
Lenovo PB2-650Y,T
Lenovo PB2-670M,T
Lenovo PB2-670M1,T
Lenovo PB2-670N,T
Lenovo PB2-670Y,T
Lenovo PB2-690M,T
Lenovo PB2-690N,T
Lenovo PB2-690Y,T
Lenovo S1La40,T
Lenovo S1a40,T
Lenovo S5000-F,T
Lenovo S5000-H,T
Lenovo S580,T
Lenovo S60-a,T
Lenovo S60-t,T
Lenovo S60-w,T
Lenovo S6000L-F,T
Lenovo S650,T
Lenovo S658t,T
Lenovo S660,T
Lenovo S668t,T
Lenovo S680,T
Lenovo S686,T
Lenovo S720,T
Lenovo S750,T
Lenovo S8-50LC,T
Lenovo S810t,T
Lenovo S820,T
Lenovo S820_ROW,T
Lenovo S820e,T
Lenovo S850,T
Lenovo S850e,T
Lenovo S850t,T
Lenovo S856,T
Lenovo S858t,T
Lenovo S860,T
Lenovo S860e,T
Lenovo S868t,T
Lenovo S870e,T
Lenovo S898t,T
Lenovo S898t+,T
Lenovo S90-A,T
Lenovo S90-L,T
Lenovo S90-e,T
Lenovo S90-t,T
Lenovo S90-u,T
Lenovo S920,T
Lenovo S930,T
Lenovo S938t,T
Lenovo S939,T
Lenovo S960,T
Lenovo S968t,T
Lenovo TAB 2 A10-70F,T
Lenovo TAB 2 A10-70L,T
Lenovo TAB 2 A10-70LC,T
Lenovo TAB 2 A7-30D,T
Lenovo TAB 2 A7-30DC,T
Lenovo TAB 2 A7-30F,T
Lenovo TAB 2 A7-30GC,T
Lenovo TAB 2 A7-30H,T
Lenovo TAB 2 A7-30HC,T
Lenovo TAB 2 A8-50F,T
Lenovo TAB 2 A8-50L,T
Lenovo TAB 2 A8-50LC,T
Lenovo TAB S8-50F,T
Lenovo TAB S8-50L,T
Lenovo TAB S8-50LC,T
Lenovo TB-7104F,T
Lenovo TB-7104I,T
Lenovo TB-7304F,T
Lenovo TB-7304I,T
Lenovo TB-7304N,T
Lenovo TB-7304X,T
Lenovo TB-7305F,T
Lenovo TB-7305I,T
Lenovo TB-7305X,T
Lenovo TB-7306F,T
Lenovo TB-7306V,T
Lenovo TB-7306X,T
Lenovo TB-7504F,T
Lenovo TB-7504N,T
Lenovo TB-7504X,T
Lenovo TB-7703F,T
Lenovo TB-7703N,T
Lenovo TB-7703X,T
Lenovo TB-8304F,T
Lenovo TB-8304F1,T
Lenovo TB-8504F,T
Lenovo TB-8504L,T
Lenovo TB-8504N,T
Lenovo TB-8504X,T
Lenovo TB-8505F,T
Lenovo TB-8505FS,T
Lenovo TB-8505N,T
Lenovo TB-8505X,T
Lenovo TB-8505XC,T
Lenovo TB-8505XS,T
Lenovo TB-8506F,T
Lenovo TB-8506FS,T
Lenovo TB-8506N,T
Lenovo TB-8506X,T
Lenovo TB-8506XS,T
Lenovo TB-8604F,T
Lenovo TB-8703F,T
Lenovo TB-8703N,T
Lenovo TB-8703R,T
Lenovo TB-8703X,T
Lenovo TB-8704F,T
Lenovo TB-8704N,T
Lenovo TB-8704X,T
Lenovo TB-8705F,T
Lenovo TB-8705N,T
Lenovo TB-8705X,T
Lenovo TB-8803F,T
Lenovo TB-8804F,T
Lenovo TB-8X04F,T
Lenovo TB-J606F,R
Lenovo TB-J606L,R
Lenovo TB-J606N,T
Lenovo TB-J607F,T
Lenovo TB-J607Z,R
Lenovo TB-J616F,R
Lenovo TB-J616N,T
Lenovo TB-J616X,R
Lenovo TB-J6C6F,T
Lenovo TB-J6C6N,T
Lenovo TB-J706F,R
Lenovo TB-J706L,R
Lenovo TB-J706N,T
Lenovo TB-J716F,T
Lenovo TB-Q706F,R
Lenovo TB-Q706Z,R
Lenovo TB-X103F,T
Lenovo TB-X104F,T
Lenovo TB-X104F1,T
Lenovo TB-X104L,T
Lenovo TB-X104N,T
Lenovo TB-X104X,T
Lenovo TB-X304F,T
Lenovo TB-X304L,T
Lenovo TB-X304N,T
Lenovo TB-X304X,T
Lenovo TB-X306F,T
Lenovo TB-X306FA,T
Lenovo TB-X306FC_PRC,T
Lenovo TB-X306NC_PRC,T
Lenovo TB-X306V,T
Lenovo TB-X306X,T
Lenovo TB-X306XA,T
Lenovo TB-X504F,T
Lenovo TB-X505F,T
Lenovo TB-X505L,T
Lenovo TB-X505N,T
Lenovo TB-X505X,T
Lenovo TB-X605F,T
Lenovo TB-X605FC,T
Lenovo TB-X605L,T
Lenovo TB-X605LC,T
Lenovo TB-X605M,T
Lenovo TB-X606F,T
Lenovo TB-X606FA,T
Lenovo TB-X606M,T
Lenovo TB-X606V,T
Lenovo TB-X606X,T
Lenovo TB-X606XA,T
Lenovo TB-X607Z,T
Lenovo TB-X616F,T
Lenovo TB-X616M,T
Lenovo TB-X6C6F,T
Lenovo TB-X6C6L,T
Lenovo TB-X6C6NBF,T
Lenovo TB-X6C6NBL,T
Lenovo TB-X6C6NBX,T
Lenovo TB-X6C6X,T
Lenovo TB-X6E6F,T
Lenovo TB-X6E6FC,T
Lenovo TB-X6E6N,T
Lenovo TB-X704F,T
Lenovo TB-X704L,T
Lenovo TB-X704N,T
Lenovo TB-X704Y,T
Lenovo TB-X705F,T
Lenovo TB-X705L,T
Lenovo TB-X705M,T
Lenovo TB-X804F,T
Lenovo TB125FU,T
Lenovo TB128FU,T
Lenovo TB128XU,T
Lenovo TB2-X30F,T
Lenovo TB2-X30F_HFT,T
Lenovo TB2-X30F_JLC,T
Lenovo TB2-X30F_SCP,T
Lenovo TB2-X30F_UK,T
Lenovo TB2-X30F_YZA,T
Lenovo TB2-X30L,T
Lenovo TB2-X30M,T
Lenovo TB2-X30M_PRC_YZ_A,T
Lenovo TB223FC,T
Lenovo TB226XC,T
Lenovo TB3-710F,T
Lenovo TB3-710I,T
Lenovo TB3-730F,T
Lenovo TB3-730M,T
Lenovo TB3-730X,T
Lenovo TB3-850F,T
Lenovo TB3-850M,T
Lenovo TB3-X70F,T
Lenovo TB3-X70I,T
Lenovo TB3-X70L,T
Lenovo TB3-X70N,T
Lenovo X2-AP,T
Lenovo X2-CU,T
Lenovo X2-EU,T
Lenovo X2-TO,T
Lenovo X2-TR,T
Lenovo X2Pt5,T
Lenovo X3a40,T
Lenovo X3c50,T
Lenovo X3c70,T
Lenovo XT2081-4,T
Lenovo XT2091-7,T
Lenovo YB-Q501F,T
Lenovo YB-Q501L,T
Lenovo YB1-X90F,T
Lenovo YB1-X90L,T
Lenovo YT-J706F,T
Lenovo YT-J706X,T
Lenovo YT-K606F,T
Lenovo YT-X703F,T
Lenovo YT-X703L,T
Lenovo YT-X703X,T
Lenovo YT-X705F,T
Lenovo YT-X705L,T
Lenovo YT-X705M,T
Lenovo YT-X705X,T
Lenovo YT3-850F,T
Lenovo YT3-850L,T
Lenovo YT3-850M,T
Lenovo YT3-X50F,T
Lenovo YT3-X50L,T
Lenovo YT3-X50M,T
Lenovo YT3-X90F,T
Lenovo YT3-X90L,T
Lenovo YT3-X90X,T
Lenovo YT3-X90Y,T
Lenovo YT3-X90Z,T
Lenovo Z2,T
Lenovo Z2w,T
Lenovo Z90,T
Lenovo Z90-3,T
Lenovo Z90-7,T
Lenovo Z90a40,T
Lenovo k52t38,T
LenovoA1000L-F,T
LenovoA3300-GV,T
LenovoA3300-H,T
LenovoA3300-HV,T
LenovoA588t,T
LenovoTV 32A3,T
LenovoTV 40S9,T
LenovoTV 50S52,T
LenovoTV 58S9,T
Lenovo_A2105,T
LeoPad 10X,T
LeoPad20,T
Leopard MF800,T
Leopard MF900,T
LiGHTLIFE TL10P,T
LiGHTLIFE TL11,T
Liberty,T
Liberty 4G,T
Libra PAD,T
Life,T
Life 10 Pro,T
Life 8S,T
Life 9,T
Life Compact 4G,T
Life Geo,T
Life Jet,T
Life Lite 4G,T
Life Max,T
Life One X,T
Life One X2,T
Life One X2 Mini,T
Life One X3,T
Life Play,T
Life Power 9,T
Life Pro 7,T
Life Zen,T
LifeStick,T
LifeStick 4K,T
LifeTabPlus,T
Light,T
Light A103,T
Light B100,T
Light Tab,T
Light Tab 2,T
Lightyear,T
Lightyear 2,T
Like 11 Panda Pro 2022,T
Like Hi5,T
Like_4U,T
Like_7,T
Like_8,T
Like_Hi10_2021,T
Linsar 2K Android TV,T
Linsar 4K Android TV,T
Linsar UK 4K Android TV,T
Linx Argo 3G LT4054MG,T
Linx Base 4G LT5052ML,T
Linx PS474S,T
Linx Pay 4G LS5053ML,T
Linx X1 PRO 3G LS4051MG,T
Lion_DC,T
Lion_Dual,T
Liquid,T
Liquid MT,T
Liquid Metal,T
Lisa Pro,T
Listo SP50,T
Listo22,T
Lite 07,T
Lite8,T
LitePro,T
LiteTab760,T
Live,T
Live 4,T
Live 8,T
Live 9,T
Live 9S,T
Livecore7032,T
Lmi,T
Logic Fieldbook G1,T
Logic Instrument Fieldbook F1,T
Logic Instrument Fieldbook F1B,T
Logic Instrument Fieldbook F53,T
Logic Instrument Fieldbook F57,T
Logic Instrument Fieldbook K80,T
Logic Instrument Fieldbook KS80,T
Logic Instrument Fieldbook N101,T
Logic Instrument Fieldbook N101G2,T
Logic Instrument Fieldbook N80,T
Logic L-PAD_PRO,T
Logic L57,T
Logic L68M Plus,T
Logic X4 Plus,T
Logic_L-PAD_PRO,T
Logic_LT_IRXXHX,T
Logic_LT_IRXXZX,T
Logicom La Tab 127 HD,T
Logicom-S9782,T
Logikids_10,T
Logikids_2,T
Logikids_3,T
Logikids_6,T
Logikids_Buddy,T
Lonan,T
London,T
Look3,T
Los Angeles,T
Lpad1,T
Lt6248,T
Luck,T
Luck L130,T
Luck_L100_3G,T
Luck_L120_4G,T
Luck_M_5000N_4G,T
Luck_XS_3097_3G,T
Luma,T
Lumigon_T3,T
Lumio Arc 5,T
Lumio Arc 7,T
Lumyai,T
Luna,T
LunaPadG1,T
Lunar Pro,T
Lunnen Ground 10.4,T
Lunnen Ground 11,T
Lunnen Ground 12.2,T
Luno,T
Luvo 001,T
Luxon,T
Luxuary-X,T
LynkCo Phone Note,T
LynkCo Phone Pro,T
Lynx,T
Lynx_10in,T
M BOT 551,T
M BOT TAB 100,T
M BOT TAB 101,T
M BOT TAB 70,T
M bot 51,T
M bot 52,T
M bot 54,T
M bot 60,T
M bot Tab 103,T
M bot tab 10,T
M-51E,T
M-51F,T
M-51G,T
M-701Plus,T
M-764,T
M-764-EEA,T
M-KOPA M10,T
M-KOPA X2,T
M-KOPA X20,T
M-MP7NB3G,T
M-PPAG4,T
M-PPxG4P,T
M-PPxG5,T
M-PPxG5M,T
M-PPxG7,T
M-PPxS5,T
M-PPxS5P,T
M-PPxS6,T
M-PPxS6P,T
M-PPxS7,T
M-PPxS7P,T
M-SP10HXxH,T
M-SP10MXHA,T
M-SP10MXHL,T
M-SP1AGO3G,T
M-SP1AZ3,T
M-SP1AZ3L,T
M-SP7HXAH,T
M-SP7xGO3G,T
M-SP8HXAH,T
M-SP8KID,T
M-SP8MXA,T
M.T.T. Master,T
M.T.T. Smart Fun,T
M002K-2,T
M002KID-15,T
M002N,T
M002N-3T,T
M002Q-2,T
M002U-2T,T
M002W-2T,T
M01,T
M01T,T
M02,T
M025EC,T
M03,T
M06,T
M07,T
M07R7,T
M07R7_EEA,T
M08,T
M09,T
M098FE,T
M1,T
M1 Lite,T
M1-101RT-A1,T
M10,T
M10 4G PRO X,T
M10 Lite,T
M10 Nano,T
M10 Pro,T
M10 Pro LTE,T
M10 for arm64,T
M10+Max,T
M10-11,T
M10-12,T
M10-12_EEA,T
M10-3G,T
M10-4G,T
M10-4G-T3,T
M10-EEA,T
M10/Q1010,T
M100,T
M1000,T
M100C,T
M101,T
M103,T
M103-EEA,T
M1036,T
M1037,T
M1039A,T
M103H,T
M10400,T
M1046W,T
M10500,T
M10600,T
M107,T
M107-EEA,T
M108,T
M109-EEA,T
M10905-32,T
M1092Q,T
M1092R,T
M1092RV5,T
M1092Rv4,T
M10950,T
M10A,T
M10A-Lite,T
M10AA,T
M10A_3G,T
M10A_Lite,T
M10D,T
M10L,T
M10L PLUS,T
M10L Pro,T
M10PRO,T
M10Pro,T
M10S,T
M10SE,T
M10SPlus,T
M10X,T
M10XE,T
M10_3G,T
M10_4G,T
M10_4G_AC,T
M10_4G_MONTES_CLAROS,T
M10_4G_MON_CLA,T
M10_4G_NOVA,T
M10_4G_PRO,T
M10_4G_PRO_TERE,T
M10_4G_T1,T
M10_4G_T3,T
M10_4G_TERESOPOLIS,T
M10_Air,T
M10_Air_EEA,T
M10_Blue_Max,T
M10_C01,T
M10_C01_EEA,T
M10_C02,T
M10_C02_EEA,T
M10_C03,T
M10_C03_EEA,T
M10_C11,T
M10_C11_Kids,T
M10_EEA,T
M10_KID,T
M10_Lite,T
M10_Max,T
M10_Max_EEA,T
M10_PLUS,T
M10_PLUS_EEA,T
M10_PRO,T
M10_PRO_EEA,T
M10_Pro,T
M10_R01,T
M10_R01_EEA,T
M10_R02,T
M10_R02_EEA,T
M10_R03,T
M10_R04,T
M10_R06,T
M10_R06_Kids_EEA,T
M10_R07,T
M10_R07_EEA,T
M10_T01,T
M10_T01_EEA,T
M10_WIFI,T
M10p,T
M11,T
M110,T
M11550,T
M11H/Q1100,T
M11QF8,T
M11_EU,T
M11_Pro_Max,T
M12,T
M123,T
M128,T
M128-EEA,T
M12A,T
M12_4G,T
M13,T
M130s,T
M132-EEA,T
M148,T
M15,T
M1513,T
M1582C,T
M1582C_MAX,T
M1586K,T
M1587K,T
M159,T
M159-EEA,T
M15A,T
M15QF6,T
M15QF6AR,T
M16,T
M16QF11,T
M16QF11AR,T
M16QF9AR,T
M16QF9ES,T
M170,T
M17QF21M,T
M17QF21W,T
M17QF27A,T
M17QF6-3Gplus,T
M17QF6_3G,T
M17QF6_4G,T
M17QF7_4G,T
M17QF8_4G,T
M17T11,T
M18,T
M1813,T
M1816,T
M1822,T
M1852,T
M185QE,T
M186-EEA,T
M1867G,T
M1908C3JGG,T
M193,T
M193-EEA,T
M195T,T
M19TE,T
M1G,T
M1K,T
M1R,T
M1_Plus,T
M1s,T
M2,T
M20,T
M20 Mini,T
M20 NANO,T
M20 PLUS,T
M20 S,T
M20+Pro,T
M200,T
M2002J9E,T
M2002J9G,T
M2002J9S,T
M2003J15SC,T
M2003J15SG,T
M2003J15SI,T
M2003J15SS,T
M2004J19C,T
M2004J19G,T
M2004J19I,T
M2004J19PI,T
M2004J7AC,T
M2004J7BC,T
M2006C3LC,T
M2006C3LG,T
M2006C3LI,T
M2006C3LVG,T
M2006C3MG,T
M2006C3MI,T
M2006C3MII,T
M2006C3MNG,T
M2006J10C,T
M2007J17C,T
M2007J17G,T
M2007J17I,T
M2007J1SC,T
M2007J20CG,T
M2007J20CI,T
M2007J22C,T
M2007J22G,T
M2007J3SC,T
M2007J3SG,T
M2007J3SI,T
M2007J3SP,T
M2007J3SY,T
M200H,T
M2010J19CG,T
M2010J19CI,T
M2010J19SC,T
M2010J19SG,T
M2010J19SI,T
M2010J19SL,T
M2010J19SY,T
M2011J18C,T
M2011K2C,T
M2011K2G,T
M2012K10C,T
M2012K11AC,T
M2012K11AG,T
M2012K11AI,T
M2012K11C,T
M2012K11G,T
M2012K11I,T
M2017,T
M20L,T
M20S,T
M20S Mini,T
M20SE,T
M20_4G,T
M20_Pro,T
M20_Ultra,T
M21,T
M210,T
M2101K6G,T
M2101K6I,T
M2101K6P,T
M2101K7AG,T
M2101K7AI,T
M2101K7BG,T
M2101K7BI,T
M2101K7BL,T
M2101K7BNY,T
M2101K9AG,T
M2101K9AI,T
M2101K9C,T
M2101K9G,T
M2102J20SG,T
M2102J20SI,T
M2102J2SC,T
M2102K1AC,T
M2102K1C,T
M2102K1G,T
M2103K19C,T
M2103K19G,T
M2103K19I,T
M2103K19PG,T
M2103K19PI,T
M2103K19Y,T
M2104K10AC,T
M2104K10I,T
M2105K81AC,T
M2105K81C,T
M220,T
M220c,T
M226-EEA,T
M24IS820,T
M25,T
M258,T
M258-EEA,T
M25i,T
M26,T
M27S,T
M2M-3T,T
M2S,T
M2a103,T
M2mini,T
M3,T
M3-2200,T
M3-SL10,T
M30,T
M30 Pro,T
M300 4G,T
M305,T
M309-EEA,T
M30A,T
M30Pro,T
M30_EEA,T
M30_PLUS,T
M30_Pro_ROW,T
M310,T
M310-EEA,T
M3101BCD,T
M311,T
M320,T
M321,T
M321-EEA,T
M323-EEA,T
M326-EEA,T
M328-EEA,T
M330,T
M341,T
M350,T
M350 Pro,T
M357,T
M359,T
M35c,T
M35h,T
M35t,T
M363/P,T
M370,T
M370i,T
M372,T
M377,T
M380-10,T
M387_QL,T
M396-EEA,T
M3CR,T
M3CRD,T
M3PC10,T
M3PRO,T
M3S,T
M3SL10,T
M3SL20,T
M3SL20K,T
M3SL20PLUS,T
M3SL25,T
M3SM15N,T
M3SM15X,T
M3SM20,T
M3SM24,T
M3SM25,T
M3SM30,T
M3UL20F,T
M3UL20W,T
M3UL20X,T
M3UL30,T
M3US20W,T
M3US20X,T
M3US30,T
M3WD10,T
M3mini,T
M3s,T
M4,T
M4 R3 LIGHT,T
M4 SS4450,T
M4 SS4450B,T
M4 SS4451,T
M4 SS4452,T
M4 SS4453,T
M4 SS4455,T
M4 SS4456,T
M4 SS4457,T
M4 SS4457-R,T
M4 SS4458,T
M4-SS4453-R,T
M4-SS4457-R,T
M4-SS4458-R,T
M40,T
M40 Pro,T
M40 Pro_EEA,T
M40 Pro_ROW,T
M40 Pro_RUS,T
M40A,T
M40Air_EEA,T
M40Air_KR,T
M40Air_ROW,T
M40Plus_EEA,T
M40Plus_ROW,T
M40Pro_EEA,T
M40Pro_ROW,T
M40Pro_RUS,T
M40SE,T
M40SE_EEA,T
M40SE_ROW,T
M40_EEA,T
M40_Plus_EEA,T
M40_Plus_ROW,T
M40_ROW,T
M40_plus,T
M40_pro,T
M432,T
M470BSA,T
M470BSD,T
M470BSE,T
M470BSG,T
M470BSS,T
M4CR,T
M4CRD,T
M4_B1,T
M4_B2,T
M4_B3,T
M4_R2,T
M5,T
M5 2021,T
M5 Plus,T
M5 mini,T
M5+,T
M50,T
M50 MAX,T
M50 PRO,T
M50 Pro,T
M50 Pro_RUS,T
M50 STAR,T
M50-EEA,T
M50-ROW,T
M5013,T
M502,T
M503,T
M504,T
M505_4G,T
M50A,T
M50A MAX,T
M50C,T
M50E-1A,T
M50HD,T
M50HD_EEA,T
M50HD_ROW,T
M50HD_RUS,T
M50L,T
M50Mini,T
M50Plus,T
M50Plus_EEA,T
M50Plus_ROW,T
M50S,T
M50SE,T
M50T_EEA,T
M50_EEA,T
M50_EU,T
M50_NEW,T
M50_ROW,T
M50_RUS,T
M50_W_ROW,T
M50mini_ROW,T
M51,T
M510,T
M511,T
M511CD,T
M512,T
M518,T
M518-EEA,T
M51S,T
M51S_EEA,T
M51_EEA,T
M51w,T
M520,T
M521,T
M53,T
M53-52401,T
M530,T
M531,T
M531DA,T
M532,T
M53_EEA,T
M55,T
M5501_B,T
M555,T
M555i,T
M558,T
M55A,T
M55B,T
M55C,T
M55_4G,T
M55_EEA,T
M578,T
M580,T
M5855,T
M5CR,T
M5CRD,T
M5E01,T
M5GO,T
M5Go,T
M5L,T
M5Plus,T
M5_lite,T
M5e,T
M5i,T
M5plus,T
M5s,T
M6,T
M6 2021,T
M6 Lite,T
M6 Note,T
M6 lite,T
M6 mirror,T
M60,T
M60-Pay,T
M601,T
M602-EEA,T
M60C-Pay,T
M60_EEA,T
M60_NEW,T
M60_ROW,T
M61,T
M610,T
M610-EEA,T
M610DS,T
M618-EEA,T
M61C,T
M620,T
M621,T
M621-EEA,T
M623-EEA,T
M630,T
M631Y,T
M6501,T
M651G,T
M651G_MY,T
M654G,T
M655,T
M6561,T
M65P,T
M671M3,T
M671M4,T
M675M4,T
M685Y4,T
M686-EEA,T
M68_Plus,T
M6A,T
M6APro,T
M6AProV2,T
M6Plus,T
M6SLPlus,T
M6SPlus,T
M6T,T
M6_EEA,T
M6s,T
M7,T
M7 Lite,T
M7 Power,T
M7-3G,T
M7-3G-PLUS,T
M7-4G,T
M70,T
M700,T
M701,T
M701A,T
M702,T
M7042F,T
M707,T
M708-EEA,T
M70E,T
M712C,T
M7133,T
M7133E,T
M7133E3,T
M7152,T
M7152D1,T
M7152D1_EEA,T
M7152P,T
M7152P_EEA,T
M72,T
M72 Smart,T
M721,T
M7500,T
M753,T
M755,T
M75TG,T
M7600-D,T
M761,T
M762G,T
M765P,T
M76QF6,T
M77QF6,T
M77XG,T
M7808,T
M785P,T
M78QF6-4G,T
M790,T
M7Go_2019,T
M7I-3G,T
M7L,T
M7L_Sapphire,T
M7Plus,T
M7Pro,T
M7S,T
M7SQC_Plus,T
M7S_Go,T
M7S_LITE,T
M7S_PLUS,T
M7S_PLUS_KIDPAD,T
M7S_PLUS_PRINCESAS,T
M7S_Plus,T
M7_3G,T
M7_3G_A10,T
M7_3G_PLUS,T
M7_EEA,T
M7_M,T
M7_US,T
M7_WIFI,T
M7i,T
M7s Dual ML03,T
M7sLite,T
M8,T
M8 Pro,T
M8 for arm64,T
M8-4G,T
M80,T
M8047IU,T
M806BW6,T
M808,T
M809,T
M80_EEA,T
M81,T
M8100,T
M811,T
M812C,T
M815,T
M816-EEA,T
M820,T
M820-EEA,T
M821,T
M821-EEA,T
M821H,T
M823,T
M825,T
M830,T
M832,T
M832-EEA,T
M8402,T
M8414,T
M8415,T
M8416,T
M8418,T
M8419,T
M8420,T
M8421,T
M8422,T
M8423,T
M8424,T
M8425,T
M8426,T
M850,T
M86,T
M860,T
M8601,T
M863,T
M863-EEA,T
M863TabH8,T
M865,T
M86Q9-3G,T
M86X,T
M86XE,T
M8781,T
M87QF6-4G,T
M87X,T
M87XE,T
M88,T
M893-EEA,T
M89T,T
M8Go2020,T
M8L,T
M8L 2022,T
M8L PLUS,T
M8L Plus,T
M8_4G,T
M8_4G_T1,T
M8_4G_T3,T
M8_EEA,T
M8_EU,T
M8_Go,T
M8_Max,T
M8_PLUS,T
M8_Plus,T
M8_Pro,T
M8_US,T
M8_WIFI,T
M9,T
M9 Pro,T
M9-3G,T
M9-3G_2,T
M90,T
M90 MAX,T
M9000,T
M901,T
M902-EEA,T
M9021G,T
M90_MAX,T
M910,T
M9101A,T
M9101B,T
M9102A,T
M9102B,T
M9103,T
M9105,T
M9106,T
M9107,T
M9108,T
M9109,T
M9110,T
M9111,T
M9112,T
M9113,T
M9114,T
M9116,T
M9117,T
M916H,T
M9200,T
M93,T
M93 5G,T
M9300,T
M95,T
M9501,T
M9502,T
M9503,T
M9601,T
M9602,T
M97,T
M986-EEA,T
M9A Pro,T
M9S-Go,T
M9S_GO,T
M9_3G,T
M9_WIFI,T
M9_Wifi,T
MA1,T
MA4000,T
MA4100,T
MA5000,T
MA5100,T
MA768,T
MAA-AN00,T
MAA-AN10,T
MACARON,T
MACH_10,T
MACH_MP,T
MACH_POS,T
MAG-AN00,T
MAG425A,T
MAG500A,T
MAG555,T
MAGELITE Android TV 2K,T
MAGNET_G90,T
MAGNO,T
MAGNO C,T
MAGNO C1,T
MAGNO C2,T
MAGNO C3,T
MAGNO MINI,T
MAGNO P1,T
MAGNO P4,T
MAGNO PLUS,T
MAGNO R,T
MAGNO R II,T
MAGNO S,T
MAGNO-S,T
MAGNUS,T
MAGPAD,T
MAL-FWTVTB,T
MAR-AL00,T
MAR-LX1A,T
MAR-LX1Am,T
MAR-LX1B,T
MAR-LX1H,T
MAR-LX1M,T
MAR-LX1Mm,T
MAR-LX1R,T
MAR-LX2,T
MAR-LX2B,T
MAR-LX2J,T
MAR-LX2m,T
MAR-LX3A,T
MAR-LX3Am,T
MAR-LX3Bm,T
MAR-TL00,T
MAR4510C,T
MARCEL Android TV,T
MARCEL GSMART 2KTV,T
MARCEL GSMART5.0 2KTV,T
MARCEL GSMART5.0 4KTV,T
MARCEL GSMART5.0 4KTV FF,T
MARINE 1,T
MARINE 2,T
MARINE 3,T
MARS NOCAM,T
MARS NOTE,T
MARS TOUCH,T
MARS7,T
MARTE,T
MARTINI,T
MARVEL,T
MASCOM SS289,T
MASCOM WS517,T
MASTERTECH GOOGLE TV,T
MAT10221,T
MAT10421,T
MAT80211B,T
MATE 10,T
MATE 70,T
MATRIX,T
MATRIX_PRO,T
MATTER,T
MAU4800D,T
MAU9000D,T
MAU9001D,T
MAVEN_X10_HD_LTE,T
MAVERICK,T
MAX,T
MAX 10,T
MAX 1X,T
MAX 2,T
MAX 3,T
MAX 3 PLUS,T
MAX 30,T
MAX 5,T
MAX 60,T
MAX 7,T
MAX 70,T
MAX 7i,T
MAX-10,T
MAX-10_EEA,T
MAX1,T
MAX10,T
MAX10-1,T
MAX12,T
MAX15,T
MAX2,T
MAX2 PLUS,T
MAX3,T
MAX3 ULTRA,T
MAX4,T
MAX5,T
MAX7,T
MAX8,T
MAX9,T
MAXI 20,T
MAXIPOWER SMART TV,T
MAXTRON Genio,T
MAXTRON M2,T
MAXX_05,T
MAX_1,T
MAX_10,T
MAX_2,T
MAX_2_Ultra,T
MAX_TAB_7,T
MAZDA CONNECT,T
MB SUMMIT,T
MB10,T
MB1001,T
MB200,T
MB300,T
MB4,T
MB4 WIFI,T
MB4_3G,T
MB4_3G_PLUS_SE,T
MB5 WIFI,T
MB501,T
MB502,T
MB511,T
MB525,T
MB526,T
MB730,T
MB810,T
MB855,T
MB860,T
MB861,T
MB8715,T
MB8717,T
MB886,T
MB8866,T
MB8992,T
MB9,T
MB9_PRO,T
MBH-N49,T
MBIF-H533,T
MBL Tab 8.1,T
MBR05,T
MBR05_EEA,T
MBTWDY01,T
MBW100,T
MBX4K Maverick,T
MBX4K Ranger,T
MB_530,T
MC,T
MC18N0,T
MC20,T
MC21,T
MC2200,T
MC2700,T
MC32020,T
MC32020B,T
MC33,T
MC3300ax,T
MC3300x,T
MC3400,T
MC3450,T
MC36,T
MC401_GWL,T
MC40N0,T
MC432A_GWL,T
MC45,T
MC480-U,T
MC50,T
MC51,T
MC62,T
MC66,T
MC8B654B,T
MC93,T
MC9400,T
MC9450,T
MC95,T
MCIFPD,T
MCT-101EDL,T
MD Smart,T
MD-01P,T
MD-02P,T
MD-03P,T
MD-04P,T
MD-05P,T
MD-07P,T
MD06P,T
MD1001,T
MD1005,T
MD1063,T
MD1063B,T
MD210,T
MD7008,T
MD7053G,T
MD7081,T
MD7305,T
MDB342X,T
MDC M5,T
MDP1231,T
MDQ300,T
MD_97_S464A,T
MD_G1212U,T
ME10,T
ME172V,T
ME173X,T
ME301T,T
ME302C,T
ME302KL,T
ME371MG,T
ME40K,T
ME501,T
ME511,T
ME525,T
ME525+,T
ME600,T
ME61,T
ME63,T
ME65,T
ME722,T
ME74,T
ME811,T
ME860,T
MEAI26,T
MEDION B5530,T
MEDION E4001,T
MEDION E4002,T
MEDION E4502,T
MEDION E4506,T
MEDION E5004,T
MEDION LIFE P4310,T
MEDION P5001,T
MEDION P5004,T
MEDION P5005,T
MEDION P5015,T
MEDION S5004,T
MEDION Smartphone LIFE E3501,T
MEDION X4701,T
MEDION X6001,T
MEET,T
MEGA,T
MEGA 1,T
MEGA 12,T
MEGA 2,T
MEGA 2 WIFI,T
MEGA 3,T
MEGA 5,T
MEGA 8,T
MEGA13,T
MEGA2,T
MEGA7,T
MEIZU 18,T
MEIZU 18 Pro,T
MEIZU 18X,T
MEIZU 18s,T
MEIZU 18s Pro,T
MEIZU 20,T
MEIZU 20 Inf,T
MEIZU 20 Inf.sat,T
MEIZU 20 Pro,T
MEIZU 21,T
MEIZU 21 Note,T
MEIZU 21 Pro,T
MEIZU 22,T
MEIZU E3,T
MEIZU Lucky 08,T
MEIZU M6,T
MEIZU Note21,T
MEIZU Note21 Pro,T
MEMOR 10,T
MEO SMART A16,T
MEO Smart A16,T
MEO Smart A40,T
MEO Smart A75,T
MEO Smart A80,T
MEO TV Box 4K (DIW377),T
MEOBox 4K (VSB3918),T
MEP2Q421G,T
MERCURY Tough,T
MES-B,T
MES-B3,T
MESA,T
METHOD_XI_8600,T
MEY-AN00,T
MF3D2211,T
MF52e,T
MF716,T
MF716+,T
MF8604,T
MF97A,T
MF97B,T
MF97B_ROGERS,T
MF97B_T,T
MF97E,T
MF97G,T
MF97V,T
MF97W,T
MFC145FR1,T
MFC146DE,T
MFC146EN,T
MFC146ES,T
MFC146FR,T
MFC147FR,T
MFC148FR,T
MFC149,T
MFC149FR,T
MFC191FR2,T
MFC2_Plus,T
MFC2_Special,T
MFC510FR1,T
MFC511DE,T
MFC511EN,T
MFC511FR,T
MFC512FR,T
MFC513FR,T
MFC514,T
MFC514FR,T
MFC7_2019,T
MFC8_2019,T
MFC_2018,T
MFC_6,T
MFC_7,T
MFC_8,T
MFC_HR,T
MFC_HR_Plus,T
MFHD_BT1067QC16IPS2,T
MFLogin3T,T
MFLoginPh,T
MFS100,T
MFSTAB,T
MFSTABII,T
MFSTABIV,T
MFSTAB_74G,T
MG080D1T,T
MG715,T
MGEB,T
MGQ300,T
MGS 2K Android TV,T
MGS 4K Android TV,T
MGS2KAndroidTV,T
MGTABX,T
MGTBA10OC,T
MGTBA8OC,T
MGV2002,T
MGV2002_HK,T
MH,T
MH-CHANNELS,T
MH-T6000,T
MH350,T
MH700,T
MHA-AL00,T
MHA-L09,T
MHA-L29,T
MHA-TL00,T
MHDBT10267,T
MI 2,T
MI 2A,T
MI 2S,T
MI 3,T
MI 3W,T
MI 4C,T
MI 4LTE,T
MI 4S,T
MI 4W,T
MI 5,T
MI 5C,T
MI 5X,T
MI 5s,T
MI 5s Plus,T
MI 6,T
MI 6X,T
MI 8,T
MI 8 Explorer Edition,T
MI 8 Lite,T
MI 8 Pro,T
MI 8 SE,T
MI 8 UD,T
MI 9,T
MI 9 SE,T
MI A1,T
MI CC 9,T
MI CC 9 Meitu Edition,T
MI CC 9e,T
MI CC9 Pro,T
MI MAX,T
MI MAX 2,T
MI MAX 3,T
MI NOTE LTE,T
MI NOTE Pro,T
MI PAD,T
MI PAD 2,T
MI PAD 3,T
MI PAD 4,T
MI PLAY,T
MI-438,T
MI-CH-82S,T
MI-JI-43T,T
MI-JI-44T,T
MI-JI-64T,T
MI-SO-81T,T
MI106,T
MI706,T
MI86,T
MIBOX3,T
MIBOX4,T
MICROSTAR_E10319,T
MID,T
MID 1324,T
MID-1015T,T
MID-1016T,T
MID-104GB-968,T
MID-1087,T
MID-1090IPS,T
MID-787,T
MID-787V8,T
MID-789A100-EEA,T
MID-790IPS,T
MID-7A15,T
MID-CBY1108,T
MID1016-MK,T
MID1016BT001,T
MID1020L,T
MID1021,T
MID1021W,T
MID1028,T
MID1032,T
MID1032C,T
MID1036,T
MID1048PHE,T
MID106-3G,T
MID1064FHDP,T
MID1065,T
MID107,T
MID1095PR001,T
MID1109-SC,T
MID1109A-SC,T
MID1264,T
MID1464PR001,T
MID169,T
MID210,T
MID225,T
MID3810PVE02,T
MID4004JBL,T
MID44JBLPR01,T
MID4G64PR002,T
MID4X07,T
MID4X10,T
MID7015,T
MID704DC,T
MID7052,T
MID7055,T
MID7065,T
MID7317CP,T
MID736-737,T
MID7399_BM,T
MID7399_HP,T
MID7399_SD,T
MID7399_WW,T
MID8016,T
MID8065,T
MID8072,T
MID8254PR,T
MIDB1048PHE,T
MIDI109PDE,T
MIDI163PDE,T
MIDI70WPDE,T
MIDM_737,T
MIDM_F10,T
MIDNIGHT_SKY,T
MIDS185PR,T
MIDS2410PR001,T
MID_1085,T
MID_1085A100,T
MID_1085_EEA,T
MID_1087V9,T
MID_1089IPS,T
MID_1089IPSA100,T
MID_1089IPS_EEA,T
MID_1090IPSV9,T
MID_1099IPS,T
MID_109_Oreo_BTH,T
MID_785,T
MID_785A100,T
MID_787V9,T
MID_789,T
MID_789A100,T
MID_789IPS,T
MID_789IPSA100,T
MID_799IPS,T
MID_899IPS,T
MID_M10,T
MIELS,T
MIG,T
MINERVA,T
MINERVA_32GB,T
MINI,T
MINT Pandora,T
MINTAKA,T
MINTT ASPIRE X9,T
MINTT PRIME S11,T
MINTT-DIGI,T
MINTT_M5,T
MINTT_T11,T
MIRAGE,T
MIRO A1,T
MIRO C1,T
MISA,T
MISTAB_74G,T
MIT700,T
MITO A10,T
MITO A16,T
MITO A17,T
MITO A21,T
MITO A880,T
MITO T8,T
MITO T85,T
MITO_A10,T
MITO_A19_1GB,T
MITO_A19_2GB,T
MITO_A36_W1,T
MITO_A37_Z1,T
MITO_A37_Z1plus,T
MITO_T18,T
MITO_T7,T
MIX,T
MIX 2,T
MIX 2S,T
MIX 3,T
MIX Lite,T
MIX2,T
MIX_2,T
MIX_S,T
MI_1,T
MK Go,T
MK-ES300,T
MK16a,T
MK16i,T
MK7000PRO,T
MKGO,T
MK_1000,T
ML-CH-MS45_4G,T
ML-JI-M7-4G,T
ML-JI-M7_3G_PLUS,T
ML-JI11-M7_3G_PLUS,T
ML-SO-M7_3G_PLUS,T
ML-SO-M9-3G,T
ML-SO-MLX1,T
ML-TI-MS80,T
ML-WI-M7_3G_PLUS,T
ML-WI-M9-3G,T
ML01-M7S-Quad-Core,T
ML1107H,T
ML450,T
MLA-AL00,T
MLA-AL10,T
MLA-L01,T
MLA-L02,T
MLA-L03,T
MLA-L11,T
MLA-L12,T
MLA-L13,T
MLA-TL00,T
MLA-UL00,T
MLA-W09,R
MLAB 9785 STUDIO COVER PRO 10,T
MLAB 9786 STUDIO SUITE PRO 12,T
MLAB_9339,T
MLAB_9617,T
MLAB_9618,T
MLAB_GLOWY7,T
MLAB_GLOWY8,T
MLAB_KIDS_PLUS,T
MLAB_TABLET_KID,T
MLT156001,T
MLT703824,T
MLX8,T
MLX8_4G,T
ML_GW0C_M10_4G,T
MM-3201,T
MM-3202,T
MM-35,T
MM-35_EEA,T
MM-P30,T
MM10A,T
MM5014G,T
MM5114G,T
MMP848,T
MN_AIO_B,T
MN_AIO_RK3576,T
MO-01J,T
MO-01K,T
MO-T3,T
MO137G,T
MOBI-Buckeye,T
MOBI-SECTV,T
MOBICEL METRO2,T
MOBOK1,T
MOBOK2,T
MOCHE SMART A16,T
MODERN 8,T
MOJO,T
MOMO8,T
MON-AL19,T
MON-AL19B,T
MON-W19,T
MONSTER4KAndroidTV,T
MONZA-T5,T
MONZA-T7,T
MOON,T
MOOV SMART PRO PLUS,T
MOSCOW,T
MOT102,T
MOT41F,T
MOTOROLA GOOGLE TV,T
MOTOROLA GOOGLE TV 2K,T
MOTOROLA GOOGLE TV 4K,T
MOTOROLA GOOGLE TV 4K ATSC,T
MOTOROLA GOOGLE TV 4K N,T
MOTOROLA GOOGLE TV NA,T
MOVE OTT-Box 1,T
MOVE OTT-Box 4,T
MOVE8mini,T
MOVE9,T
MOVE_6_mini,T
MOVE_7,T
MOVE_8,T
MOVE_S201,T
MOVIC-W2,T
MOVIC-W5,T
MOXA7,T
MOXA71,T
MOXA7X,T
MOX_2,T
MO_Series,T
MP01,T
MP0101632,T
MP0101635,T
MP0101788,T
MP0101789,T
MP01A3G,T
MP02,T
MP03,T
MP04,T
MP05,T
MP06,T
MP07,T
MP08,T
MP09,T
MP10,T
MP1231001P,T
MP13,T
MP1503,T
MP16,T
MP1602,T
MP1603,T
MP1605,T
MP17,T
MP1701,T
MP1709,T
MP1710,T
MP1718,T
MP18,T
MP19,T
MP1T,T
MP1TE,T
MP1x,T
MP20,T
MP21,T
MP24,T
MP25,T
MP26,T
MP27,T
MP28,T
MP29,T
MP2ProT,T
MP2ProTE,T
MP3-A 2K TV,T
MP32,T
MP33,T
MP34,T
MP36,T
MP38,T
MP39,T
MP5,T
MP5184G,T
MPC10T,T
MPC80T,T
MPDC1006,T
MPDC706,T
MPGIO-10,T
MPGIO_8,T
MPH-MB003A,T
MPH-MB004A,T
MPH-MB005A,T
MPMedium5,T
MPQC10,T
MPQC_9,T
MP_8660QC,T
MP_Series,T
MQ703G,T
MQ703G_1,T
MR01,T
MR768,T
MR7863,T
MRD-AL00,T
MRD-LX1,T
MRD-LX1F,T
MRD-LX1N,T
MRD-LX2,T
MRD-LX3,T
MRD-TL00,T
MRK-LX1,T
MRK-LX2,T
MRK-LX3,T
MRK-NX1,T
MRK-NX3,T
MR_POTATO_HEAD,T
MS-5575,T
MS-NDB2,T
MS-NDB3,T
MS3A,T
MS3B,T
MS40G,T
MS40G_VIVO,T
MS40S,T
MS45,T
MS453,T
MS457,T
MS457Orange,T
MS457PLUS,T
MS459,T
MS45S,T
MS45S_A6,T
MS4A,T
MS4B,T
MS4C,T
MS4GSA02,T
MS5,T
MS50,T
MS502_Orion,T
MS507_STRONG,T
MS50G,T
MS50L,T
MS50L1,T
MS50L_4G,T
MS50M,T
MS50S,T
MS50X,T
MS50X_VIVO,T
MS50_4G,T
MS514,T
MS515,T
MS5314G,T
MS5414G,T
MS5424G,T
MS55,T
MS550,T
MS5514G,T
MS5524G,T
MS5528G,T
MS553,T
MS5539G,T
MS554,T
MS55E1,T
MS55L1,T
MS55M,T
MS5614G,T
MS571,T
MS572,T
MS6,T
MS60,T
MS601,T
MS60F,T
MS60F_PLUS,T
MS60X,T
MS60Z,T
MS650,T
MS650G,T
MS651,T
MS652,T
MS70,T
MS80X,T
MS8389,T
MS8589,T
MS9,T
MSLB-MKZ900,T
MSLB-MKZ900i,T
MSLB-MKZ900ti,T
MSLB-MKZ920,T
MSLB-MKZ920ti,T
MSM8996 for arm64,T
MSP4507,T
MST711,T
MSW_BT767QC8TN,T
MT-1010OF,T
MT-1011,T
MT-1011OF,T
MT-1011QR,T
MT-700,T
MT-701QU,T
MT-702QU,T
MT-707OF,T
MT-710QF,T
MT-710QU_Pro,T
MT-715QR,T
MT-717QW,T
MT-733G,T
MT-734G,T
MT-750QR,T
MT-750QU,T
MT-750QU_Pro,T
MT-761QU,T
MT-761QU_Pro,T
MT-762QR,T
MT-790QR_V1,T
MT-790QR_V1_EEA,T
MT-792OF,T
MT-803G,T
MT-T800,T
MT-T8B22,T
MT-xxMU,T
MT003-19,T
MT003-20,T
MT003-21,T
MT003-22,T
MT004_20,T
MT01,T
MT03,T
MT04,T
MT07,T
MT08,T
MT09,T
MT10,T
MT1001,T
MT11,T
MT11a,T
MT11i,T
MT13,T
MT15a,T
MT15i,T
MT16,T
MT1E,T
MT1MAX,T
MT1MAXE,T
MT1N,T
MT2110,T
MT2111,T
MT25i,T
MT27i,T
MT2L03,T
MT2U,T
MT2UE,T
MT3,T
MT3A,T
MT500,T
MT50CE,T
MT70,T
MT7001,T
MT7030,T
MT7A,T
MT8000,T
MT8768,T
MT9,T
MTAB-07530A,T
MTAB-07535AK,T
MTAB-08530A,T
MTAB-09541AB,T
MTAB_PRO_2600,T
MTC 1055,T
MTC 1065,T
MTC 1078,T
MTC 916,T
MTC 950,T
MTC 960,T
MTC 970,T
MTC 970H,T
MTC 972,T
MTC 978,T
MTC 982,T
MTC Mini,T
MTC SMART Run,T
MTC SMART Run 4G,T
MTC SMART Sprint 4G,T
MTC975,T
MTC_968,T
MTC_982O,T
MTC_SMART_Start_2,T
MTC_SMART_Surf_4G,T
MTN Sm@rt L840,T
MTN Sm@rt L860,T
MTN Smart TV Box,T
MTN Steppa 2 LTE,T
MTN sm@rt S750,T
MTN-8978P,T
MTN-AN00,T
MTN-AN80,T
MTN-E70,T
MTN-L860,T
MTN-NX1,T
MTN-NX1M,T
MTN-NX3,T
MTN-S620,T
MTN-S630,T
MTN-S720i,T
MTN-S730,T
MTN-S735,T
MTN-S810,T
MTN-TBW5982C3,T
MTP30,T
MTP30_EEA,T
MTR100,T
MTS-SP100,T
MTT_L509,T
MT_1025QU,T
MTab8,T
MTabAir9,T
MULTYNET 2K SMART TV,T
MULTYNET 4K SMART TV,T
MULTYNET FHD Android TV,T
MULTYNET TV G4K,T
MULTYNET UHD Android TV,T
MUST,T
MUV,T
MUV 3G,T
MVT-1001,T
MVT_1001,T
MW-7615P,T
MW16Q9_3G,T
MW16Q9_4G,T
MW6617,T
MW75QF6,T
MWND1,T
MWTerm311,T
MX,T
MX-A10,T
MX-A10R,T
MX-A4R,T
MX-A63,T
MX-A64,T
MX-A65,T
MX-A65T,T
MX-A6T,T
MX-A8,T
MX-A8R,T
MX-GG6,T
MX-GG65,T
MX-N55E,T
MX-N55M,T
MX-N55S,T
MX-N63,T
MX-NN62,T
MX1,T
MX101M2,T
MX16,T
MX2,T
MX2 PLUS,T
MX2_EEA,T
MX3 PLUS,T
MX4,T
MX40 PRO,T
MX450,T
MX50,T
MX50 PRO,T
MX60 PRO,T
MX60PLUS,T
MX70 PRO,T
MX702M1,T
MXCORE,T
MXG308,T
MXG408,T
MXPAD,T
MXULTRA,T
MXXCE3XE,T
MXXCE4X,T
MY1306P,T
MY15ADA,T
MY16ADA,T
MY17ADA,T
MY18ADA,T
MY19ADA,T
MY20ADA,T
MY21ADA,T
MY22ADA,T
MY801,T
MY802,T
MY803,T
MY805,T
MY806,T
MY807,T
MY9308P,T
MYA-AL00,T
MYA-AL10,T
MYA-L02,T
MYA-L03,T
MYA-L11,T
MYA-L13,T
MYA-L22,T
MYA-L23,T
MYA-L41,T
MYA-TL00,T
MYA-TL10,T
MYA-U29,T
MYA11,T
MYA13,T
MYCOM COMEK C20,T
MYX3,T
MZ10863,T
MZ10863W,T
MZ601,T
MZ604,T
MZ605,T
MZ606,T
MZ609,T
MZ617,T
MZS10,T
M_766,T
M_HORSE_M,T
M_Q58,T
M_Q58EEA,T
M_Q59,T
M_bot_tab_1150,T
M_bot_tab_71,T
Mach,T
Mad Catz M.O.J.O.,T
Madrid,T
MagentaTV One (2. Generation),T
MagentaTV One (3. Generation),T
MagentaTV Stick (2. Generation),T
Magic,T
Magic 11,T
Magic 13,T
Magic 5,T
Magic 5 Plus,T
Magic 6,T
Magic 8,T
Magic 9,T
Magic Q1,T
Magic Q8,T
Magic Q8 Plus,T
Magic Q8 Pro Plus,T
Magic-s,T
MagicDrawingPad,T
Magic_1,T
Magnet M1,T
Magnet_G10,T
Magnet_G20,T
Magnet_G25,T
Magnet_G30,T
Magnet_G30_lite,T
Magnet_G40,T
Magnet_G50,T
Magnet_G50_lite,T
Magnet_M10,T
Magnet_M10_2020,T
Magnet_W10,T
Magno C Plus,T
Magno Pro,T
Magnum_Pro,T
Mango S5,T
Mango_SQ7,T
MarQ 2K Android TV,T
MarQ 4K Android TV,T
MarQ_M3,T
Mara Phones R,T
Mara Phones X1,T
Mara Phones Z1,T
Mara S,T
Mara X,T
Mara X dual,T
Mara Z,T
Mara Z d,T
Mark 2,T
Mark 5,T
Markatab-1,T
Marquis_MP977,T
Mars8,T
Marshall-5,T
Marshall-5S,T
Marshall-8,T
Marshall-8R,T
Mascom S750,T
Mascom_L850,T
Masstel Hapi 15,T
Masstel Hapi 20,T
Masstel Hapi 30,T
Masstel LT52,T
Masstel N535,T
Masstel S7,T
Masstel S9,T
Masstel Tab,T
Masstel Tab 10A,T
Masstel Tab 10E,T
Masstel Tab 11 Pro 4G,T
Masstel Tab 81,T
Masstel Tab 83,T
Masstel Tab 8A,T
Masstel Tab10,T
Masstel Tab10 Edu,T
Masstel Tab11 Pro 4G,T
Masstel Tab7,T
Masstel Tab8,T
Masstel Tab8 Edu,T
Masstel Tab8N,T
Masstel X1,T
Masstel X3,T
Masstel X5,T
Masstel X6,T
Masstel_Juno_Q3,T
Masstel_Juno_Q5,T
Masstel_Juno_Q5Plus,T
Masstel_Juno_S6,T
Masstel_S7,T
Masstel_S9,T
Masstel_Tab10_4G,T
Masstel_Tab10_WiFi,T
Masstel_Tab7LTE,T
Masstel_Tab8_4G,T
Masstel_Tab_101,T
Masstel_Tab_104,T
Masstel_Tab_10S,T
Masstel_Tab_82,T
Masstel_X8,T
Masstel_X9,T
Mate 10,T
Mate 20,T
Mate 20 Pro 4G,T
Mate 70,T
Mate1,T
Mate2,T
Mate6 Pro,T
Matri2,T
Matri8,T
Matrix,T
MatrixPad-X36,T
Maven_T10_pro,T
Max,T
Max 4 Pro,T
Max Play,T
Max Tab22,T
Max-M8,T
Max12,T
Max3,T
Max3-65,T
Max3_LTE,T
Maxfone,T
MaxiIQ,T
Maximus D1,T
Maxis VFD 700,T
Maxis VFD700,T
Maxvi_MS401,T
Maxwell-10,T
Mayumi U1,T
Mblu 21,T
Mblu 22,T
Mblu 22 Pro,T
Me 1+,T
Me 2,T
Me 3,T
Me 3S,T
Me 4,T
Me 5,T
MeanIT PK81,T
MeanIt_X30,T
Mecha,T
MediaBox,T
MediaPad 10 FHD,T
MediaPad 10 LINK,T
MediaPad 10 Link+,T
MediaPad 7 Classic,T
MediaPad 7 Lite,T
MediaPad 7 Lite II,T
MediaPad 7 Lite+,T
MediaPad 7 Vogue,T
MediaPad 7 Youth,T
MediaPad 7 Youth 2,T
MediaPad M1 8.0,T
MediaPad M1 8.0 (LTE),T
MediaPad M1 8.0 (WIFI),T
MediaPad T1 8.0,T
MediaPad T1 8.0 Pro,T
MediaPad X1,T
MediaPad X1 7.0,T
Mediacenter 6G 4K,T
Meeplus_1,T
MeetBoard_4,T
Meetboard4Prime,T
MeetingBoardC,T
Mega,T
Mega 10,T
Mega2,T
Mega2max,T
Mega3_Pro,T
MegaFon Login 3,T
MegaFon_SP-A10,T
MegaFon_SP-AI,T
MegaPAD 1333 Pro 2,T
MegaPAD Medline 1854,T
MegaPad,T
Megapad_1333,T
Megapad_1333_Pro,T
Meitu M4,T
Meitu V4,T
Meitu V4s,T
Meizu 6T,T
Meizu M6s,T
Meizu M8c,T
Meizu S6,T
Meizu mblu S6,T
MemoPad_T1,T
MemoPad_T3,T
Memopad_T4,T
Memor 1,T
Memor 11,T
Memor 12,T
Memor 17,T
Memor 20,T
Memor 30/30X,T
Memor 35/35X,T
Memor K,T
Memor K2,T
Mercury,T
Meri,T
Meta 17,T
Metal_Tablet_10,T
Mete8,T
Mete8_EEA,T
MetfoneTVBox,T
Metro_Eye_M50_L10,T
Mexico,T
Mi 10,T
Mi 10 Pro,T
Mi 4i,T
Mi 9 Lite,T
Mi 9 SE,T
Mi 9T,T
Mi 9T Pro,T
Mi A1,T
Mi A2,T
Mi A2 Lite,T
Mi A3,T
Mi MIX 2,T
Mi MIX 2S,T
Mi MIX 3,T
Mi MIX 3 5G,T
Mi Note 10,T
Mi Note 10 Lite,T
Mi Note 2,T
Mi Note 3,T
Mi Watch,T
Mi-4c,T
Mi438S,T
Mi9 Pro 5G,T
MiBOX1S,T
MiBOX2,T
MiBOX3S,T
MiBOX_PRO,T
MiBOX_mini,T
MiBoard_RK3576,T
MiCA,T
MiPAD,T
MiProjA1,T
MiProjM05,T
MiSS,T
MiTV,T
MiTV-AXFR0,T
MiTV-AXFR1,T
MiTV-AXFR2,T
MiTV-AXFU1,T
MiTV-AXSO0,T
MiTV-AXSO1,T
MiTV-AXSO2,T
MiTV-MOEU0,T
MiTV-MOEU1,T
MiTV-MOOQ0,T
MiTV-MOOQ1,T
MiTV-MOOQ2,T
MiTV-MOOR0,T
MiTV-MOOR1,T
MiTV-MOOR2,T
MiTV-MOOR3,T
MiTV-MOOR4,T
MiTV-MOOR6,T
MiTV-MOSR0,T
MiTV-MOSR1,T
MiTV-MOSR2,T
MiTV-MOSR3,T
MiTV-MOSR4,T
MiTV-MSOR0,T
MiTV-MSSP0,T
MiTV-MSSP1,T
MiTV-MSSP2,T
MiTV-MSSP3,T
MiTV-MZTU0,T
MiTV-MZTU1,T
MiTV2,T
MiTV3S,T
MiTV4,T
MiTV4C,T
MiTV4I,T
Micromax A064,T
Micromax A065,T
Micromax A066,T
Micromax A067,T
Micromax A069,T
Micromax A082,T
Micromax A091,T
Micromax A092,T
Micromax A093,T
Micromax A096,T
Micromax A102,T
Micromax A104,T
Micromax A105,T
Micromax A106,T
Micromax A107,T
Micromax A108,T
Micromax A109,T
Micromax A110,T
Micromax A110Q,T
Micromax A114R,T
Micromax A117,T
Micromax A118R,T
Micromax A120,T
Micromax A121,T
Micromax A190,T
Micromax A200,T
Micromax A24,T
Micromax A250,T
Micromax A255,T
Micromax A290,T
Micromax A300,T
Micromax A310,T
Micromax A311,T
Micromax A315,T
Micromax A316,T
Micromax A34,T
Micromax A350,T
Micromax A50,T
Micromax A56,T
Micromax A57,T
Micromax A62,T
Micromax A67,T
Micromax A69,T
Micromax A72,T
Micromax A73,T
Micromax A76,T
Micromax A77,T
Micromax A79,T
Micromax A82,T
Micromax A87,T
Micromax A91,T
Micromax A94,T
Micromax A96,T
Micromax A99,T
Micromax AD3520,T
Micromax AD4500,T
Micromax AE90,T
Micromax AQ4501,T
Micromax AQ4502,T
Micromax AQ5000,T
Micromax AQ5001,T
Micromax B5 Pro,T
Micromax Bharat 5,T
Micromax Bharat 5 Plus,T
Micromax C1,T
Micromax C1A,T
Micromax C2A,T
Micromax C2APLS,T
Micromax D303,T
Micromax D304,T
Micromax D305,T
Micromax D320,T
Micromax D321,T
Micromax D333,T
Micromax D340,T
Micromax E311,T
Micromax E313,T
Micromax E314,T
Micromax E352,T
Micromax E353,T
Micromax E451,T
Micromax E453,T
Micromax E455,T
Micromax E460,T
Micromax E471,T
Micromax E481,T
Micromax E4815,T
Micromax E4816,T
Micromax E4817,T
Micromax E483,T
Micromax E484,T
Micromax E485,T
Micromax E6523,T
Micromax E7533,T
Micromax EG111,T
Micromax HS1,T
Micromax HS2,T
Micromax N4120,T
Micromax P290,T
Micromax P666,T
Micromax P681,T
Micromax P690,T
Micromax P701,T
Micromax P810,T
Micromax Q300,T
Micromax Q3001,T
Micromax Q301,T
Micromax Q303,T
Micromax Q306,T
Micromax Q323,T
Micromax Q324,T
Micromax Q325,T
Micromax Q326,T
Micromax Q327,T
Micromax Q3301,T
Micromax Q331,T
Micromax Q332,T
Micromax Q333,T
Micromax Q334,T
Micromax Q335,T
Micromax Q336,T
Micromax Q338,T
Micromax Q340,T
Micromax Q341,T
Micromax Q345,T
Micromax Q346,T
Micromax Q348,T
Micromax Q349,T
Micromax Q350,T
Micromax Q3502,T
Micromax Q350R,T
Micromax Q352,T
Micromax Q354,T
Micromax Q355,T
Micromax Q3551,T
Micromax Q370,T
Micromax Q371,T
Micromax Q372,T
Micromax Q375,T
Micromax Q379,T
Micromax Q380,T
Micromax Q380N,T
Micromax Q381,T
Micromax Q382,T
Micromax Q383,T
Micromax Q385,T
Micromax Q386,T
Micromax Q391,T
Micromax Q392,T
Micromax Q394,T
Micromax Q395,T
Micromax Q398,T
Micromax Q400,T
Micromax Q4001,T
Micromax Q4002,T
Micromax Q401,T
Micromax Q402,T
Micromax Q402+,T
Micromax Q402Plus,T
Micromax Q409,T
Micromax Q409A,T
Micromax Q4101,T
Micromax Q411,T
Micromax Q412,T
Micromax Q413,T
Micromax Q414,T
Micromax Q416,T
Micromax Q417,T
Micromax Q4201,T
Micromax Q4202,T
Micromax Q4204,T
Micromax Q421,T
Micromax Q4220,T
Micromax Q424,T
Micromax Q4251,T
Micromax Q426,T
Micromax Q4260,T
Micromax Q4261,T
Micromax Q427,T
Micromax Q428,T
Micromax Q4310,T
Micromax Q4311,T
Micromax Q437,T
Micromax Q440,T
Micromax Q440Plus,T
Micromax Q450,T
Micromax Q452,T
Micromax Q454,T
Micromax Q4601,T
Micromax Q461,T
Micromax Q462,T
Micromax Q463,T
Micromax Q465,T
Micromax Q469,T
Micromax Q479,T
Micromax Q480,T
Micromax Q491,T
Micromax S300,T
Micromax S301,T
Micromax S302,T
MicromaxF666,T
MicromaxP480,T
MicromaxP680,T
MicromaxP702,T
MicromaxP802,T
Micromax_D200,T
Micromax_HS3,T
Micromax_Q353,T
Micromax_Q353P,T
Microtech_etabStyle,T
MiddleEast，Africa,T
Milan,T
Milan_Pro,T
Milestone,T
Milestone PLUS,T
Milestone X,T
Milestone X2,T
Milestone XT720,T
MimioProG5,T
Minchir,T
MindOne,T
Mindphone2,T
Mini Mill v2,T
Mini_Tab8,T
Minions3,T
Mint Clover+,T
Mint Fox+,T
Mint Fusion,T
Mint Leo,T
Mint Triton,T
Mint VirGo,T
Mint_M341,T
Mint_M353,T
Mint_M55LD,T
Mintt M3,T
Mintt P26,T
Mintt T11 SE,T
Mintt T3 SE,T
MinttPoro,T
Mintt_Tab_T1,T
Mintt__Digi__2,T
Mintt__M3,T
Mio Phone 2016,T
MioPhone2017,T
MioTab 2016,T
MioTab2017,T
Mio_Tab_2019,T
Mione Pro Plus,T
Mione_PUBG_1,T
Mione_Pro,T
Miracle_Y,T
Miramage AndroidTV,T
Miramage AndroidTV KR,T
Miramage Smart Display,T
Miray 4k google tv,T
Miro A67S,T
Miro C67,T
Miro C67S,T
Miro C69M Pro,T
Miro S67,T
Miro S69 Pro,T
Mito A67,T
Mito_A35,T
Mix,T
Mix3,T
MixTab Pro,T
MixTab Pro 2,T
Mix_Plus,T
MoGo,T
MoGo Pro,T
Mobell S50,T
MobiGo2,T
MobiGo2L,T
MobiGo2P,T
MobiGo2PP,T
MobiPrint4_Plus,T
Mobicel Mercury,T
Mobicel P12 Plus,T
Mobicel_F42,T
Mobicel_P9,T
Mobicel_R1,T
Mobicel_R6,T
Mobicel_Z6,T
Mobiistar Zumbo J2,T
Mobiistar_Zumbo_J2,T
Mobile POS,T
Mobile Sosh,T
Mobile360 IVT01,T
MobileMapper50_4G,T
MobileMapper50_WiFi,T
MobileMapper6,T
MobileMapper60,T
MobileMapper60_2,T
Mobile_Smart_Screen,T
Mobility3G,T
Mobitab10_S3_32GB,T
Mobiwire Verda,T
Moby-M100,T
Moby-M120,T
Moby-M70,T
Model 10,T
Model 2,T
Model 3,T
Model 4,T
Model 5,T
Model 6,T
Model 6 Pro,T
Model 6 Pro Max,T
Model 6s,T
Model A,T
Model D,T
Model E,T
Model E 4G,T
Model K,T
Model K 4G,T
Model One,T
Model S,T
Model S 4G,T
Model S Ultra 4G,T
Model T,T
Model T1,T
Model T2,T
Model X,T
Model Y,T
Model-6-Pro-Max-4G,T
Model_6_4G,T
Model_6_Pro_Max_4G,T
Model_6_pro_4G,T
Model_7,T
Model_T_4G,T
Model_X_4G_A,T
Mogo Pro Plus,T
Moja TV,T
Moka_Prime,T
Mollie Tap,T
Mollie Tap EEA,T
Momodesign MD Droid,T
Mone,T
Monex4KAndroidTV,T
Monsterpad 3G,T
Monsterpad7,T
Monterra,T
Moov Smart Max,T
Moov Smart Pro,T
Moova-Soul,T
MoovaShuffle,T
More_3,T
MotionE11,T
Moto 360,T
Moto C,T
Moto C Plus,T
Moto E,T
Moto E (4),T
Moto E (4) Plus,T
Moto G (4),T
Moto G (5),T
Moto G (5) Plus,T
Moto G (5S),T
Moto G (5S) Plus,T
Moto G Play,T
Moto X Play,T
Moto X Pro,T
Moto Z (2),T
Moto Z2 Play,T
Moto Z3 Play,T
MotoA953,T
MotoE2,T
MotoE2(4G-LTE),T
MotoG3,T
MotoG3-TE,T
MotoMB511,T
MotoroiX,T
Motorola Defy,T
Motorola Electrify,T
Motorola MOT-XT681,T
Motorola Titanium,T
Motorola XT720,T
Motorola-XT502,T
MotorolaTV,T
Motorola_HS1,T
Mountain M8,T
MouveTab7WIFI,T
Movado Connect,T
Movado Connect 2,T
Movi Projector Phone,T
Movic F4501,T
Movistar Express,T
Movistar Link,T
Movistar Motion,T
Movistar Prime,T
Movitel M8410,T
Movitel_M9104,T
Movix,T
Movix Go,T
Movix Pro,T
Movix Pro Voice,T
Mozart,T
Mstick4,T
Mstick4-EEA,T
Msuper,T
Mtag 353,T
Mtwo,T
Multi smart TV,T
Multilaser Android TV,T
Multilaser H,T
Multilaser_E,T
Multilaser_E_2,T
Multilaser_E_Lite,T
Multilaser_E_Pro,T
Multilaser_Elite_2,T
Multilaser_F,T
Multilaser_F2,T
Multilaser_F_Max_2,T
Multilaser_F_Pro,T
Multilaser_F_Pro_2,T
Multilaser_G,T
Multilaser_GMAX_2,T
Multilaser_GMAX_2_Payjoy,T
Multilaser_GMax_2,T
Multilaser_GMax_2_Sikur,T
Multilaser_GPRO2,T
Multilaser_G_2,T
Multilaser_G_3,T
Multilaser_G_Max,T
Multilaser_G_Max_2_SE_128,T
Multilaser_G_Max_2_SE_64,T
Multilaser_G_Pro,T
Multilaser_G_Pro_3,T
Multilaser_G_Pro_3S,T
Multilaser_G_VIVO,T
Multilaser_H_5G,T
Multimedia_Megaaudio,T
MundoGoTV,T
MusicPAD,T
Mx Smart,T
Mx6,T
My-10-13-1,T
MyPhone UNO,T
MyPhone my28S,T
MyPhone my28S DTV,T
MyPhone my71 DTV,T
MyPhone my72 DTV,T
MyPhone my73 DTV,T
MyPhone my75 DTV,T
MyPhone my77 DTV,T
MyPhone my81 DTV,T
MyPhone my85 DTV,T
MyPhone my87 DTV,T
MyPhone my88 DTV,T
MyPhone my89 DTV,T
MyPhone my91 DTV,T
MyPhone my92 DTV,T
MyPhone my93 DTV,T
MyPhone my95 DTV,T
MyPhone my96 DTV,T
MyPhone_my76 DTV,T
MyPhone_my86_DTV,T
MyTab_A8,T
My_Star_X,T
My_star_18,T
My_star_19,T
Myco 4 Cellular Wi-Fi,T
Myco 4 Cellular Wi-Fi EEA,T
Myco 4 DECT Wi-Fi,T
Myco 4 DECT Wi-Fi EEA,T
Myco 4 Slim,T
Myco 4 Slim Cellular Wi-Fi,T
Myco 4 Slim Cellular Wi-Fi EEA,T
Myco 4 Slim EEA,T
Myco 4 Wi-Fi,T
Myco 4 Wi-Fi EEA,T
MyoTab10,T
Myria L500,T
Myria_FIVE,T
Myria_Grand_4G,T
Myria_L550,T
Myria_L600,T
Myria_Wide_2,T
Myria_Wide_4G,T
N,T
N-01D,T
N-02E,T
N-03E,T
N-04C,T
N-04D,T
N-04E,T
N-05D,T
N-05E,T
N-06C,T
N-06D,T
N-06E,T
N-07D,T
N-08D,T
N-45,T
N-45 light,T
N-50,T
N-57,T
N-60,T
N02,T
N02_A,T
N02_Pro,T
N02_ProA,T
N05 PRO,T
N1,T
N1-552 Skyline,T
N1-570 Space,T
N10,T
N10-EEA,T
N100,T
N101B,T
N101C,T
N107,T
N107-EEA,T
N10_EEA,T
N11,T
N11A,T
N1374DL,T
N15,T
N150DL,T
N151DL,T
N152DL,T
N155DL,T
N156DL,T
N159V,T
N16,T
N169,T
N17,T
N180i,T
N1T,T
N1W,T
N1_550_Cruiser,T
N20,T
N20Pro,T
N210,T
N2138,T
N2301,T
N2401,T
N2500,T
N271,T
N28,T
N28 Pro,T
N280,T
N280i,T
N281,T
N3,T
N3-2200,T
N30,T
N30E,T
N310,T
N36s,T
N370,T
N380,T
N380_EEA,T
N380i,T
N4,T
N405,T
N40Pro,T
N410,T
N470,T
N4L,T
N4MAX,T
N4plus,T
N5,T
N50,T
N50 Plus,T
N5001L,T
N5002L,T
N5002W,T
N5005L,T
N503,T
N504,T
N50Pro,T
N50S,T
N51,T
N5110,T
N5111,T
N5116,T
N5117,T
N52,T
N5206,T
N5207,T
N5209,T
N53,T
N54,T
N55,T
N55 Plus,T
N55 Pro,T
N5501L,T
N5502L,T
N551,T
N552,T
N55S,T
N56,T
N56 Max,T
N56 Plus,T
N56 Pro,T
N570,T
N5702L,T
N5704L,T
N5L,T
N6,T
N6000,T
N6000 SE,T
N6001L,T
N601,T
N60Pro,T
N62,T
N6201L,T
N630,T
N635,T
N635_8,T
N650,T
N6501L,T
N6504L,T
N6505L,T
N651,T
N672,T
N685,T
N7,T
N70,T
N720,T
N722,T
N7526,T
N76,T
N762,T
N765_APT,T
N790,T
N799D,T
N8,T
N8 KIDS,T
N800,T
N8000_USA_Cricket,T
N8000_USA_RS,T
N8000_WHTE_CKT,T
N8010_APT,T
N803S,T
N810,T
N810 i7,T
N817,T
N818,T
N818S,T
N8300_Reliance,T
N8301,T
N8303,T
N850,T
N850L,T
N855D,T
N860,T
N861,T
N868,T
N8730-411,T
N8730-41101,T
N8730-41102,T
N880,T
N8_EEA,T
N8_Plus,T
N90,T
N9100,T
N9101,T
N9106H-B,T
N9106H-C,T
N9106H_B,T
N9109M,T
N9119M,T
N9130,T
N9131,T
N9132,T
N9136,T
N9137,T
N9180,T
N918St,T
N919D,T
N940Sc,T
N950,T
N9500,T
N9510,T
N9515,T
N9516,T
N9517,T
N9518,T
N9519,T
N9520,T
N9521,T
N9560,T
N958St,T
N9600,T
N97_A1B_72115,T
N97_A1_3796,T
N9810,T
N9835,T
N986,T
N986+,T
N986D,T
NA3615,T
NAA-LX2,T
NAA-LX2P,T
NAA-LX3,T
NABI2-NV7A,T
NAKAMICHI GOOGLE TV,T
NAKAMICHI GOOGLE TV 4K,T
NAOMIPHONE Ambar,T
NASA ONE,T
NASCO_Allure,T
NASCO_Allure_Plus,T
NAT611,T
NATIVO,T
NAUTIZ_X2,T
NAUTIZ_X6,T
NAUTIZ_X6P,T
NAV,T
NAV X1,T
NAVITEL T700 3G NAVI,T
NAVITEL T700 3G PRO,T
NAVITEL T707 3G,T
NAVITEL_T757LTE,T
NAVITEL_T797_4G,T
NAVON F552,T
NB RunIQ,T
NB07,T
NB09,T
NB1022,T
NB106M,T
NB108,T
NB32-Gen2,T
NB55,T
NB7022S,T
NB753,T
NB754,T
NB76,T
NB7850S,T
NB851,T
NB871,T
NB961,T
NBCGGP01,T
NBDVDTAB9,T
NBFP07PMKG,T
NBP-65,T
NBP-75,T
NBTB101,T
NBTB102,T
NBTY07SMKG,T
NBX-T7014,T
NB_65P1D_WW_X,T
NB_XXE1D_AM_W,T
NB_XXPXX_XX_X,T
NC1000,T
NCE-AL00,T
NCE-AL10,T
NCE-TL10,T
ND52-Gen2,T
NDL-L03,R
NDL-L09,R
NDL-W09,R
NDL2-L03,R
NDL2-L09,R
NDL2-W09,R
NE-103T,T
NE-202,T
NE001A_series,T
NE001_series,T
NE2210,T
NE2211,T
NE2213,T
NE2215,T
NE2217,T
NE501J,T
NEBULAE,T
NEBUPOS3,T
NEC PC-TS508FAM,T
NEC-101S,T
NEC-101T,T
NEC-102,T
NEC-NE-201A1A,T
NEC-STR,T
NEC909e,T
NEM-AL10,T
NEM-L21,T
NEM-L22,T
NEM-L51,T
NEM-TL00,T
NEM-TL00H,T
NEM-UL10,T
NEO,T
NEO 5,T
NEO PRO MAX,T
NEO [Reloaded],T
NEO-AL00,T
NEO-L29,T
NEO10-1,T
NEO2024,T
NEO7-1,T
NEO7-2,T
NEO8-1,T
NEOCORE-E2S,T
NEOCORE_E2,T
NEON LITE,T
NEON PLUS,T
NEON RAY 2,T
NEONHD/NEONGo,T
NEON_NOVA,T
NEON_RAY,T
NEON_RAY_PRO,T
NEON_SKY,T
NEON_STREAM,T
NEON_VISION,T
NEOS,T
NEOSC600,T
NEOSR620,T
NEOTab_A10,T
NEO_1,T
NEO_6,T
NEO_9,T
NEO_Mini,T
NEP N1,T
NET ALPHA,T
NET HIT,T
NETTV,T
NETWORK,T
NET_ADVANCE,T
NET_G,T
NET_K7,T
NET_K7_PLUS,T
NET_LITE,T
NET_MATRIX,T
NET_MAX,T
NET_ONE,T
NET_R7,T
NET_S,T
NET_TITAN,T
NET_VOLT,T
NET_X2,T
NET_Y,T
NEW 10,T
NEW 11,T
NEW 15,T
NEW 15 Pro,T
NEW 16 PRO,T
NEW 17,T
NEW 20,T
NEW 24,T
NEW 25,T
NEW 26,T
NEW 26 Lite,T
NEW 5,T
NEW 7,T
NEW9310Pro,T
NEW9830,T
NEXG N25,T
NEXG N26,T
NEXG N27,T
NEXG N71,T
NEXG N71 Plus,T
NEXG N72,T
NEXG N73,T
NEXG N74,T
NEXG N75,T
NEXG N77,T
NEXG N8,T
NEXG N9,T
NEXO TAB 10A,T
NEXO TAB 70,T
NEXO_TAB_10,T
NEXT,T
NEXT P+,T
NEXT SMART TV,T
NEXT U,T
NEXTSTAR SMART TV,T
NEXT_P,T
NFTM-LAR,T
NFTM-MED,T
NFTM-SMA,T
NFTM-XSMA,T
NGM M500,T
NGM Orion,T
NGM P503,T
NGM P550,T
NGM Vanity Smart,T
NGM_Dynamic_Stylo,T
NGamer,T
NIC-LX1,T
NIC-LX2,T
NIC-LX3,T
NIC-LX3P,T
NICKEL,T
NID-1009,T
NID-1020,T
NID-1021,T
NID-1050,T
NID-1055,T
NID-1056,T
NID-7011,T
NID-7019,T
NID-7020,T
NID-7021,T
NID-7022,T
NID-7055,T
NID-7056,T
NID-9009,T
NID_1070,T
NID_7010,T
NII Nextel,T
NITRO A55,T
NITRO A65,T
NITRO G56,T
NITRO N6,T
NITRO N62,T
NITRO N65,T
NITRO N67,T
NITRO_G55,T
NITRO_N68,T
NLA-LX1,T
NLA-LX2,T
NLA-LX2P,T
NLA-LX3,T
NLA-NX1,T
NLA-NX3,T
NLE,T
NLS-MT65,T
NLS-MT67,T
NLS-MT90,T
NLS-MT93,T
NLS-MT95,T
NLS-N7,T
NLS-NFT10,T
NLS-NQuire,T
NLS-SD100P,T
NM-NETPAD7,T
NM-VELOCITY,T
NM_PADPRO,T
NM_VISION,T
NOATAB,T
NOA_N8,T
NOBA,T
NOBU A55 PRO,T
NOBU_A55_PRO,T
NOGAPAD101GHD,T
NOGAPAD101XTREME,T
NOGAPAD7G,T
NOS FIVE,T
NOS NEVA 80,T
NOS NOVU,T
NOS NOVU II,T
NOS NOVU III,T
NOS Roya,T
NOS SLIM,T
NOTE 10,T
NOTE 12P,T
NOTE 14,T
NOTE 15P,T
NOTE 16,T
NOTE 20,T
NOTE 20 PRO,T
NOTE 23,T
NOTE 24,T
NOTE 30,T
NOTE 40,T
NOTE 4CAM,T
NOTE 50,T
NOTE 5G,T
NOTE 60,T
NOTE 7,T
NOTE 7P,T
NOTE 8,T
NOTE 80,T
NOTE 9,T
NOTE S8 4G,T
NOTE TK02,T
NOTE1,T
NOTE2,T
NOTEXPRO,T
NOTE_80,T
NOVA,T
NOVA 6.5,T
NOVA 70,T
NOVA 70PRO,T
NOVA 70S,T
NOVA 70SE,T
NOVA 70i,T
NOVA 80,T
NOVA 80A,T
NOVA 80Pro,T
NOVA 80i,T
NOVA P3,T
NOVA2024,T
NOVA60,T
NOVA60 i,T
NOVAT-10,T
NOVA_10,T
NOVA_7,T
NOVUS TAB,T
NOVUS65_TG06,T
NOVUS65_TG07,T
NOVUS_PRO,T
NP-752,T
NP-752Go,T
NP-852,T
NP-855,T
NP01J,T
NP02J,T
NP03J,T
NP05J,T
NP6050,T
NP6070,T
NP6070_ADV,T
NQT-1013GIQ,T
NQT-1014GIQ,T
NQT-1014GIQA,T
NQT-73GIQ,T
NQT-73GIQ11,T
NQT-7W,T
NS 2K SmartTV,T
NS-13T001,T
NS-14T002,T
NS-14T004,T
NS-15AT07,T
NS-15AT08,T
NS-15AT10,T
NS-15T8LTE,T
NS-P08A7100,T
NS-P10A6100,T
NS-P10A7100,T
NS-P10A8100,T
NS-P10A8100K,T
NS-P11A8100,T
NS-P16AT08,T
NS-P16AT10,T
NS-P16AT785HD,T
NS5002,T
NS5005,T
NS5008,T
NS5502,T
NS65,T
NS68,T
NSTV,T
NSTV FF,T
NSZ-GS7/GX70,T
NSZ-GU1,T
NT-01,T
NT-1714,T
NT-1716,T
NT-P70,T
NT-S10,T
NT-T710,T
NT01,T
NTH-NX9,T
NTMC17,T
NTN-L22,T
NTN-LX1,T
NTN-LX3,T
NTS-AL00,T
NUU_A1,T
NUU_A3,T
NUU_A3L,T
NUU_M2,T
NUU_M3,T
NUU_X5,T
NV10,T
NV10S,T
NV8,T
NW-A100Series,T
NW-A300Series,T
NW-WM1AM2,T
NW-WM1ZM2,T
NW-Z1000Series,T
NW-ZX500Series,T
NW-ZX700Series,T
NW1,T
NW1495T,T
NW1495T_EEA,T
NWD_G5,T
NWZ-Z1000Series,T
NX-20PRO1,T
NX007HD,T
NX008HD8G,T
NX008HI,T
NX1,T
NX16A10132S,T
NX16A10132SPS,T
NX16A11264,T
NX16A8116K,T
NX16A8116KP,T
NX21EE,T
NX401,T
NX402,T
NX403A,T
NX404H,T
NX405H,T
NX406E,T
NX40X,T
NX40X_APT,T
NX501,T
NX501_APT,T
NX503A,T
NX503A_Z4,T
NX503J,T
NX505J,T
NX506J,T
NX507H,T
NX507J,T
NX508J,T
NX510J,T
NX511J,T
NX511J_V3,T
NX512J,T
NX513J,T
NX521J,T
NX523J_V1,T
NX527J_V1,T
NX529J,T
NX531J,T
NX535J,T
NX541J,T
NX549J,T
NX551J,T
NX563J,T
NX569J,T
NX573J,T
NX575J,T
NX589J,T
NX591J,T
NX595J,T
NX597J,T
NX601J,T
NX606J,T
NX607J,T
NX608J,T
NX609J,T
NX612J,T
NX619J,T
NX627J,T
NX629J,T
NX651J,T
NX659J,T
NX666J,T
NX667J,T
NX669J,T
NX679J,T
NX679S,T
NX700QC,T
NX701J,T
NX702J,T
NX703J,T
NX709J,T
NX709S,T
NX711J,T
NX712J,T
NX713J,T
NX721J,T
NX724J,T
NX725J,T
NX729J,T
NX732J,T
NX733J,T
NX736J,T
NX737J,T
NX741J,T
NX769J,T
NX779J,T
NX785QC,T
NX785QC8G,T
NX789J,T
NX799J,T
NX8,T
NX809J,T
NX907J,T
NXA101LTE116,T
NXA116QC164,T
NXA8LTE116,T
NXA8QC116,T
NXT-AL10,T
NXT-CL00,T
NXT-DL00,T
NXT-L09,T
NXT-L29,T
NXT-TL00,T
NXW_GB86_13UP,T
NYX_A1,T
NYX_HIT,T
NYX_SHADE,T
Nanho_T775,T
Nano 2K SMART TV,T
Nano 4K SMART TV,T
Nano 4K Smart TV,T
Nano Android TV,T
Nano FHD Android TV,T
Nano UHD Android TV,T
Nano6,T
Nautiz X2,T
Nautiz X21,T
Nautiz X41,T
Nautiz X6 Pro,T
Nautiz X81,T
Nautiz X9P,T
Nautiz_X9,T
Navo S,T
Navo_P,T
Navo_QS,T
Navon Orpheus 3G,T
Navon Supreme Pure,T
NavonOrpheus3G2020,T
Navon_Infinity,T
Navon_SPT1100,T
Nebula,T
Neffos A5,T
Neffos C5,T
Neffos C5 Max,T
Neffos C5 Plus,T
Neffos C5a,T
Neffos C5s,T
Neffos C7,T
Neffos C7 Lite,T
Neffos C7s,T
Neffos C9 Max,T
Neffos C9s,T
Neffos N1,T
Neffos X1,T
Neffos X1 Lite,T
Neffos X1 Max,T
Neffos X20,T
Neffos X20 Pro,T
Neffos Y5,T
Neffos Y5 Lite,T
Neffos Y50,T
Neffos Y5L,T
Neffos Y5i,T
Neffos Y5s,T
Neffos Y6,T
Neffos Y7,T
Neffos_C7,T
Neffos_C7A,T
Neffos_C9,T
Neffos_C9A,T
Neffos_X9,T
Neffos_Y7,T
Neo,T
Neo 1,T
Neo 11,T
Neo 15 Ultra,T
Neo 4,T
Neo 4 Plus,T
Neo 5 Pro,T
Neo 8,T
Neo 8 Lite,T
Neo LTE,T
Neo Pro,T
Neo X,T
Neo X2,T
Neo-Tab-T606-Plus,T
NeoSmart5,T
NeoViu D1,T
Neo_Clempad_2021,T
Neo_Plus,T
Neon,T
Neon Smarta 2,T
Neon Smarta 2 H,T
Neon Smarta 2 K,T
Neon Smarta 2 T,T
Neon Smarta 3,T
Neon Storm,T
Neon Tab 11,T
Neon Ultra 2,T
Neon Ultra 2 M,T
Neon Ultra 2 TZ,T
Neon Ultra 3,T
Neostra-R10,T
Neostra-R10C,T
Neostra-R7,T
Net_Max_Go,T
Netphone 701,T
Netra,T
Netra_Lite,T
Netra_Plus,T
Neva Rise S1,T
New kids tablet,T
New10,T
NewPad 10,T
NewTab F1,T
Newline Q Pro Elite,T
Newline_Q_Pro_Elite,T
Newman N2,T
Newsday_A1,T
Newsday_A2,T
Newsday_E1,T
Newsday_N2+,T
NexaN5a,T
Nexo-TAB-7,T
Next Infinity,T
Next Infinity Plus,T
Next Infinity Pro,T
Next Infinity Quattro,T
Next7D12,T
Next7P12,T
NextSE,T
Next_P_PRO,T
Nextel V.35,T
Nextgear n1,T
Nexus,T
Nexus 10,T
Nexus 4,T
Nexus 5,T
Nexus 5X,T
Nexus 6,T
Nexus 6P,T
Nexus 7,T
Nexus 9,T
Nexus One,T
Nexus Player,T
Nexus S,T
Nexus S 4G,T
Ni4,T
NicatabletV3,T
Nile X,T
Nimbus 9,T
Nitro,T
Nitro 4N LTE,T
Nitro 4s LTE,T
Nitro 5 GO,T
Nitro 55A,T
Nitro 55C,T
Nitro 55E,T
Nitro 55N,T
Nitro 55Q,T
Nitro 5C,T
Nitro 5P,T
Nitro 8,T
Nitro2,T
Nitro_4X,T
Nitro_55R,T
Nitro_5N,T
Nitro_5R,T
Nitro_5X,T
Nitro_7Q,T
Nitro_Phablet_9s,T
Niu 2,T
Nobby S300,T
Nobby S300 Pro,T
Nobby S400,T
Nobby S500,T
Nobby X800,T
Nobby X800 Pro,T
NoblexTV,T
Noir A1,T
Noir A1 lite,T
Noir X,T
Noir X1S,T
Nokia 1,T
Nokia 1 Plus,T
Nokia 1.3,T
Nokia 1.4,T
Nokia 2,T
Nokia 2 V,T
Nokia 2 V Tella,T
Nokia 2.1,T
Nokia 2.2,T
Nokia 2.3,T
Nokia 2.4,T
Nokia 3 V,T
Nokia 3.1,T
Nokia 3.1 A,T
Nokia 3.1 C,T
Nokia 3.1 Plus,T
Nokia 3.2,T
Nokia 3.4,T
Nokia 4.2,T
Nokia 5.1,T
Nokia 5.1 Plus,T
Nokia 5.3,T
Nokia 5.4,T
Nokia 6.1,T
Nokia 6.1 Plus,T
Nokia 6.2,T
Nokia 7 plus,T
Nokia 7.1,T
Nokia 7.2,T
Nokia 8 Sirocco,T
Nokia 8 V 5G UW,T
Nokia 8.1,T
Nokia 8.3 5G,T
Nokia 9,T
Nokia C01 Plus,T
Nokia C02,T
Nokia C1,T
Nokia C1 2nd Edition,T
Nokia C1 Plus,T
Nokia C10,T
Nokia C100,T
Nokia C110,T
Nokia C12,T
Nokia C12 Plus,T
Nokia C12 Pro,T
Nokia C2,T
Nokia C2 2nd Edition,T
Nokia C2 Tennen,T
Nokia C20,T
Nokia C20 Plus,T
Nokia C200,T
Nokia C21,T
Nokia C21 Plus,T
Nokia C210,T
Nokia C22,T
Nokia C3,T
Nokia C30,T
Nokia C300,T
Nokia C31,T
Nokia C32,T
Nokia C5 Endi,T
Nokia G10,T
Nokia G100,T
Nokia G11,T
Nokia G11 Plus,T
Nokia G20,T
Nokia G21,T
Nokia G22,T
Nokia G310 5G,T
Nokia G400 5G,T
Nokia G42 5G,T
Nokia G50,T
Nokia G60 5G,T
Nokia Streaming Box 8000,T
Nokia Streaming Box 8010,T
Nokia Streaming Stick 800,T
Nokia T10,T
Nokia T20,T
Nokia T21,T
Nokia X10,T
Nokia X100,T
Nokia X20,T
Nokia X30 5G,T
Nokia X5,T
Nokia X6,T
Nokia X7,T
Nokia X71,T
Nokia XR20,T
Nokia XR21,T
Nomad 5,T
Nomi C070011,T
Nomi C080010 Libra2,T
Nomi i5071,T
Nomi i6030,T
Nomi_C070012,T
Nomi_C070014,T
Nomi_C070014L,T
Nomi_C070030,T
Nomi_C070034,T
Nomi_C070044,T
Nomi_C080012,T
Nomi_C080014,T
Nomi_C080034,T
Nomi_C101012,T
Nomi_C101014,T
Nomi_C101030,T
Nomi_C101034,T
Nomi_C101040,T
Nomi_C101044,T
Nomi_i4500,T
Nomi_i5001,T
Nomi_i5511,T
Nomi_i5710,T
Nomi_i5730,T
Nopal,T
Note 1,T
Note 10,T
Note 10P,T
Note 11P,T
Note 12,T
Note 12 EF,T
Note 12E,T
Note 12P,T
Note 12Pro,T
Note 13,T
Note 13 Max,T
Note 13 Pro,T
Note 13P,T
Note 14,T
Note 15,T
Note 15 Pro,T
Note 16,T
Note 16 Pro,T
Note 17 Pro,T
Note 18,T
Note 18 GT,T
Note 18 Pro,T
Note 18 Ultra,T
Note 19,T
Note 19 Pro,T
Note 20,T
Note 20 Pro,T
Note 21,T
Note 22,T
Note 23,T
Note 30 pro,T
Note 50 Pro Max,T
Note 56,T
Note 58,T
Note 59,T
Note 6,T
Note 6P,T
Note 6T,T
Note 70,T
Note 7T,T
Note 8,T
Note 80 Ultra,T
Note 8P,T
Note 9P,T
Note13,T
Note3,T
Note4,T
Note56 Lite,T
Note56 Plus,T
Note56 Pro,T
Note56 X,T
Note56 X Lite,T
Note56X Pro,T
Note58 Pro,T
Note59 Pro,T
Note59 Pro+,T
Note9,T
NotePad_101_B,T
NotePad_101_B_EEA,T
NotePad_102,T
NotePad_Y80,T
NoteTab_Pro,T
Note_11_Pro,T
Note_16_Pro,T
Note_1C,T
Note_1_Lite,T
Note_1_Pro,T
Note_25,T
Note_25_ULTRA,T
Note_3_Pro,T
Note_4CAM,T
Note_5,T
Note_7P,T
Note_7_Pro,T
Notepad 102,T
Notepad-K10,T
Notepad_Go_801,T
Notepad_Go_801_EEA,T
Notepad_Go_803,T
Notrino,T
Nova,T
Nova Pro,T
NovaTab_R10,T
Nova_10,T
Nova_10_Pro_4G,T
Nova_10in,T
Nova_4G,T
Nova_N1,T
Nova_Phab_M9,T
Novus_65,T
Now,T
Now TV Android TV 3103A,T
Npad S1,T
Npad X1,T
Npad Y1,T
Npad99,T
NpadAir,T
NpadQ,T
NpadS,T
NpadSE,T
NpadY,T
NpadY1,T
Npadplus,T
Nu60,T
Nu65,T
Nu70,T
Nubia 4010,T
Nubia 6010,T
Nubia 8011,T
Nubia 8031,T
Nubia N11,T
Nubia N40,T
Nura 2,T
Nustar65,T
Nuvola NP-1,T
O-0202,T
O1 Icon,T
O1 Neo,T
O2,T
O3,T
O4S23,T
O51,T
O61,T
O7,T
O71,T
O8,T
O9,T
OA-DUNE,T
OA-SAHARA,T
OASTN_9301,T
OAS_9301,T
OB-1021,T
OB-627,T
OB-728,T
OB-A98,T
OB-A99,T
OB-P08,T
OB-P10,T
OB-P12,T
OBASMART_3,T
OBA_Conecta_Max,T
OBI MV1,T
OBOX4k.20,T
OB_421,T
OB_588,T
OB_627,T
OB_628,T
OC101,T
OC1020A,T
OC106,T
OCTA,T
OCTA-T700M-T2,T
ODIN,T
ODYSSEY,T
OE1,T
OK 2K Android TV,T
OK 4K Android TV,T
OK Google TV,T
OK6000 Plus,T
OKC8 4G,T
OKT1,T
OKT3,T
OLYMPIA Neo_Mini+,T
OM-A86,T
OMEGA 3,T
OMEGA HD 3S,T
OMIX X300,T
OMIX X500,T
OMIX X700,T
OMS55R24B,T
ONA19TB002,T
ONA19TB003,T
ONA19TB007,T
ONC,T
ONE,T
ONE A2003,T
ONE E1003,T
ONE Lite,T
ONE PRO,T
ONE TOUCH 4007A,T
ONE TOUCH 4007D,T
ONE TOUCH 4007E,T
ONE TOUCH 4007X,T
ONE TOUCH 4011X,T
ONE TOUCH 4015A,T
ONE TOUCH 4015D,T
ONE TOUCH 4015N,T
ONE TOUCH 4015X,T
ONE TOUCH 4015X-orange,T
ONE TOUCH 4016A,T
ONE TOUCH 4032A,T
ONE TOUCH 4033A,T
ONE TOUCH 4033D,T
ONE TOUCH 4033E,T
ONE TOUCH 4033X,T
ONE TOUCH 5036X,T
ONE TOUCH 6012A,T
ONE TOUCH 6012D,T
ONE TOUCH 6012E,T
ONE TOUCH 6012X,T
ONE TOUCH 8020D,T
ONE TOUCH 960C,T
ONE TOUCH 983,T
ONE TOUCH C505C,T
ONE TOUCH E710,T
ONE TOUCH EVO7HD,T
ONE TOUCH EVO8HD,T
ONE TOUCH IDOL MINI,T
ONE TOUCH P310A,T
ONE TOUCH TAB 7,T
ONE TOUCH TAB 7HD,T
ONE TOUCH TAB 8HD,T
ONEPLUS A3000,T
ONEPLUS A5000,T
ONEPLUS A5010,T
ONEPLUS A6000,T
ONEPLUS A6003,T
ONEPLUS A6010,T
ONEPLUS A6013,T
ONEPro,T
ONE_TOUCH_960C,T
ONE_TOUCH_PIXI3,T
ONE_TOUCH_PIXI3D,T
ONEtv,T
ONI41F,T
ONI65P,T
ONIX,T
ONIX S,T
ONT2HD,T
ONVO TV,T
ONYX,T
OP110,T
OPD2101,R
OPD2102,R
OPD2102A,T
OPD2201,R
OPD2202,R
OPD2203,R
OPD2302,R
OPD2303,R
OPD2304,R
OPD2401,R
OPD2402,R
OPD2403,R
OPD2404,T
OPD2405,R
OPD2406,R
OPD2407,R
OPD2409,R
OPD2413,T
OPD2415,R
OPD2417,R
OPD2419,R
OPD2420,R
OPD2480,R
OPD2481,R
OPD2501,R
OPD2502,R
OPD2503,R
OPD2504,R
OPD2505,R
OPD2506,R
OPD2508,T
OPD2510,R
OPD2511,R
OPD2513,T
OPD2514,R
OPD2515,T
OPD2601,R
OPEN_PRO,T
OPG01,T
OPG02,T
OPG03,T
OPG04,T
OPG05,T
OPG07,T
OPG08,T
OPOR,T
OPPO A33m,T
OPPO A35,T
OPPO A37,T
OPPO A37m,T
OPPO A37t,T
OPPO A37tm,T
OPPO A39,T
OPPO A39m,T
OPPO A39t,T
OPPO A39tm,T
OPPO A53,T
OPPO A53m,T
OPPO A57,T
OPPO A57t,T
OPPO A59,T
OPPO A59m,T
OPPO A59s,T
OPPO A59st,T
OPPO A59t,T
OPPO A59tm,T
OPPO A73,T
OPPO A73t,T
OPPO A77,T
OPPO A77t,T
OPPO A79,T
OPPO A79k,T
OPPO A79kt,T
OPPO A79t,T
OPPO A83,T
OPPO A83t,T
OPPO CPH1605,T
OPPO R11,T
OPPO R11 Plus,T
OPPO R11 Plusk,T
OPPO R11 Pluskt,T
OPPO R11 Plust,T
OPPO R11s,T
OPPO R11s Plus,T
OPPO R11s Plust,T
OPPO R11st,T
OPPO R11t,T
OPPO R7,T
OPPO R7s,T
OPPO R7sPlus,T
OPPO R9,T
OPPO R9 Plus A,T
OPPO R9 Plusm A,T
OPPO R9 Plust A,T
OPPO R9 Plustm A,T
OPPO R9k,T
OPPO R9km,T
OPPO R9m,T
OPPO R9s,T
OPPO R9s Plus,T
OPPO R9s Plust,T
OPPO R9sPlus,T
OPPO R9sk,T
OPPO R9skt,T
OPPO R9st,T
OPPO R9t,T
OPPO R9tm,T
OPS-8195A-3-V0,T
OPS-A1,T
OPS-A2,T
OPS_3576,T
OPS_A012_D,T
ORBIT TAB 7,T
ORBIT Y12,T
ORBIT Y13,T
ORBIT Y70,T
ORBIT Y70c,T
ORBIT_67_TG06,T
ORBIT_MAX,T
ORCA FHD Android TV,T
ORCA UHD Android TV,T
ORCATAB WT1_WT1 Pro,T
ORCATAB_WT1_WT1Pro,T
OREO,T
ORINOQUIA Auyantepui+Y221-U03,T
ORION,T
ORION E1,T
ORION E1 PLUS,T
ORION PLUS TAB 10,T
ORION SMART TV,T
ORION_TG05,T
ORION_TG07,T
ORSY_Controller,T
OSIDDV1,T
OT-310,T
OT-990C,T
OT11,T
OT12,T
OT13,T
OT15,T
OT16,T
OT19,T
OT5,T
OT5 S,T
OT6,T
OT6 Kids,T
OT6 Pro,T
OT7,T
OT8,T
OT9,T
OTH-100,T
OTOT_E1,T
OTT,T
OTT Xview AV1,T
OTT Xview+ AV1,T
OTT-01,T
OTT-G1,T
OTTO CR05,T
OTTTAB2,T
OTTTAB3,T
OUKITEL C1,T
OUKITEL C1 Plus,T
OUKITEL C1 Pro,T
OUKITEL C1 plus,T
OUKITEL C2,T
OUKITEL C3,T
OUKITEL C5,T
OUKITEL G3,T
OUKITEL G5,T
OV-Qualcore-1023-3G,T
OV-Qualcore-7023-3G,T
OV10273G,T
OV10274G,T
OV2219,T
OVION_V8_LITE,T
OWN FUN 5(4G),T
OWN FUN 6,T
OWN FUN 7,T
OWN One Plus,T
OWN S3010,T
OWN S3010D,T
OWN S4010,T
OWN S5010,T
OWN S5030,T
OWN SMART 9,T
OWN-I62S,T
OWN_S4025,T
OX7A,T
OX7S,T
OXYGEN UHD Android TV,T
OX_X1,T
OYYUT11,T
Oba_Conecta_4G,T
Obi MV1,T
Ocean 6,T
Ocean F8,T
Ocean K10,T
Ocean K11 Pro Plus,T
Ocean K8,T
Ocean K8 Pro,T
Ocean9L,T
Ocean_8,T
Ocean_9,T
Ocilion-p610,T
Octopus A83 CT4,T
Octopus_One,T
Odin3,T
Odyssey TA4E1M01,T
Okapi Rambo,T
Okapi stone,T
Okapi10,T
Okapi10 Pro,T
Okapi10 Pro Max,T
Okapi10 Sec,T
Okapi10_S,T
Okapi10_Simple,T
Okapi16 Rombo Ultra,T
Okapi_Tab6,T
Okapi_Tab8,T
Olive 2K Android TV,T
Olive 4K Android TV,T
Omega 8,T
Omega HD 3,T
Omega HD 5,T
Omega Icon 2,T
Omega Icon Lite 2,T
Omega Lite 3s,T
Omega Lite 4s,T
Omega X,T
Omega7,T
Omega8,T
Omega_HD_4,T
Omega_HD_Duo,T
Omega_Lite_3C,T
Omni8,T
OmniPad 12,T
Omnis One,T
Omotab 2s,T
Omotab2,T
One,T
One Max,T
One Pad,T
One Pro,T
OneLernDB009,T
OneLernDB010,T
OneScreen Wandr,T
OneScreen-OPS-LFA,T
OneStream-VSB-001,T
OneTabPro2,T
OneTabProMate,T
One_Mundial,T
Oneplus_Dosa_IN,T
Onliner4,T
Onyx,T
Onyx 2,T
Onyx 3,T
OnyxBoox II,T
Opal 4S,T
Opel Mobile SmartX6,T
OpelMobile_SmartJX,T
OpelMobile_SmartX1,T
Optim4G,T
Optima,T
Optima 10 A500S 3G TS1220PG,T
Optima 10 A501S 4G TS1221PL,T
Optima 10 A502 3G TS1245PG,T
Optima 10 E600 3G TS1246PG,T
Optima 10 X702 4G TS1228PL,T
Optima 10 Z802 4G TS1229PL,T
Optima 1022N 3G TS1184MG,T
Optima 1023N 3G TS1186MG,T
Optima 1024N 4G TT1188PL,T
Optima 1025N 4G TS1190ML,T
Optima 1026N 3G TT1192PG,T
Optima 1027N 3G TT1236PG,T
Optima 1028 3G TS1215PG,T
Optima 1200B TS1266RW,T
Optima 1245C 4G,T
Optima 1411D 4G TS1273PL,T
Optima 1440E 4G TS1269PL,T
Optima 7 A100S 3G TS7222PG,T
Optima 7 A101 3G TT7223PG,T
Optima 7 A102 3G TS7243PG,T
Optima 7 E200 3G TS7244PG,T
Optima 7 X700 4G TS7224PL,T
Optima 7 Z800 4G TS7225PL,T
Optima 7016N 3G TS7175MG,T
Optima 7017N 3G TS7177MG,T
Optima 7018N 4G TS7179ML,T
Optima 8 X701 4G TS8226PL,T
Optima 8 Z801 4G TS8227PL,T
Optima 8019N 4G TS8182ML,T
Optima 8258C 4G TS8275ML,T
Optima Kids 7 TS7203RW,T
Optima Prime 4 3G TT7174PG,T
Optima Prime 5 3G TS7198PG,T
Optima_8027_3G_TS8211PG,T
Optima_Prime_3_3G_TS7131MG,T
Optimus Barcelona,T
Optimus San Francisco,T
Optimus Zali,T
Optimus_Madrid,T
Optimus_San_Remo,T
Optus X Start,T
Opus S3,T
Orange Covo,T
Orange Daytona,T
Orange Dive 30,T
Orange Dive 50,T
Orange Dive 71,T
Orange Dive 73,T
Orange ES VSB3918,T
Orange Gova,T
Orange Hi 4G,T
Orange Hiro,T
Orange Infinity 8008X,T
Orange Kivo,T
Orange Kova one,T
Orange Mahpee,T
Orange Monte Carlo,T
Orange Neva 80,T
Orange Neva jet,T
Orange Neva leaf,T
Orange Neva play,T
Orange Neva sparkle,T
Orange Neva start,T
Orange Neva zen,T
Orange Niva,T
Orange Nola XL,T
Orange Nola XL 2,T
Orange Nola fun,T
Orange Nola fun 3,T
Orange Nola play,T
Orange Nola play plus,T
Orange Nola ultra,T
Orange Nola up,T
Orange Novi,T
Orange Nura,T
Orange PL DIW377,T
Orange Reyo,T
Orange Rise 30,T
Orange Rise 34,T
Orange Rise 35,T
Orange Rise 40,T
Orange Rise 53,T
Orange Rise 54,T
Orange Rise 54 EEA,T
Orange Rise 54_Alcatel_5033D,T
Orange Rise 55,T
Orange Rise32,T
Orange Rono,T
Orange Roya,T
Orange Runo,T
Orange San Francisco,T
Orange Sanza plus,T
Orange Sanza touch,T
Orange Sego,T
Orange Tactile internet 2,T
Orange Tado,T
Orange V652L,T
Orange Yomi,T
Orange Yumo,T
Orange Zali,T
Orange-Dive72,T
Orange-Rise30,T
Orange-Rise31,T
Orange-Rise34,T
Orange-Rise51,T
Orange-Rise51B,T
Orange-Rise52,T
OrangeFive,T
Orange_Rise_33,T
Orange_Tab_7_4G,T
Orange_Tab_8_4G,T
Orb S,T
Orbit,T
Orbit M20,T
Orbit O1,T
Orbit O2,T
Orbit Y11,T
Orbit Y20,T
Orbit Y72,T
OrbitMall,T
OrbitWorld_Tablet,T
Orbit_ll,T
OrderGo 6,T
OrderGo5,T
OrderGo7,T
OrderPAD 3,T
OrientTV,T
Origin_1010,T
Origin_679,T
Origins Pro,T
Orinoquia Auyantepui Y210,T
Orinoquia Gran Roraima + S7-722u,T
Orinoquia Gran Roraima S7-702u,T
Orinoquia Roraima S7-932u,T
Orion,T
Orion Tab 8 4G,T
Orion_DS,T
Osmartphona,T
Osmartphona Tablet,T
Own One,T
Ox-p010-2,T
Oysters Pacific 800,T
P-01D,T
P-01K,T
P-02D,T
P-02E,T
P-03E,T
P-04D,T
P-05D,T
P-06D,T
P-07C,T
P-07D,T
P-Ranger,T
P-Ranger_ROW,T
P-Ranger_RU,T
P001,T
P001_2,T
P002,T
P008,T
P00A,T
P00C,T
P00I,T
P00L,T
P01M,T
P01MA,T
P01T,T
P01T_1,T
P01V,T
P01W,T
P01Y,T
P01Y_S,T
P01Z,T
P021,T
P022,T
P023,T
P024,T
P027,T
P028,T
P08,T
P08_T,T
P1,T
P1 Amateur,T
P1 Pro,T
P1+,T
P1-EEA,T
P10,T
P10 Kid,T
P10 Pro,T
P10-11,T
P10-21,T
P10/Q10/PTAB1040/PTAB1041,T
P100,T
P1000,T
P10000 Pro,T
P10000_Pro,T
P1001,T
P100S,T
P101,T
P101-EEA,T
P1010002,T
P102G,T
P1032X,T
P1035X,T
P1040X,T
P1050X,T
P1060X,T
P1061X,T
P107-EEA,T
P108,T
P108_R,T
P108_S,T
P108_T,T
P1095,T
P10A,T
P10HD_Lite,T
P10MAX,T
P10MAX2,T
P10PRO,T
P10Pro3,T
P10S,T
P10SE,T
P10SE_EEA,T
P10SE_ROW,T
P10SU_PLUS,T
P10SU_Plus,T
P10SU_Pro,T
P10S_EEA,T
P10S_ROW,T
P10U,T
P10W,T
P10W_EEA,T
P10X,T
P10_A,T
P10_A1,T
P10_B,T
P10_D,T
P10_EEA,T
P10_HD_EEA,T
P10_HD_ROW,T
P10_Life,T
P10_Max,T
P10_Mini,T
P10_Pro,T
P10_Style,T
P10_T,T
P11,T
P11 Plus,T
P11 Pro,T
P11-11,T
P11-11_EEA,T
P11-11_EEA_CUS1,T
P11-11_PAPAP_CUS1,T
P11-6128H,T
P11-F102-MT8781-EEA,T
P11-F102-MT8781-EEA-WIFI,T
P1100,T
P11000 Pro,T
P11001 ULTRA,T
P1150,T
P11A,T
P11W,T
P11W_EEA,T
P11_EEA,T
P11_R,T
P11_T,T
P11_pro_EEA,T
P12,T
P12 Plus,T
P12 Power,T
P12 Pro,T
P1200,T
P1250,T
P12Curve,T
P12S,T
P12W,T
P12W_EEA,T
P12_A,T
P12_EEA,T
P12_US,T
P13,T
P13 Blue 2021,T
P13 Blue 2022,T
P13 Blue Max 128 GB,T
P13 Blue Max 128 GB 2022,T
P13 Blue Max Lite,T
P13 Blue Max Lite 2022,T
P13 Blue Max Lite 32GB,T
P13 Blue Max PL,T
P13 Blue Max Pro,T
P13 Blue Max Pro 2021,T
P13 Blue Max Pro 256 GB,T
P13 Blue Max Pro Lite 2022,T
P13 Blue MaxL 2021,T
P13 Blue MaxL 2022,T
P13 Pro,T
P1300,T
P1350,T
P13A,T
P13Max,T
P13PRO,T
P13Ultra,T
P13_Black,T
P13_Blue,T
P13_Blue_Maks,T
P13_Blue_Max,T
P13_Blue_Plus,T
P13_Blue_Plus_2022,T
P13_Lite,T
P13_Max_Blue,T
P15,T
P15 Pro,T
P150,T
P15W,T
P15W_EEA,T
P16,T
P16-C,T
P16-W,T
P16W,T
P16W_EEA,T
P16_TU,T
P17,T
P170,T
P17_Pro,T
P18,T
P187,T
P18_Pro,T
P19,T
P1A15,T
P1A15_EEA,T
P1S,T
P1X,T
P1_A16_EEA_JAE,T
P1_A16_JAE,T
P1_AMATEUR,T
P1_Pro,T
P2,T
P20,T
P20 PLUS,T
P20 Pro,T
P20-Tab,T
P20-Tab_EEA,T
P200,T
P2000,T
P2000_EEA,T
P20HD,T
P20HD_EEA,T
P20HD_ROW,T
P20HD_RUS,T
P20L,T
P20S_EEA,T
P20S_ROW,T
P20_EEA,T
P20_ROW,T
P20_RUS,T
P21,T
P210,T
P22000,T
P22000 Ultra,T
P25,T
P25 Ultra,T
P25+,T
P25L,T
P25T,T
P25W,T
P25W_EEA,T
P25_EEA,T
P25_ROW,T
P25_RUS,T
P25_T_EEA,T
P25_T_ROW,T
P26T_EEA,T
P26T_ROW,T
P26W,T
P26W_EEA,T
P275,T
P280,T
P2A16,T
P2Lite,T
P2M,T
P2_EEA,T
P2_Power,T
P2_Pro,T
P3,T
P30,T
P30 Pro,T
P30 Tablet,T
P300,T
P3000,T
P300__Pro,T
P300__mini,T
P301_L1108,T
P30A,T
P30Air_EEA,T
P30Air_KR,T
P30Air_ROW,T
P30HD,T
P30HD_EEA,T
P30HD_ROW,T
P30S_EEA,T
P30S_ROW,T
P30S_W_EEA,T
P30S_W_ROW,T
P30T,T
P30T_BN_ROW,T
P30T_EEA,T
P30T_ROW,T
P30T_Y,T
P30_EEA,T
P30_ROW,T
P30_RUS,T
P31,T
P31-E,T
P31-F102-T606-EEA,T
P310,T
P32 Pro,T
P33,T
P33 Pro Max,T
P330X,T
P330X_orange,T
P33Lite,T
P33_EEA,T
P33_ROW,T
P34 Ultra,T
P350X,T
P35W,T
P35W_EEA,T
P360X,T
P36W,T
P36W_EEA,T
P380,T
P380i,T
P38W,T
P38W_EEA,T
P39W,T
P39W_EEA,T
P3S,T
P3S18,T
P3_8,T
P4,T
P40,T
P40-EEA,T
P401,T
P40HD,T
P40HD_EEA,T
P40HD_ROW,T
P40HD_RUS,T
P40HD_T_EEA,T
P40HD_T_ROW,T
P40_Pride_1,T
P41,T
P410,T
P41PR,T
P41_eMagic,T
P41_eMagic_TM,T
P42,T
P43_Easy,T
P45,T
P450,T
P4501,T
P4526A,T
P469,T
P470,T
P480,T
P490,T
P4903JP,T
P4R,T
P4R_PRO,T
P4S,T
P4_Pro,T
P4_Quad,T
P4_eMagic,T
P4_eMagic_TM,T
P5,T
P5 mini,T
P50,T
P50 LPR,T
P50-EEA,T
P50-ROW,T
P500,T
P5000,T
P5006A,T
P501,T
P5026A,T
P503,T
P5046A,T
P5047A,T
P505,T
P508,T
P509,T
P50Ai_EEA,T
P50Ai_ROW,T
P50Case,T
P50Case_EEA,T
P50Case_ROW,T
P50L,T
P50L_EEA,T
P50Mini,T
P50Mini_EEA,T
P50Mini_ROW,T
P50S,T
P50T,T
P50T_E_ROW,T
P50_B,T
P50_B_EEA,T
P50_EEA,T
P50_ROW,T
P510,T
P51L,T
P51L_EEA,T
P520,T
P52_Pride5C,T
P530,T
P540,T
P545,T
P55,T
P55 Max,T
P55 Novo 4G,T
P55 US,T
P5504,T
P550S,T
P551,T
P551S,T
P552,T
P5526A,T
P570,T
P5700,T
P5L,T
P5Life,T
P5Life_TM,T
P5S,T
P5W,T
P5_Energy,T
P5_Lite,T
P5_Pro,T
P5_Pro_TM,T
P5_eMagic,T
P5_eMagic_TM,T
P6,T
P6 PRO,T
P6 S-L04,T
P60,T
P60 CENAM,T
P60-U1,T
P600,T
P6000,T
P6000Plus,T
P6000_Plus,T
P601,T
P602,T
P609,T
P60Plus,T
P60Plus_EEA,T
P60Pro,T
P60_CA,T
P60_EUR,T
P60_Pro,T
P60_U,T
P60_US,T
P60_U_US,T
P60pro_15,T
P61,T
P610,T
P62,T
P620,T
P63,T
P630,T
P63L,T
P65,T
P650 2021,T
P650 Pro,T
P6501,T
P651 2021,T
P652,T
P652 Pro,T
P656,T
P65L,T
P65R,T
P66,T
P660,T
P670,T
P68,T
P6S,T
P6_Energy,T
P6_Energy_Lite,T
P6_Energy_Lite_TM,T
P6_Energy_TM,T
P6_Energy_mini,T
P6_Life,T
P6_Pro,T
P6_Qmax,T
P6_eMagic,T
P6_lite,T
P6_lite_TM,T
P6_lite_mTEL,T
P6_plus,T
P7,T
P7 Max,T
P7 Plus,T
P7 Pro 5G,T
P7-EEA,T
P7/Q7/PTAB740/PTAB741,T
P70,T
P70 Pro,T
P70-EEA,T
P700/A700,T
P7000,T
P70221,T
P709/P716,T
P70W,T
P71,T
P710,T
P7100,T
P72035,T
P733,T
P740X,T
P750i,T
P7579L,T
P760,T
P771,T
P771A,T
P774A,T
P776A,T
P778A,T
P77_Pride_1E,T
P780,T
P791,T
P7PLUS,T
P7PRO,T
P7PRO_1,T
P7PRO_EEA,T
P7_A11,T
P7_EEA,T
P7_Lite,T
P7_Lite_TM,T
P7_PRO,T
P7_PRO_TM,T
P7plus,T
P8,T
P8 Max,T
P8 PRO,T
P80,T
P803,T
P80L,T
P80T_EEA,T
P80T_ROW,T
P80T_RUS,T
P80W,T
P80X,T
P80X_EEA,T
P80_EEA,T
P80_KOR,T
P80_ROW,T
P80_RU,T
P80h_EEA,T
P80h_KR,T
P80h_ROW,T
P8100,T
P8100P 4G,T
P8100P_5G,T
P81L,T
P81M,T
P81W,T
P82L,T
P83L,T
P850,T
P850X,T
P851X,T
P852X,T
P85Kids_ROW,T
P85Pro_EEA,T
P85Pro_ROW,T
P85T_EEA,T
P85T_ROW,T
P85_B_EEA,T
P85_B_ROW,T
P85_EEA,T
P85_ROW,T
P85_RUS,T
P88,T
P886A,T
P88_Pride_1X,T
P8M,T
P8Pro,T
P8Prov2,T
P8W,T
P8_3D,T
P8_Energy,T
P8_Energy_PRO,T
P8_Energy_mini,T
P8_Energy_mini_TM,T
P8_Life,T
P8_Max,T
P8_PRO,T
P8_eMagic,T
P8_eMagic_TM,T
P9,T
P9 Plus,T
P9 Pro 5G,T
P9/Q9/PTAB940/PTAB941,T
P90,T
P900/Q900,T
P9000 Plus,T
P9000_MAX,T
P9001,T
P901,T
P902/A900,T
P909,T
P90_Pride5X,T
P91,T
P95_Pride_7s,T
P98,T
P9C,T
P9IV,T
P9_EEA,T
P9_Energy,T
P9_Energy_Lite,T
P9_Energy_Lite_2017,T
P9_Energy_S,T
P9_Energy_mini,T
P9_Energy_mini_TM,T
P9_Life,T
P9_Life_TM,T
P9_arm64,T
PA2170,T
PA2310GBB,T
PA2353,T
PA2373,T
PA2455,T
PA2473,T
PA2511,T
PA2535,T
PA2553,T
PA2573,T
PA2671,T
PA3NB15PA,T
PA3NB16PB,T
PA501,T
PA501BGR,T
PA501BWR,T
PA650,T
PA760,T
PA768,T
PAAM00,T
PAAT00,T
PACE A1,T
PACE10,T
PACM00,T
PACT00,T
PAD,T
PAD 10,T
PAD-7,T
PAD-7-KIDS,T
PAD-7-V5,T
PAD-7-V6,T
PAD-8,T
PAD-A7,T
PAD10,T
PAD1021,T
PAD1042,T
PAD10_PRO,T
PAD11,T
PAD11_1,T
PAD69H,T
PAD7,T
PAD712,T
PAD722,T
PAD841,T
PADCT1010W,T
PADM00,T
PADT00,T
PADUA,T
PADUA_1,T
PAD_1042,T
PAFM00,T
PAFT00,T
PAHM00,T
PAM524,T
PANDA_KIDS_7,T
PAP5430,T
PAPER 7,T
PAR-AL00,T
PAR-L21,T
PAR-L29,T
PAR-LX1,T
PAR-LX1M,T
PAR-LX9,T
PAR-TL00,T
PAR-TL20,T
PATH_7XPRO,T
PATH_UHDXANDROID,T
PB1009,T
PB101,T
PB9000-32,T
PB99400,T
PBAM00,T
PBAT00,T
PBBM00,T
PBBM30,T
PBBT00,T
PBBT30,T
PBCM10,T
PBCM30,T
PBCT10,T
PBDM00,T
PBDT00,T
PBDV704DVD,T
PBDV704DVDB,T
PBEM00,T
PBET00,T
PBFM00,T
PBFT00,T
PBS700DVD,T
PBSKD12,T
PBSKD7001,T
PBSKD7200,T
PBSKD7201,T
PBTAB-100,T
PBTAB100-1G3,T
PBTAB100-2G4,T
PC-TE307N1W,T
PC-TE410JAW,T
PC-TE507FAW,T
PC-TE507JAW,T
PC-TE508BAW,T
PC-TE508HAW,T
PC-TE510BAL,T
PC-TE510HAW,T
PC-TE510JAW,T
PC-TS508FAM,T
PC-TS508T1W,T
PC-TS708T1W,T
PC1038Q,T
PC36100,T
PC9,T
PCAM00,T
PCAM10,T
PCAT00,T
PCAT10,T
PCB-T103 CURI LITE,T
PCB-T104,T
PCB-T105,T
PCB-T106,T
PCB-T107,T
PCB-T731,T
PCB_S1063,T
PCB_T801,T
PCCM00,T
PCCT00,T
PCD508,T
PCD509,T
PCDM10,T
PCDT00,T
PCDT10,T
PCEM00,T
PCET00,T
PCGM00,T
PCGT00,T
PCHM00,T
PCHM10,T
PCHM30,T
PCHT10,T
PCHT30,T
PCKM00,T
PCKM80,T
PCLM10,T
PCLM50,T
PCNM00,T
PCPM00,T
PCRM00,T
PCRT01,T
PCS01,T
PCS02,T
PCSGOB10LTE-V2,T
PCSGOB10MVA-A,T
PCSGOB10MVA_A,T
PCSGOB10SF-A,T
PCT-AL10,T
PCT-L29,T
PCT-TL10,T
PC_MODULE,T
PC_Smart_PTSGOB8,T
PD470,T
PD5,T
PD602,T
PD900BOX,T
PDA,T
PDAM10,T
PDAT10,T
PDB-F2,T
PDC550,T
PDC680,T
PDC760,T
PDCM00,T
PDEM10,T
PDEM30,T
PDET10,T
PDHM00,T
PDKM00,T
PDKT00,T
PDM680,T
PDNM00,T
PDNT00,T
PDPM00,T
PDPT00,T
PDRM00,T
PDSM00,T
PDST00,T
PDT-FP1,T
PDT9000,T
PDVM00,T
PDYM20,T
PDYT20,T
PD_DV_8535,T
PE-CL00,T
PE-TL00M,T
PE-TL10,T
PE-TL20,T
PE-UL00,T
PE3S_Series,T
PE4S_Series,T
PEAM00,T
PEAQ PET 100,T
PEARL A4 Lite,T
PEARL A4 PLUS,T
PEARL A6,T
PEARL_A2,T
PEAT00,T
PECM20,T
PECM30,T
PECT30,T
PEDM00,T
PEEM00,T
PEFM00,T
PEGM00,T
PEGM10,T
PEGT00,T
PEGT10,T
PEHM00,T
PEHT00,T
PELM00,T
PELTDV1029,T
PELTDVD1029,T
PEMM00,T
PEMM20,T
PEMT00,T
PEMT20,T
PENM00,T
PENTA_73AAQ1,T
PENTA_83AAQ2,T
PEPM00,T
PEQM00,T
PERLA,T
PERM00,T
PET 1008-F464E,T
PET 1008-H332E,T
PET 101-H232E,T
PET 101-H232E-13,T
PET 101-H332S-W,T
PET 10182-H332E,T
PET 1081-H232S,T
PET 1081-LH332S,T
PET 11080-2K628E,T
PET 11080-F428E,T
PET 11080-F656S,T
PET 11080-H656S,T
PET-101-F464S,T
PET-10180-H428S,T
PET-102-H232S,T
PET-10380-H628S,T
PET-10980-F628E,T
PET-882-H232S,T
PET_10180_H464S,T
PET_10181_H464S,T
PET_11080-F628S,T
PET_11080_H428S,T
PET_11081_H428S,T
PET_8040_H464S,T
PEUM00,T
PEXM00,T
PEYM00,T
PEZM00,T
PF 20,T
PF10,T
PF10 Pro,T
PF20 Pro,T
PFCM00,T
PFDM00,T
PFFM10,T
PFFM20,T
PFGM00,T
PFJM10,T
PFT6130,T
PFTM10,T
PFTM20,T
PFUM10,T
PFZM10,T
PG06100,T
PG11,T
PG2309GBA,T
PG2311GBA,T
PG3NBG7YA,T
PG3NBG7YB,T
PG65,T
PG86100,T
PGAM10,T
PGBM10,T
PGCM10,T
PGEM10,T
PGFM10,T
PGGM10,T
PGJM10,T
PGKM10,T
PGN-506,T
PGN-507,T
PGN-508,T
PGN404,T
PGN409,T
PGN410,T
PGN509,T
PGN511,T
PGN513,T
PGN514,T
PGN515,T
PGN516,T
PGN517,T
PGN518,T
PGN521,T
PGN522,T
PGN523,T
PGN527,T
PGN528,T
PGN605,T
PGN606,T
PGN607,T
PGN608,T
PGN609,T
PGN610,T
PGN611,T
PGN612,T
PGN613,T
PGPS7795,T
PGS1000,T
PGT-N09,T
PGT-N19,T
PGT110,T
PGW110,T
PGX110,T
PGZ110,T
PH-1,T
PH4003,T
PH4003 GO,T
PH44100,T
PH5003,T
PH5003 Go,T
PH574,T
PH60,T
PH604,T
PHABLET 7,T
PHB110,T
PHD20,T
PHF110,T
PHILCO SMART,T
PHILIPS 4K SMART TV,T
PHILIPS S6210,T
PHILIPS S6210T,T
PHILIPS S6211,T
PHILIPS S6310,T
PHILIPS S6311,T
PHILIPS S7710,T
PHM110,T
PHN110,T
PHOENIX 5.0,T
PHOENIX N1,T
PHOENIX_H1PLUS,T
PHONETABPRO,T
PHP110,T
PHPHOENIXONETAB,T
PHQ110,T
PHQ520,T
PHQ525,T
PHQ526,T
PHS-402,T
PHS-601,T
PHS110,T
PHT110,T
PHU110,T
PHV110,T
PHW110,T
PHY110,T
PHY120,T
PHZ110,T
PI Plus,T
PI2000,T
PI2010,T
PI2011,T
PI3100,T
PI3100-93,T
PI3100Z3_93,T
PI3105,T
PI3106,T
PI3110,T
PI3205G,T
PI3210G,T
PI3900,T
PI3900-93,T
PI3910,T
PI4010G,T
PI7000,T
PI7100_93,T
PIC-AL00,T
PIC-LX9,T
PIC-TL00,T
PIC10GS10,T
PIC10GS13,T
PIC10GS8,T
PIC7GS10-A,T
PIC7GS13,T
PIC7GS8,T
PIC8GS10,T
PIC8GS12,T
PIC8GS8,T
PICASSOTABX14,T
PICOpad-7H,T
PICOpad_7H_JE,T
PICOpad_7H_JL,T
PICOpad_7H_R8,T
PILOT 1,T
PILOT 2,T
PILOT 3,T
PILOT 5,T
PILOT 6,T
PIX-SMB400,T
PIX-VP100,T
PIXBA2019,T
PIXPRO L1 PRO,T
PIXPRO T3,T
PJ209APlus,T
PJA110,T
PJB110,T
PJC110,T
PJD110,T
PJE110,T
PJF110,T
PJH110,T
PJJ110,T
PJR110,T
PJS110,T
PJT110,T
PJU110,T
PJV110,T
PJW110,T
PJX110,T
PJY110,T
PJZ110,T
PK76A,T
PK81,T
PK81R,T
PKA110,T
PKB110,T
PKC110,T
PKC130,T
PKD110,T
PKD120,T
PKD130,T
PKG110,T
PKH110,T
PKH120,T
PKJ110,T
PKK110,T
PKL110,T
PKM110,T
PKP110,T
PKQ110,T
PKR110,T
PKS110,T
PKT110,T
PKU110,T
PKV110,T
PKW110,T
PKW120,T
PKX110,T
PKZ110,T
PL4002,T
PL5003,T
PL504,T
PL550,T
PL5505,T
PL570,T
PL571,T
PL571US,T
PL620,T
PLA110,T
PLANET,T
PLATINUMVIEW,T
PLATINUM_O,T
PLATINUM_VIEW2,T
PLAY,T
PLAY Click LTE,T
PLAY_DOH,T
PLB110,T
PLC110,T
PLD110,T
PLDT-GMB8260,T
PLE-701L,T
PLE-703L,T
PLE110,T
PLF110,T
PLG110,T
PLG120,T
PLJ110,T
PLK-AL10,T
PLK-CL00,T
PLK-L01,T
PLK-TL00,T
PLK-TL01H,T
PLK-UL00,T
PLK110,T
PLL110,T
PLM110,T
PLN110,T
PLP110,T
PLP120,T
PLPro,T
PLQ110,T
PLR110,T
PLS120,T
PLT1065G,T
PLT1066,T
PLT1074G,T
PLT1077G,T
PLT1077G_16G,T
PLT120,T
PLT130,T
PLT140,T
PLT150,T
PLT7100G,T
PLT7109G,T
PLT7130G,T
PLT7223G,T
PLT7602G,T
PLT7649G,T
PLT7650G,T
PLT7770G,T
PLT7774G,T
PLT7775G,T
PLT7777,T
PLT7800,T
PLT7803G,T
PLT7804G,T
PLT8223G,T
PLT8235G,T
PLT8802G,T
PLT9602G,T
PLT9606G,T
PLT9609G,T
PLT9649G,T
PLT9650G,T
PLT9774G,T
PLT9999G,T
PLU110,T
PLUM,T
PLUM Z711,T
PLUM Z712,T
PLUZZ_PL4010,T
PLUZZ_PL5010,T
PLUZZ_PL5510,T
PLV110,T
PLW110,T
PLY110,T
PLZ110,T
PM1042T-W,T
PM1042TW,T
PM106A,T
PM108T,T
PM116T,T
PM116TPro,T
PM116T_LTE,T
PM30,T
PM351,T
PM352,T
PM45,T
PM451,T
PM452,T
PM45E,T
PM550,T
PM66,T
PM67,T
PM68,T
PM70,T
PM75,T
PM80,T
PM82T,T
PM82TW,T
PM84,T
PM84P,T
PM84R,T
PM85,T
PM85E,T
PM85R,T
PM86,T
PM876T,T
PM90,T
PM95,T
PMA110,T
PMA120,T
PMB110,T
PMC110,T
PMD110,T
PME110,T
PMG110,T
PMH110,T
PMID7102DC,T
PMK110,T
PMM110,T
PMT110,T
PMT1107_4G_D_RU,T
PMT1157_4G_C_RU,T
PMT1157_4G_RU,T
PMT1177_3G,T
PMT1177_4G,T
PMT1196_3G,T
PMT3008_Wi_C,T
PMT3009_Wi_C,T
PMT3011_3G,T
PMT3017_WI,T
PMT3018_WI,T
PMT3021_3G,T
PMT3027_Wi,T
PMT3031_3G,T
PMT3037_3G,T
PMT3038_3G,T
PMT3047_3G,T
PMT3057_3G,T
PMT3067_3G,T
PMT3077_Wi,T
PMT3087_3G,T
PMT3096_3G,T
PMT3101_4G,T
PMT3103_W,T
PMT3103_W_RU,T
PMT3104_Wi_D,T
PMT3104_Wi_D_EEA,T
PMT3104_Wi_D_RU,T
PMT3108_3G,T
PMT3111_Wi,T
PMT3118_3G,T
PMT3121_Wi,T
PMT3131_3G,T
PMT3137_3G,T
PMT3147_3G,T
PMT3151_3G,T
PMT3151_3G_D_CIS,T
PMT3157_3G,T
PMT3157_4G,T
PMT3161_3G,T
PMT3171_3G,T
PMT3177_3G,T
PMT3196_3G,T
PMT3197_W_D,T
PMT3197_W_D_EU,T
PMT3197_W_EU,T
PMT3201_4G,T
PMT3208_3G,T
PMT3231_4G_D,T
PMT3231_4G_D_EEA,T
PMT3231_4G_D_RU,T
PMT3237_3G,T
PMT3257_4G,T
PMT3277_3G,T
PMT3287_3G,T
PMT3301_4G,T
PMT3308_3G,T
PMT3317_3G,T
PMT3327_3G,T
PMT3331_3G,T
PMT3341_3G,T
PMT3351_3G,T
PMT3377_Wi,T
PMT3401_3G,T
PMT3407_4G,T
PMT3408_4G,T
PMT3418_4G,T
PMT3427_3G,T
PMT3437_3G,T
PMT3437_4G,T
PMT3507_4G,T
PMT3508_4G,T
PMT3537_4G,T
PMT3607_4G,T
PMT3608_4G,T
PMT3637_4G,T
PMT3677_Wi,T
PMT3708_3G,T
PMT3718_3G,T
PMT3731_3G,T
PMT3738_3G,T
PMT3741_3G,T
PMT3748_3G,T
PMT3751_3G,T
PMT3757_3G,T
PMT3758_3G,T
PMT3761_3G,T
PMT3767_3G,T
PMT3768_3G,T
PMT3771_3G,T
PMT3771_3G_EU,T
PMT3777_3G,T
PMT3778_3G,T
PMT3778_3G_EU,T
PMT3787_3G,T
PMT3797_3G,T
PMT3831_4G,T
PMT3838_4G,T
PMT3841_4G,T
PMT3848_4G,T
PMT3851_4G,T
PMT3858_4G,T
PMT3861_4G,T
PMT3868_4G,T
PMT3871_4G,T
PMT3878_4G,T
PMT3878_4G_EU,T
PMT3997_W_D_RU,T
PMT3997_W_RU,T
PMT4111_3G,T
PMT4111_3G_D_EEA,T
PMT4117_3G,T
PMT4117_3G_EEA,T
PMT4118_3G_EEA,T
PMT4131_4G,T
PMT4137_4G,T
PMT4137_4G_EEA,T
PMT4138_4G_EEA,T
PMT4208_3G_EEA,T
PMT4208_3G_E_RU,T
PMT4227_3G_RU,T
PMT4228_3G_RU,T
PMT4231_4G_D_EEA,T
PMT4231_4G_D_RU,T
PMT4238_4G_EEA,T
PMT4238_4G_RU,T
PMT4311_3G_RU,T
PMT4317_3G_RU,T
PMT4327_3G_RU,T
PMT4337_3G,T
PMT4337_3G_EEA,T
PMT4337_3G_RU,T
PMT4338_4G_E_EEA,T
PMT4348_3G_E_RU,T
PMT4511_4G_EEA,T
PMT4511_4G_RU,T
PMT4518_4G_E_RU,T
PMT4528_4G_E_RU,T
PMT4541_4G_E_RU,T
PMT4638_3G_RU,T
PMT4667_3G_RU,T
PMT4771_4G_EEA,T
PMT4771_4G_RU,T
PMT4791_4G_RU,T
PMT4881_4G_F_EEA,T
PMT4891_4G_EEA,T
PMT4991_4G,T
PMT5001_3G,T
PMT5002_Wi,T
PMT5008_3G,T
PMT5011_3G,T
PMT5018_3G,T
PMT5021_3G,T
PMT5287_4G,T
PMT5487_3G,T
PMT5587_Wi,T
PMT5588_4G,T
PMT5718_4G,T
PMT5771_4G,T
PMT5777_3G,T
PMT5778_4G,T
PMT5791_4G,T
PMT5877C,T
PMT5887_3G,T
PMT7008_4G,T
PMT7077_3G,T
PMT7177_3G,T
PMT7287C3G,T
PMT7287_3G,T
PMT7781_4G,T
PMT7787_3G,T
PMT7788_4G,T
PN-ZC02,T
PNC450,T
PNC460,T
PNC550,T
PNC560,T
PNC660,T
PNDP70M10BLK,T
PNDP70M7BLK,T
PNDPP410GP,T
PNDPP44Q7GPBLK,T
PNDPP44QC10,T
PNDPP44QC7,T
PNDPP47GP,T
PNDPP48GP,T
PNM-N49,T
PNT-7045,T
PN_B_series,T
PN_L2B_series,T
PN_LB3_series,T
PN_M_series,T
POC2,T
POCKET,T
POCKET 3,T
POCMTV000,T
POCO F2 Pro,T
POCO M2 Pro,T
POCO X2,T
POCOPHONE F1,T
POE-SMB400-FN1,T
POE-SMB400-PS1,T
POL-A0,T
POLA-TVE19K,T
POLA-TVE19M,T
POLYS_MS45L1,T
POLYTRON R2509,T
POLYTRON R2509SE,T
POLYTRON R250A,T
POLYTRON2K,T
POLYTRON4K,T
POLYTRON_P552,T
POLYTRON_T553,T
POMDTB002,T
POMDTB005,T
POMDTB006,T
POMDTB007,T
POMDTB008,T
POOLS_The_DOLLAR,T
PORTUGAL,T
POSITIVO TABLET YPY 07FTB PM BELÉM,T
POT-AL00,T
POT-AL00a,T
POT-AL10,T
POT-LX1,T
POT-LX1A,T
POT-LX1AF,T
POT-LX1T,T
POT-LX2J,T
POT-LX3,T
POT-TL00a,T
POWER BOT,T
POWER_X,T
PP101,T
PP86AK,T
PP86AW,T
PP86A_W,T
PP86M,T
PPS2022-P156,T
PPX13X,T
PQT9030,T
PR4JBX20A,T
PR5860,T
PR6149,T
PR6152,T
PR6152-ADV,T
PR6171,T
PR6850,T
PR7145,T
PR7RKTNF,T
PRA-AL00,T
PRA-AL00X,T
PRA-LA1,T
PRA-LX1,T
PRA-LX2,T
PRA-LX3,T
PRA-TL10,T
PRAMA_3576,T
PREMIO S50,T
PREMIO S58,T
PREMIO S75,T
PREMIO S98,T
PREMIO_Blaze,T
PREMIO_S89,T
PRESIDENT_GOLD_10,T
PRESIDENT_GOLD_9,T
PRIME,T
PRIME 1,T
PRIME X MAX 2018,T
PRIMO,T
PRIMO D10,T
PRIMO E10,T
PRIMO EF10,T
PRIMO F10,T
PRIMO N4,T
PRIMO NH4,T
PRIMO NH5,T
PRIMO NH6,T
PRIMO RX8,T
PRIMO RX9,T
PRIMO S8,T
PRIMO ZX4,T
PRIMO7,T
PRIMO8,T
PRINCESS,T
PRO,T
PRO 1400E 4G RS1253PL,T
PRO 1600E 4G RS1248PL,T
PRO 1800F 4G RS1249PL,T
PRO 7,T
PRO 7 Plus,T
PRO 7-H,T
PRO 7-S,T
PRO 8475,T
PRO X,T
PRO-AT-Series,T
PRO1,T
PRO10D,T
PRO4,T
PRO5023,T
PRO5023PW,T
PRO5043,T
PRO5044PEE01,T
PRO55164PGE01,T
PRO5544PEE01,T
PRO5548PR010,T
PRO5584PGE01,T
PRO5584PHE01,T
PRO5_P,T
PRO6048PR001,T
PRO6084FPGE01,T
PRO7D,T
PRO7DS,T
PRO8D,T
PRO9,T
PRO9D,T
PROTON 2K Android,T
PROTON 4K Android,T
PROTON_JADE_2_PRO,T
PRO_16,T
PRO_BOOK,T
PRO_II_16,T
PRO_SELFIE,T
PS01,T
PS101,T
PS20J,T
PS30J,T
PS32,T
PS4,T
PS8,T
PSM01E,T
PSMB011Pxx1,T
PSP3403DUO,T
PSP3404DUO,T
PSP3405DUO,T
PSP3406DUO,T
PSP3413DUO,T
PSP3416DUO,T
PSP3416DUO_EU,T
PSP3423DUO,T
PSP3450DUO,T
PSP3452DUO,T
PSP3453DUO,T
PSP3455DUO,T
PSP3456DUO,T
PSP3457DUO,T
PSP3458DUO,T
PSP3459DUO,T
PSP3468DUO,T
PSP3470DUO,T
PSP3471DUO,T
PSP3495DUO,T
PSP3497DUO,T
PSP3497DUO_RU,T
PSP3502DUO,T
PSP3503DUO,T
PSP3504DUO,T
PSP3505DUO,T
PSP3506DUO,T
PSP3507DUO,T
PSP3508DUO,T
PSP3510DUO,T
PSP3511DUO,T
PSP3512DUO,T
PSP3513DUO,T
PSP3513DUO_RU,T
PSP3514DUO,T
PSP3514DUO_RU,T
PSP3515DUO,T
PSP3515DUO_RU,T
PSP3516DUO,T
PSP3517DUO,T
PSP3518DUO,T
PSP3522DUO,T
PSP3522DUO_RU,T
PSP3527DUO,T
PSP3528DUO,T
PSP3530DUO,T
PSP3531DUO,T
PSP3533DUO,T
PSP3534DUO_RU,T
PSP3537DUO,T
PSP3551DUO,T
PSP3552DUO,T
PSP5047DUO,T
PSP5307DUO,T
PSP5453DUO,T
PSP5454DUO,T
PSP5455DUO,T
PSP5457DUO,T
PSP5470DUO,T
PSP5502DUO,T
PSP5504DUO,T
PSP5505DUO,T
PSP5506DUO,T
PSP5507DUO,T
PSP5508DUO,T
PSP5509DUO,T
PSP5510DUO,T
PSP5511DUO,T
PSP5512DUO,T
PSP5514DUO,T
PSP5515DUO,T
PSP5516DUO,T
PSP5517DUO,T
PSP5518DUO,T
PSP5519DUO,T
PSP5520DUO,T
PSP5521DUO,T
PSP5522DUO,T
PSP5523DUO,T
PSP5524DUO,T
PSP5530DUO,T
PSP5531DUO,T
PSP5545DUO,T
PSP5550DUO,T
PSP5551DUO,T
PSP5552DUO,T
PSP5553DUO,T
PSP7501DUO,T
PSP7505DUO,T
PSP7510DUO,T
PSP7511DUO,T
PSP7512DUO,T
PSP7530DUO,T
PSP7546DUO,T
PSP7546DUO_EEA,T
PSP7546DUO_RU,T
PSP7550DUO,T
PSP7551DUO,T
PSP7552DUO,T
PSP7557,T
PSP7590DUO,T
PSP7590DUO_EU,T
PSP7610DUO,T
PSP7610DUO_RU,T
PSPCK20NA,T
PSPCK21NA,T
PSPCL20A0,T
PSPCL30A0,T
PSPCM20A0,T
PSPCZ20A0,T
PSPTD21NA,T
PSTA101,T
PSTA103,T
PSTA104,T
PSTA107,T
PSTA111,T
PSTA112,T
PSY7020SKD,T
PS_TAB_WB01,T
PT0719A,T
PT1019A,T
PT10EduPad21,T
PT10EduPad21-4G,T
PT11,T
PT116LPREduPad,T
PT11EduPad21-4G,T
PT2200,T
PT73G1,T
PT7EduPad,T
PTAB1051_PTAB1055,T
PTAB751,T
PTABP10,T
PTAB_P8,T
PTB7PAP_PTB7PAB_PTB7PAR,T
PTB7QSG_3G,T
PTB7R,T
PTB8R,T
PTB8R4G,T
PTBPT5QCB7,T
PTC680,T
PTC760,T
PTL21,T
PTM-Z-mini,T
PTP-N29,T
PTP-N49,T
PTP-N59,T
PTPC02,T
PULP,T
PULP 4G,T
PULP FAB,T
PULP FAB 4G,T
PULSE,T
PULSE_1,T
PULSE_1_VDC,T
PURE,T
PURE MINI,T
PURE PLUS,T
PURE XL,T
PVG100,T
PVG100C,T
PVG100E,T
PVG100EU,T
PVG100E_RU,T
PVT-8-A50-R1,T
PVT-R78-3288,T
PX,T
PX-M1025,T
PX1,T
PX10,T
PX12,T
PX1900,T
PX2000,T
PX2700,T
PX2800,T
PX3000,T
PX3100,T
PX350,T
PX5,T
PX510,T
PX7,T
PX8,T
PX9,T
PX_Pro,T
PYC110,T
PYD110,T
PYR110,T
PYS110,T
P_545BL,T
P_FHD_2020,T
Pace 2,T
Pace 2 Lite,T
Pad 10,T
Pad 100,T
Pad 11,T
Pad 12,T
Pad 12 Pro,T
Pad 13,T
Pad 13 Pro,T
Pad 15,T
Pad 16,T
Pad 18,T
Pad 2,T
Pad 200,T
Pad 30 WiFi,T
Pad 5,T
Pad 5 Kids,T
Pad 50 Kids,T
Pad 50 WiFi,T
Pad 60,T
Pad 60 Kids,T
Pad 7,T
Pad 70,T
Pad 70 WiFi,T
Pad 8,T
Pad 80 WiFi,T
Pad 9,T
Pad 90,T
Pad 90 Pro,T
Pad H10 PEN,T
Pad H10 PRO,T
Pad Lite E48,T
Pad Lite E58,T
Pad Plus E113,T
Pad Pro,T
Pad Pro E110,T
Pad Pro E111,T
Pad Pro E112,T
Pad Pro E113,T
Pad Pro E90,T
Pad-S11,T
Pad12pro,T
Pad12ultra,T
Pad6,T
Pad6 PLUS,T
Pad6_Plus,T
Pad6plus,T
Pad8,T
PadBook,T
PadFone,T
PadFone 2,T
PadFone Infinity,T
PadFone T004,T
PadFone T008,T
PadFone T00C,T
Pad_10,T
Pad_10_2_in_1,T
Pad_11,T
Pad_17,T
Pad_17Pro,T
Pad_17ProMax,T
Pad_60,T
Pad_7_Pro_UE,T
Pad_M10,T
Pad_M11,T
Pad_M11_EEA,T
Pad_M30,T
Pad_Mini,T
Pad_Pro,T
Pad_S7,T
Pad_S8,T
Panasonic ELUGA A,T
Panasonic ELUGA Arc,T
Panasonic ELUGA I,T
Panasonic ELUGA Icon 2,T
Panasonic ELUGA L 4G,T
Panasonic ELUGA S,T
Panasonic ELUGA S Mini,T
Panasonic ELUGA Tapp,T
Panasonic ELUGA U,T
Panasonic ELUGA U2,T
Panasonic ELUGA WE,T
Panasonic ELUGA Z,T
Panasonic KX-PRXA10,T
Panasonic KX-PRXA15,T
Panasonic P100,T
Panasonic P11,T
Panasonic P110,T
Panasonic P31,T
Panasonic P41,T
Panasonic P41HD,T
Panasonic P51,T
Panasonic P55,T
Panasonic P55 NXT,T
Panasonic P55 Novo,T
Panasonic P6,T
Panasonic P61,T
Panasonic P7,T
Panasonic P75,T
Panasonic P77,T
Panasonic P81,T
Panasonic P85,T
Panasonic P85 NXT,T
Panasonic P90,T
Panasonic P90 3G,T
Panasonic P95,T
Panasonic P99,T
Panasonic SV-ME1000,T
Panasonic T11,T
Panasonic T21,T
Panasonic T30,T
Panasonic T31,T
Panasonic T33,T
Panasonic T40,T
Panasonic T41,T
Panasonic T44,T
Panasonic T44 Lite,T
Panasonic T70,T
Panasonic T9,T
Panasonic UN-MT300,T
Panasonic UN-W700,T
PanasonicTV,T
Panasonic_ELUGA_C,T
Panasonic_ELUGA_Pure,T
Panasonic_Eluga_I3,T
Panasonic_IFPD,T
Panasonic_LH_GT1ND,T
Panasonic_P61,T
Panasonic_TV,T
Panasonic_dL1,T
PandA_m14,T
Panda_7,T
Pantech V950,T
Pantech V955,T
PantechP4100,T
PantechP8000,T
PantechP8010,T
PantechP9060,T
PantechP9070,T
PantechP9090,T
Panther,T
Panther1,T
Panther2,T
Panther2 Pro,T
Paper_8,T
Parrot_3G,T
Partner Evolution,T
PartnerTV BOX,T
PartnerTV-Box,T
Party,T
Pass,T
Pass3G,T
Pass4G,T
PassPlus,T
Passion-1S,T
Passion-Plus,T
Passion1,T
Passion_Pro,T
Patio100,T
Patio100_3G,T
Patio600,T
Patio730,T
Pavapro10bk,T
Pavapro7bk,T
PayTab_PT10,T
Pearl,T
Pearl A4,T
Pearl A6,T
Pearl K1,T
Pearl K2,T
Pearl K2 Prime,T
Pearl K3,T
Pearl+_M5PD,T
Pearl_Neo,T
Pebble_Quad,T
Pegasus,T
Pegasus1,T
Pegasus1_Payment,T
Pelephone-Y300-,T
Pendant,T
Penguin,T
People_Plus,T
Perla,T
Permaray-IFPD,T
Personal Huawei G620S,T
Personal Huawei Y550,T
Peru,T
Phablet III,T
Phantom,T
Phantom6,T
Phantom6-Plus,T
Phantom6S,T
Phat6,T
Phenix XT,T
PhilcoTV,T
Philips S257,T
Philips S308,T
Philips S309,T
Philips S310X,T
Philips S318,T
Philips S327,T
Philips S329,T
Philips S337,T
Philips S338,T
Philips S359,T
Philips S369,T
Philips S386,T
Philips S395,T
Philips S398,T
Philips S561,T
Philips S562Z,T
Philips S6320T,T
Philips S706P,T
Philips S8310,T
Philips S8320,T
Philips S8325,T
Philips V377,T
Philips V387,T
Philips V526,T
Philips W336,T
Philips W3568,T
Philips W536,T
Philips W632,T
Philips W6610,T
Philips W832,T
Philips W8510,T
Philips W8555,T
Philips X588,T
Philips X596,T
Philips X598,T
Philips X818,T
Philips Xenium V787,T
Philips-24NA-4K,T
Philips-S6020,T
Philips_S260,T
Philips_S326,T
Philips_W3500,T
Philips_X586,T
Phoenix,T
Phoenix 2,T
Phoenix2,T
Phone,T
Phone 2,T
Phonenix50S,T
Photo Pro,T
Photo_P15_Lite,T
PicassoNote,T
PicassoTab,T
PicassoTab A10,T
PicassoTab X11,T
PicassoTab8s,T
PicassoTab_9,T
PicassoTab_A12,T
PicassoTab_X,T
PicassoTab_X11_2025,T
PicassoTab_XL,T
PicassoTab_Z13,T
Pilot,T
Piranha8032,T
PixStarTouch,T
Pixart_P20,T
Pixavi Phone,T
Pixavi Thermal,T
Pixel,T
Pixel 10,T
Pixel 10 Pro,T
Pixel 10 Pro Fold,T
Pixel 10 Pro XL,T
Pixel 10a,T
Pixel 11,T
Pixel 11 Pro,T
Pixel 11 Pro Fold,T
Pixel 11 Pro XL,T
Pixel 2,T
Pixel 2 XL,T
Pixel 3,T
Pixel 3 XL,T
Pixel 3a,T
Pixel 3a XL,T
Pixel 4,T
Pixel 4 XL,T
Pixel 4a,T
Pixel 4a (5G),T
Pixel 5,T
Pixel 5a,T
Pixel 6,T
Pixel 6 Pro,T
Pixel 6a,T
Pixel 7,T
Pixel 7 Pro,T
Pixel 7a,T
Pixel 8,T
Pixel 8 Pro,T
Pixel 8a,T
Pixel 9,T
Pixel 9 Pro,T
Pixel 9 Pro Fold,T
Pixel 9 Pro XL,T
Pixel 9a,T
Pixel C,T
Pixel Fold,T
Pixel Slate,T
Pixel Tablet,R
Pixel XL,T
PixelV1,T
Pixus Combo,T
Pixus Line,T
Pixus Line v2,T
Pixus Loga,T
PixusJoker,T
Pixus_Arena,T
Pixus_BigTab,T
Pixus_Blast,T
Pixus_Deon,T
Pixus_Drive,T
Pixus_Falcon,T
Pixus_Folio,T
Pixus_Hammer,T
Pixus_Joker,T
Pixus_Line,T
Pixus_Sprint,T
Pixus_Sprint_2_16,T
Pixus_Titan,T
Pixus_Touch_7_3G,T
Pixus_Wing,T
Plane 1570N 3G PS1185MG,T
Plane 1572N 3G PS1187MG,T
Plane 1573N 4G PS1189ML,T
Plane 1584S 3G PS1201PG,T
Plane 1585S 4G PS1202PL,T
Plane 1596 3G PS1213PG,T
Plane 1713T 3G PT1138MG,T
Plane 1715T 4G PT1139PL,T
Plane 7539E 4G PS7155ML,T
Plane 7547S 3G PS7159PG,T
Plane 7561N 3G PS7176MG,T
Plane 7563N 4G PS7178ML,T
Plane 7565N 3G PS7180PG,T
Plane 7574S 4G PS7191PL,T
Plane 7580S 4G PS7192PL,T
Plane 7594 3G PS7210PG,T
Plane 8021N 4G PS8183ML,T
Plane 8550S 4G PS8163PL,T
Plane 8555M 4G PS8168ML,T
Plane 8566N 3G PS8181MG,T
Plane 8580 4G PS8199ML,T
Plane 8595 3G PS8212PG,T
Plane_1523_3G_PS1135MG,T
Plane_1524_3G_PS1136MG,T
Plane_1525_3G_PS1137MG,T
Plane_1526_4G_PS1138ML,T
Plane_1537E_3G_PS1149MG,T
Plane_1538E_4G_PS1150ML,T
Plane_1541E_4G_PS1157ML,T
Plane_1550S_3G_PS1163MG,T
Plane_1551S_4G_PS1164ML,T
Plane_1553M_4G_PS1166ML,T
Plane_1559_4G_PS1173PL,T
Plane_7006_4G_PS7041PL,T
Plane_7012M_3G_PS7082MG,T
Plane_7535E_3G_PS7147MG,T
Plane_7545V_3G_PS7151MG,T
Plane_7546S_3G_PS7158PG,T
Plane_7547S_3G_PS7159PG,T
Plane_7548S_4G_PS7160PL,T
Plane_7552M_3G_PS7165MG,T
Plane_7556_3G_PS7170MG,T
Plane_7557_4G_PS7171PL,T
Plane_8522_3G_PS8135MG,T
Plane_8536E_3G_PS8148MG,T
Plane_8540E_4G_PS8156ML,T
Plane_8548S_3G_PS8161PG,T
Plane_8549S_4G_PS8162PL,T
Plane_8558_4G_PS8172PL,T
Plane_9634_3G_PS9146MG,T
Plane_9654M_3G_PS9167PG,T
Planet,T
Platina,T
Platina 1579M 4G NS1800ML,T
Platinum 10 3G,T
Platinum 4.0,T
Platinum A57,T
Platinum B4,T
Platinum B7,T
Platinum C4,T
Platinum C55,T
Platinum D5,T
Platinum Google TV,T
Platinum H5,T
Platinum J5,T
Platinum K5,T
Platinum K55,T
Platinum M4,T
Platinum P9,T
Platinum P9 Pro,T
Platinum View2,T
Platinum103G2019,T
PlatinumTAB10,T
PlatinumTAB10V11,T
PlatinumTAB10V22,T
PlatinumTAB10_4G_V1,T
PlatinumTAB10_4G_V2,T
PlatinumTAB10_4G_V3,T
PlatinumTAB11_4G,T
PlatinumTAB8_4G,T
Platinum_10_3G_V2,T
Platinum_4_0Plus,T
Platinum_5.0M,T
Platinum_A5,T
Platinum_A55,T
Platinum_A7,T
Platinum_B4,T
Platinum_B5,T
Platinum_E5,T
Platinum_F5,T
Platinum_G5,T
Platinum_G55,T
Platinum_M5,T
Platinum_P4,T
Platinum_UNO,T
Play,T
Play 10 Pro,T
Play 11,T
Play 11 Pro,T
Play25_Pro_4G,T
PlimPad P3,T
PlimPad_P3_Pro,T
PlimPad_P60,T
PlimPad_P60_Pro,T
Pluma,T
Plume H1,T
Plume L1,T
Plume L1 Plus,T
Plume L2,T
Plume L2 Pro,T
Plume L3,T
Plume L3 Plus,T
Plume L3 Smart,T
Plume L4,T
Plume L4 Pro,T
Plume L5,T
Plume L5 Pro,T
Plume L6 Pro,T
Plume L8 Pro,T
Plume P8 Pro,T
Pluri B7,T
Pluri C7,T
Pluri C8,T
Pluri G7,T
Pluri_B7_TM,T
Pluri_M7,T
Pluri_M7_2020,T
Pluri_M8,T
Pluri_M8_2020,T
Pluri_M8_2020_A10,T
Pluri_Q8,T
Plus-7_C777,T
Plus-9_C778,T
Plus2,T
Plus2 4G,T
Plus3_4G,T
Plus_M19_C779,T
Pocket,T
Pocket_18x9,T
Pocket_18x9_LTE,T
Pocket_2,T
Point X502,T
Point_X2,T
Point_X503,T
Polar M600,T
Polar3,T
PolarH4,T
Polaroid 2K Android TV,T
Polaroid 4K Android TV,T
Polaroid4KAndroidTV,T
Polestar,T
Polestar 2,T
Polestar Phone,T
Pop4,T
Porsche Rear Seat Entertainment,T
PortableS,T
Portugal,T
Pos terminal,T
Posfic 4K Android TV,T
Posiflex MT62,T
Positivo BGH +Simple,T
Positivo BGH 7Di-A,T
Positivo BGH M840,T
Positivo BGH Mini,T
Positivo BGH P718TAB,T
Positivo BGH Series Q10,T
Positivo BGH W750,T
Positivo BGH Y100,T
Positivo BGH Y1010,T
Positivo BGH Y200,T
Positivo BGH Y210,T
Positivo BGH Y300,T
Positivo BGH Y700,T
Positivo BGH Y710 KIDS,T
Positivo BGH Ypy L700,T
Positivo BGH Ypy L700 Kids,T
Positivo Mini,T
Positivo Mini I,T
Positivo Mini TE,T
Positivo Next,T
Positivo One,T
Positivo Q20,T
Positivo SX1000,T
Positivo Slim,T
Positivo Stilo T730 Kids,T
Positivo T1075,T
Positivo T710,T
Positivo T750,T
Positivo Twist 4G,T
Positivo Twist M,T
Positivo Twist S,T
Positivo US2070,T
Positivo Ypy 7 - TB07FTA,T
Positivo Ypy 7 - TB07STA,T
Positivo Ypy AB10E,T
Positivo Ypy AB10EC,T
Positivo Ypy AB10H,T
Positivo Ypy AB7E,T
Positivo Ypy AB7EC,T
Positivo Ypy AB7F,T
Positivo Ypy L1000,T
Positivo Ypy L1000F,T
Positivo Ypy L1050,T
Positivo Ypy L1050E,T
Positivo Ypy L1050F,T
Positivo Ypy L700,T
Positivo Ypy L700 Ed. Especial,T
Positivo Ypy L700 Kids,T
Positivo Ypy L700+,T
Positivo Ypy L700+ Kids,T
Power,T
Power 2,T
Power 2 Pro,T
Power 3,T
Power 3S,T
Power 5,T
Power 5 Lite,T
Power 50,T
Power Armor 13,T
Power Armor 14,T
Power Armor 16 Pro,T
Power Armor 16S,T
Power Armor 18,T
Power Armor 18T,T
Power Armor 19,T
Power Armor 19T,T
Power Armor X11,T
Power Armor X11 Pro,T
Power Armor14 Pro,T
Power Ice,T
Power Ice Evo,T
Power Ice Max,T
Power Plus,T
Power Plus 3,T
Power Plus Pro,T
Power Rage,T
Power Rage Evo,T
PowerFive,T
PowerFiveMax2,T
PowerFiveMaxLite,T
PowerFour,T
PowerMaxP490,T
PowerMaxP490S_AP,T
PowerMaxP490S_AS,T
PowerMaxP490S_EU,T
PowerMaxP600S,T
Power_2,T
Power_3,T
Power_3L,T
Power_3S,T
Power_5,T
Power_5S,T
Power_6,T
Pr5650,T
Pr5747,T
Pr5950,T
Pr6145,T
Pr6146,T
Pr6150,T
Pr7547,T
Predator 10,T
Predator 3G,T
Premier,T
Premier P50,T
Premier Pro,T
Premier5,T
Premier55,T
Premier5Max,T
Premier8,T
Premio Aura,T
Premio P420,T
Premio P451,T
Premium 2K GTV,T
Premium 4K GTV,T
Premium Infotainment System,T
Preo P3,T
Preo Teknosa P1,T
Preo_P2,T
President_Classic_9,T
President_smart_5,T
Prestige,T
Prestige 7G,T
Prestige_10QH_Plus,T
Prestige_P10_Plus,T
Prestige_P11_Pro,T
Prestigio UHD Android TV,T
Pride_1A,T
Prime,T
Prime 100,T
Prime 2,T
Prime L,T
Prime P30,T
Prime P300,T
Prime P444,T
Prime P4442,T
Prime X,T
Prime10ES,T
Prime10SE,T
Prime11E,T
Prime3Lite,T
Prime6,T
PrimeOne,T
PrimeTwo,T
Prime_18x9,T
Prime_18x9_LTE,T
Prime_4_Lite,T
Prime_H201_LTE,T
Prime_Plus,T
Prime_S,T
Primo 81,T
Primo D9,T
Primo E10 Plus,T
Primo E11,T
Primo E12,T
Primo E8s,T
Primo E9,T
Primo EF7,T
Primo EF8 4G,T
Primo EF9,T
Primo EM2,T
Primo F7s,T
Primo F8,T
Primo F8s,T
Primo F9,T
Primo G8,T
Primo G8i,T
Primo G8i 4G,T
Primo G9,T
Primo GF6,T
Primo GF7,T
Primo GH10,T
Primo GH5,T
Primo GH5 mini,T
Primo GH7,T
Primo GH7i,T
Primo GH8,T
Primo GH9,T
Primo GM2,T
Primo GM2 Plus,T
Primo GM3,T
Primo GM3 plus,T
Primo GM4,T
Primo H10,T
Primo H6 Plus,T
Primo H7,T
Primo H7s,T
Primo H8 Pro,T
Primo H9,T
Primo H9 Pro,T
Primo HM4,T
Primo HM4+,T
Primo HM4i,T
Primo HM5,T
Primo HM6,T
Primo HM6 Lite,T
Primo HM7,T
Primo N3,T
Primo N5,T
Primo NF3,T
Primo NF4,T
Primo NF5,T
Primo NH3,T
Primo NH3 Lite,T
Primo NH3i,T
Primo NX4,T
Primo NX4 mini,T
Primo NX6,T
Primo R4,T
Primo R4 Plus,T
Primo R5,T
Primo R5 Plus,T
Primo R6,T
Primo R6 Max,T
Primo R8,T
Primo R9,T
Primo RH3,T
Primo RM2 mini,T
Primo RM3,T
Primo RM4,T
Primo RX5,T
Primo RX6,T
Primo RX7,T
Primo RX8 Mini,T
Primo S6,T
Primo S6 Dual,T
Primo S6 infinity,T
Primo S7,T
Primo S7 Pro,T
Primo X4,T
Primo X4 Pro,T
Primo ZX2 Lite,T
Primo ZX2 mini,T
Primo ZX3,T
Primo73,T
Primo76,T
Primo81,T
Primo_4G,T
Primo_NF4_2GB,T
Primo_NX3,T
Primo_R7,T
Primo_S5,T
Primo_ZX2,T
Primux_ioxphone,T
Princess,T
Princess 3G,T
Princess_G9,T
Prism,T
Prism II,T
PrismPlus 2KA,T
PrismPlus 4KA,T
PrismPlus P4KA,T
Pritom_M10_EEA,T
Pritom_M50,T
Pritom_M50_EEA,T
Prix,T
Prizm,T
Pro 1480E 4G RS1267PL,T
Pro 8,T
Pro K10,T
Pro Max,T
Pro Max 256GB,T
Pro V5,T
Pro5,T
Pro8S,T
Pro_C_Display,T
Pro_L_5045_4G,T
Pro_P200_4G,T
Pro_P300_4G,T
Pro_P310_4G,T
Pro_Series_3_Display,T
Probook_E_L-10,T
Probook_E_M-10,T
Prodigi Connect 12,T
Profilo 2K Android TV,T
Profilo 4K Android TV,T
Project Tango Tablet Development Kit,T
Projector,T
ProjectorC1,T
Proline_FalconXL,T
Protab10,T
Proton_Amber_HD,T
Proton_Helium_Max,T
Proton_Neon,T
Proton_Tungsten_Max,T
Prowise,T
Pryme 01,T
Pula,T
Pulla,T
Pulsar,T
Pulse,T
Pulse Glide,T
Pulse Retro,T
Pulse Sky,T
Pulse_10,T
Pulse_8,T
PumaSmartwatch,T
Punos 10,T
Punos 7,T
Pure,T
Pure 2,T
Pure 3,T
Pure Micro,T
Pure View,T
Pure XR,T
Pure1,T
PureKTV,T
Pxx79,T
Pyxis,T
Pyxis-ABB,T
Pyxis-ARMSTRONG,T
Pyxis-BlueRidge,T
Pyxis-BlueStream,T
Pyxis-CBT,T
Pyxis-GRANDE,T
Pyxis-MetroNet,T
Pyxis-Midco,T
Pyxis-RCN,T
Pyxis-SECV,T
Pyxis-TDS,T
Q,T
Q Founder,T
Q Infinity,T
Q Marshal,T
Q Sport 41,T
Q Sport 43,T
Q Wander,T
Q-Smart S21,T
Q-Smart_Elite,T
Q-Smart_III_Plus,T
Q-Smart_Plus,T
Q-Touch,T
Q-test,T
Q.3778,T
Q.4094,T
Q01A,T
Q05A,T
Q1,T
Q10,T
Q10-EEA,T
Q10-Pro,T
Q10-US,T
Q10107L-ME,T
Q10107LW-ME,T
Q101_EEA,T
Q10S53IN4G,T
Q10S55IN4G,T
Q10S55IN4G2,T
Q10S5IN4G,T
Q10T10INP,T
Q10_EEA,T
Q10_T_EEA,T
Q10_T_US,T
Q11,T
Q11-EEA,T
Q110,T
Q16,T
Q16W,T
Q17,T
Q180,T
Q1K,T
Q2,T
Q210,T
Q22,T
Q23,T
Q25,T
Q27CMA11,T
Q280,T
Q2K,T
Q2S,T
Q2SK,T
Q2S_Pro,T
Q3,T
Q3-EEA,T
Q30,T
Q310,T
Q3_EEA,T
Q3_pro,T
Q3pro,T
Q3pro_eea,T
Q4,T
Q4514,T
Q4S6IN4G,T
Q4T10IN,T
Q4T10INK,T
Q4T7IN,T
Q4T7IN3G,T
Q4T8IN,T
Q5,T
Q5002,T
Q524,T
Q5S55IN4G,T
Q5S5IN4G,T
Q5_PRO,T
Q6,T
Q624,T
Q624H,T
Q625,T
Q6511Y,T
Q69,T
Q6T10IN,T
Q6T10IN4G,T
Q6T7IN,T
Q6T7IN4G,T
Q6T7INK,T
Q6_US,T
Q7,T
Q705,T
Q718,T
Q718A,T
Q718B,T
Q718B_EEA,T
Q738,T
Q7S55IN4G,T
Q7S5IN4G,T
Q7S5IN4GP,T
Q7T10INP,T
Q7T7INK,T
Q7T9INK,T
Q7_EEA,T
Q7_Tablet,T
Q7_US,T
Q8,T
Q8 PRO,T
Q801,T
Q8108L-ME,T
Q83,T
Q863,T
Q86V,T
Q88,T
Q882,T
Q88A,T
Q88C,T
Q88D_FUFEN_EEA,T
Q88X,T
Q8K,T
Q8K PRO,T
Q8S55IN4G,T
Q8S55IN4G2,T
Q8S5IN4GP,T
Q8S6IN4G,T
Q8S_Pro,T
Q8T10IN,T
Q8T7IN,T
Q8T7IN4G,T
Q8_Tablet,T
Q9,T
Q9S55IN4G,T
Q9S5IN4G,T
Q9S5IN4G2,T
Q9T10IN4G,T
Q9T7IN4G,T
Q9T9IN,T
QA15-101,T
QA15-80,T
QA3O-M110,T
QA3O_M110,T
QA_Series,T
QBELL 2K Android TV,T
QBELL 4K Android TV,T
QBELL Android TV 2K,T
QBell 2K Android TV,T
QBell 4K Android TV,T
QC1004GM,T
QC7704GM,T
QC804GM,T
QERA_Series,T
QH-10,T
QILIVE 101,T
QITBBxxI,T
QK6535P,T
QK7535P,T
QK8635P,T
QM153E,T
QMV7A,T
QMV7B,T
QMobile A1,T
QMobile A3,T
QMobile A6,T
QMobile Beat 1,T
QMobile Blue 5,T
QMobile CS1,T
QMobile CS1 Plus,T
QMobile Dual One,T
QMobile E1,T
QMobile ENERGY X1,T
QMobile ENERGY X2,T
QMobile Energy X10 4G,T
QMobile Energy X5 4G,T
QMobile Evok Power,T
QMobile Evok Power Lite,T
QMobile I9i,T
QMobile J1,T
QMobile J2,T
QMobile L20,T
QMobile LT100,T
QMobile LT550,T
QMobile LT900,T
QMobile Noir S9,T
QMobile Q Infinity B,T
QMobile Q Infinity C,T
QMobile Q Infinity D,T
QMobile Q Infinity E,T
QMobile Q Infinity E Lite,T
QMobile Q Infinity Prime,T
QMobile QNote,T
QMobile S1 Lite,T
QMobile S1 PRO,T
QMobile S15,T
QMobile S2 Plus,T
QMobile S6,T
QMobile S6 PLUS,T
QMobile S6S,T
QMobile Smart Power,T
QMobile X32,T
QMobile X32 Power,T
QMobile X33,T
QMobile X36,T
QMobile X700 PRO,T
QMobile X700 PRO II,T
QMobile X700 PRO Lite,T
QMobile XLi,T
QMobile Z10,T
QMobile i2 POWER,T
QMobile i2 PRO,T
QMobile i5.5,T
QMobile i5i 2018,T
QMobile i5i 2019,T
QMobile i6 Metal 2017,T
QMobile i6 Metal 2018,T
QMobile i6 Metal ONE,T
QMobile i7i PRO,T
QMobile i8i,T
QMobile i8i 2019,T
QMobile i8i PRO,T
QMobile i8i Pro II,T
QMobile_LT600_PRO,T
QMobile_Q_Infinity_Cinema,T
QOOQ,T
QOOQ-V41,T
QOOQ-V50,T
QP-TAQC70,T
QP-TAQC80,T
QPHONE_10.1,T
QPHONE_9_3,T
QPI-1,T
QS01,T
QS02,T
QS31,T
QS355,T
QS362,T
QS5509A,T
QS701,T
QS702,T
QSmart,T
QSmart LT900,T
QSmart Plus,T
QSmart Rocket,T
QSmart X10,T
QSmart X20,T
QSmart X40,T
QSmart i4i,T
QSmart i5i 2019,T
QSmart_Canopus,T
QT 808,T
QT-133W-aa2,T
QT-195W-aa2,T
QT10,T
QT19071,T
QT19101,T
QT19101B,T
QT19101HV,T
QT19101K,T
QT2108BP,T
QT21101,T
QT21101L,T
QT2110BP,T
QT22101B,T
QT22103BP,T
QT2308BK,T
QT23109BP,T
QT23126BP,T
QT24101B,T
QT24105BP,T
QT24109B,T
QT26,T
QT8,T
QTAB,T
QTAB10,T
QTAB10 PLUS,T
QTAB10.1,T
QTAB1010X,T
QTAB10_1,T
QTAB10_PLUS,T
QTAB8,T
QTAB_NOTE,T
QTAB_PLUS_LTE,T
QTAIR7,T
QTAQZ3,T
QTAQZ3KID,T
QTASUN1,T
QTASUN2,T
QTAXIA1,T
QTab Y1,T
QTab Y2,T
QTab Y3,T
QTab10_LTE,T
QTab8,T
QTab8_LTE,T
QTabPro,T
QTab_87,T
QUAD-CORE A33 inet,T
QUANTUM ZIRCON 11Q801,T
QUANTUM_1010N,T
QUANTUM_3_1010_MOBILE,T
QUANTUM_400_LITE,T
QUANTUM_550,T
QUANTUM_700S,T
QUATTRO_M-3,T
QUEST,T
QUEST LITE,T
QUICKTAB PLUS,T
QW-800,T
QX1000,T
QX1050,T
QZ1095W,T
QZ1095W_EEA,T
Q_LINE_Series,T
Q_PAD,T
Q_Pad_Plus,T
Q_Smart_BE,T
Q_Tab,T
Qbell 2K Android TV,T
Qbell 2K Android TV,T
Qbell 4K Android TV,T
Qbell FHD Android TV,T
Qbell UHD Android TV,T
Qi216,T
QiLive 8,T
QiLive 8QC,T
QiLive 97,T
QiLive 97R,T
Qilive 40,T
Qilive 45,T
Qilive 45 - 4G,T
Qilive 4K Smart TV,T
Qilive 50,T
Qilive 50 QC,T
Qilive 53,T
Qilive 7,T
Qilive 70v2,T
Qilive 79,T
Qilive 97R-2,T
Qilive FHD Android TV,T
Qilive UHD Android TV,T
Qin3ultra,T
Qmobile Phantom P1,T
Qmobile Phantom P1 Pro,T
Qphone2019_A,T
Qphone2_4110,T
Qrash,T
Qrypton1010,T
Qrypton7,T
Qtab 10.1 with keyboard,T
Qtab Ultra,T
Qtab10Plus,T
Qtouch_Q502,T
Qtouch_Q81,T
Qtouch_Q85,T
Qtouch_Q88,T
Qtouch_QT10,T
QuadTab E10.1,T
Qualcomm elite,T
Quamtum_Elegance_E1,T
Quantum,T
Quantum Fit,T
Quantum Fly,T
Quantum Go,T
Quantum M,T
Quantum MUV,T
Quantum MUV PRO,T
Quantum MUV UP,T
Quantum Mini,T
Quantum Q03,T
Quantum Q20,T
Quantum UP,T
Quantum V,T
Quantum You,T
Quantum You 2,T
Quantum You E,T
Quantum_500_STEEL,T
Quantum_Q7s,T
Quantum_Q7s_Plus,T
Quartz,T
QuartzLITE,T
QuartzPRO,T
QuartzT10-3,T
Quartzo UP,T
Quartzo_4G,T
Quartzo_up,T
Quatro 10,T
Quatro 8,T
Quechua Phone 5,T
Quest,T
Quest-Handheld,T
QuestGamingTablet,T
Quick 5.0,T
Quicktab,T
QuiltMotion Tablet 8,T
R-6502,T
R-TP10,T
R08,T
R1,T
R1 HD,T
R1 Lite,T
R1 PLUS,T
R1 Plus,T
R1 Pro,T
R10,T
R10 Pro,T
R1001,T
R1011,T
R103,T
R1036,T
R106,T
R10D,T
R10G,T
R10L5TR,T
R10X,T
R10_4G,T
R10_M,T
R10s,T
R11,T
R110,T
R11_ULTRA,T
R11pro,T
R15,T
R15_EEA,T
R15_PRO,T
R16,T
R16 PRO,T
R16Max,T
R16PROMAX,T
R16Plus,T
R16Pro_PAD_EEA,T
R16Pro_PAD_ROW,T
R180,T
R19,T
R1PLUS_1,T
R1_Lite,T
R2,T
R2 3G,T
R2 LTE,T
R2 Plus,T
R2 Pro,T
R20,T
R200,T
R2001,T
R2010,T
R2017,T
R2022,T
R255B,T
R2_Plus,T
R3,T
R30,T
R370L,T
R3G,T
R4,T
R4 GT,T
R4 LTE,T
R4-SH,T
R40,T
R40K,T
R45,T
R450,T
R455,T
R4G,T
R4S14,T
R4S14V,T
R5,T
R5 Pro,T
R5001L,T
R500_EEA,T
R500_U,T
R500_US,T
R500_V_EEA,T
R500_V_US,T
R505,T
R50A,T
R520,T
R550,T
R570E,T
R5C,T
R5Plus,T
R6,T
R6 PLUS,T
R60,T
R6006,T
R6007,T
R667L5,T
R667L5P,T
R667L5U,T
R678EL,T
R678L5,T
R678L5S,T
R678L5SFP,T
R678L5SLFP,T
R678L5SV,T
R678L5V,T
R67S,T
R67T,T
R6G,T
R7,T
R70,T
R7005,T
R7007,T
R700_EEA,T
R700_US,T
R70A,T
R726,T
R7MAX,T
R7Plus,T
R7Plusm,T
R7Plust,T
R7_1,T
R7_2,T
R7c,T
R7f,T
R7g,T
R7kc,T
R7kf,T
R7kt,T
R7plusf,T
R7s,T
R7sf,T
R7sm,T
R7st,T
R7t,T
R8,T
R8 DA1C8P02,T
R800-EEA,T
R8000,T
R8001,T
R8006,T
R8007,T
R800_EEA,T
R800_US,T
R800_U_EEA,T
R800_U_US,T
R800a,T
R800at,T
R800i,T
R800x,T
R809T,T
R8106,T
R8107,T
R8109,T
R815,T
R815T,T
R815W,T
R819,T
R819T,T
R820,T
R8200,T
R8201,T
R8205,T
R8206,T
R8207,T
R821,T
R821T,T
R823T,T
R827,T
R827T,T
R829,T
R829T,T
R830,T
R830S,T
R831,T
R831K,T
R831L,T
R831S,T
R831T,T
R833T,T
R850,T
R8G,T
R8L5T,T
R9 LITE,T
R900_EEA,T
R900_US,T
R9_Pro,T
RA10,T
RACER III mini,T
RAINBOW,T
RAINBOW 2,T
RAINBOW 4G,T
RAINBOW JAM,T
RAINBOW JAM 4G,T
RAINBOW LITE,T
RAINBOW LITE 4G,T
RAINBOW UP,T
RAINBOW UP 4G,T
RAISECOM M6511,T
RAKR30824,T
RANCON GOOGLE TV,T
RAPTOR,T
RATM20831,T
RATM21036,T
RATM30846,T
RATM31046,T
RATM31249,T
RATM3144B,T
RATR30824,T
RATR31024,T
RAVOZ R4,T
RAVOZ R7,T
RAVOZ R8,T
RAVOZ R9,T
RAVOZ V2,T
RAVOZ V3,T
RAVOZ V5,T
RAVOZ V6,T
RAVOZ V7,T
RAVOZ V8,T
RAVOZ V9,T
RAVOZ Z3,T
RAVOZ Z3 Lite,T
RAVOZ Z3 Pro,T
RAVOZ Z5,T
RAVOZ Z5 Lite,T
RAVOZ Z5 Pro,T
RAVOZ Z6 Lite,T
RAVOZ Z6 Pro,T
RAVOZ Z7,T
RAVOZ Z7 Pro,T
RAVOZ Z8,T
RAVOZ_Z4,T
RAVOZ_Z6,T
RAYO X1,T
RAZR HD,T
RA_1_GENIUS_STAR,T
RBN-NX1,T
RBN-NX3,T
RC10RLT,T
RC10RLT-RW,T
RC10T3G21,T
RC10TB,T
RC40,T
RC500L,T
RC501L,T
RC505L-RW,T
RC506LT,T
RC545L,T
RC555L,T
RC608L,T
RC608L2,T
RC609L,T
RC609L2,T
RC609LP,T
RC609LP-RW,T
RC609LSM,T
RC656L,T
RC656V,T
RC7T3G19,T
RC7T3G21,T
RC8L1T,T
RC8L1T-RW,T
RC8T3G21,T
RCA 4K Android TV,T
RCA 4K SMART TV,T
RCA G2,T
RCA SMART TV,T
RCARENO5011619,T
RCL,T
RCS13101T,T
RCT6002W46,T
RCT6077W2,T
RCT6077W22,T
RCT6078W2,T
RCT6103W46,T
RCT6203W46,T
RCT6203W46L,T
RCT6213W22,T
RCT6213W23,T
RCT6213W24,T
RCT6213W87DK,T
RCT6223W87,T
RCT6223W97,T
RCT6272W23,T
RCT6273W26,T
RCT6283W27,T
RCT6293W23,T
RCT6303W87DK,T
RCT6303W87M,T
RCT6303W87M7,T
RCT6378W2,T
RCT6513W87,T
RCT6513W87DK5e,T
RCT6513W87DK5eQ,T
RCT6513W87DK5eQe,T
RCT6513W87DK5eQm,T
RCT6573W23,T
RCT6603W47DK,T
RCT6603W47M7,T
RCT6603W87M7,T
RCT6613W23P,T
RCT6613W23PG,T
RCT6613W23PU,T
RCT6613W23Q,T
RCT6672W23,T
RCT6673W-V1,T
RCT6673W23M,T
RCT6673W43M,T
RCT6691W3,T
RCT6703W12,T
RCT6703W13,T
RCT6716Q23,T
RCT6716Q24,T
RCT6716Q25,T
RCT6773W22,T
RCT6773W22B,T
RCT6773W22BM,T
RCT6773W42B,T
RCT6873W42,T
RCT6873W42BMF8,T
RCT6873W42BMF8KC,T
RCT6873W42BMF8QE,T
RCT6873W42BMF9A,T
RCT6873W42BMF9E,T
RCT6873W42M,T
RCT6873W42M_F7,T
RCT6876Q22,T
RCT6876Q22N,T
RCT6973MDN,T
RCT6973W43,T
RCT6973W43M,T
RCT6973W43MD,T
RCT6973W43MDC8,T
RCT6973W43MDEU,T
RCT6973W43R,T
RCT6A03W12,T
RCT6A03W12EU,T
RCT6A03W13,T
RCT6A03W13E,T
RCT6A03W13FU,T
RCT6A03W13M,T
RCT6A03W13Q,T
RCT6A06E12,T
RCT6A06Q22,T
RCT6B03Q23,T
RCT6B03W12,T
RCT6B03W13,T
RCT6B06P23,T
RCT6B06Q23,T
RCT6B83W12,T
RCT6B86E12,T
RCT6K03W13,T
RCT6S03W12,T
RCT6S03W14,T
RCT6T06E13,T
RCT6T48Q35,T
RC_Series,T
RD115MQ,T
RD115MQE,T
RD11PT,T
RD11PTE,T
RD15PQE,T
RD15QE,T
RD16Q,T
RD16QE,T
RD195T,T
RD1XT,T
RD40T,T
RD40TE,T
RD50T,T
RD50TE,T
RD51QE,T
RD52,T
RD52E,T
RD60TE,T
RD62E,T
RD695TE,T
RD81PT,T
RD81PTE,T
RD86,T
RD865MQ,T
RD865MQE,T
RD86E,T
RD86QE,T
RD895T,T
RD895TE,T
RE04A_series,T
RE04N1_series,T
RE04N_series,T
RE04_series,T
RE05AC_series,T
RE05A_series,T
RE05_series,T
RE1,T
RE98_110_series,T
REA-NX9,T
REBEL,T
REGZA Projector,T
RENO_NAPA,T
RES102,T
REVVL 2,T
REVVL 2 PLUS,T
REVVL V+ 5G,T
REVVLRY,T
REVVLRY+,T
REVVL_2_5052W,T
REVVLry,T
REVVLution,T
RG Mini,T
RG-TB08-V2,T
RG-TB10,T
RG-TB711,T
RG-TB711-V1,T
RG-station2,T
RG1,T
RG10,T
RG10S,T
RG11,T
RG540,T
RG650,T
RG650 U,T
RG655,T
RG720,T
RG725,T
RG725Plus,T
RG740B,T
RG750,T
RG760,T
RG80,T
RG850,T
RG880,T
RG880i,T
RG910,T
RG930i,T
RG935,T
RG940,T
RGR5,T
RH511G,T
RIDGE,T
RIDGE 4G,T
RIDGE FAB 4G,T
RIGEL,T
RIO 2,T
RIO STAR,T
RIO-L03,T
RIOPAD_7,T
RIOPAD_S10_Pro,T
RIO_BN,T
RIO_DS,T
RIO_GN,T
RIO_RW,T
RIO_SS,T
RIO_ZAM,T
RIRO Pad,T
RIRO X100,T
RIVIERA F10,T
RIVIERA F23,T
RIVIERA U963,T
RJ TOYIN,T
RK25,T
RK25WO,T
RK26,T
RK3576,T
RK88,T
RK882,T
RK95,T
RK96,T
RKG107,T
RKG107_EEA,T
RKY-LX1,T
RKY-LX2,T
RKY-LX3,T
RLP8T,T
RLTP5573,T
RM-705,T
RM-M6DA09,T
RM02,T
RM05_series,T
RM6504,T
RM7504,T
RM8604,T
RMO-NX1,T
RMO-NX3,T
RMP2102,T
RMP2103,T
RMP2105,T
RMP2106,T
RMP2107,T
RMP2108,T
RMP2204,T
RMP2205,T
RMP2402,T
RMP2501,T
RMP2502,T
RMX1801,T
RMX1803,T
RMX1805,T
RMX1807,T
RMX1809,T
RMX1811,T
RMX1821,T
RMX1822,T
RMX1825,T
RMX1827,T
RMX1831,T
RMX1833,T
RMX1851,T
RMX1853,T
RMX1901,T
RMX1911,T
RMX1915,T
RMX1919,T
RMX1921,T
RMX1922,T
RMX1925,T
RMX1926,T
RMX1927,T
RMX1931,T
RMX1941,T
RMX1942,T
RMX1943,T
RMX1945,T
RMX1946,T
RMX1971,T
RMX1973,T
RMX1991,T
RMX1992,T
RMX1993,T
RMX2001,T
RMX2002,T
RMX2003,T
RMX2020,T
RMX2021,T
RMX2022,T
RMX2025,T
RMX2027,T
RMX2030,T
RMX2031,T
RMX2032,T
RMX2040,T
RMX2041,T
RMX2042,T
RMX2050,T
RMX2051,T
RMX2052,T
RMX2061,T
RMX2063,T
RMX2071,T
RMX2072,T
RMX2075,T
RMX2076,T
RMX2081,T
RMX2083,T
RMX2085,T
RMX2086,T
RMX2101,T
RMX2103,T
RMX2104,T
RMX2111,T
RMX2112,T
RMX2117,T
RMX2121,T
RMX2141,T
RMX2142,T
RMX2144,T
RMX2151,T
RMX2156,T
RMX2161,T
RMX2170,T
RMX2176,T
RMX2180,T
RMX2181,T
RMX2183,T
RMX2184,T
RMX2185,T
RMX2186,T
RMX2189,T
RMX2190,T
RMX2193,T
RMX2195,T
RMX2200,T
RMX2201,T
RMX2202,T
RMX2205,T
RMX3031,T
RMX3041,T
RMX3042,T
RMX3043,T
RMX3061,T
RMX3063,T
RMX3081,T
RMX3085,T
RMX3092,T
RMX3093,T
RMX3115,T
RMX3116,T
RMX3121,T
RMX3122,T
RMX3125,T
RMX3142,T
RMX3151,T
RMX3161,T
RMX3171,T
RMX3191,T
RMX3193,T
RMX3195,T
RMX3197,T
RMX3201,T
RMX3202,T
RMX3203,T
RMX3231,T
RMX3235,T
RMX3241,T
RMX3242,T
RMX3261,T
RMX3262,T
RMX3263,T
RMX3265,T
RMX3268,T
RMX3269,T
RMX3286,T
RMX3300,T
RMX3301,T
RMX3310,T
RMX3311,T
RMX3312,T
RMX3350,T
RMX3357,T
RMX3360,T
RMX3361,T
RMX3363,T
RMX3366,T
RMX3370,T
RMX3371,T
RMX3372,T
RMX3381,T
RMX3388,T
RMX3392,T
RMX3393,T
RMX3395,T
RMX3396,T
RMX3430,T
RMX3461,T
RMX3462,T
RMX3471,T
RMX3472,T
RMX3474,T
RMX3475,T
RMX3478,T
RMX3491,T
RMX3492,T
RMX3493,T
RMX3501,T
RMX3502,T
RMX3503,T
RMX3506,T
RMX3511,T
RMX3512,T
RMX3513,T
RMX3516,T
RMX3517,T
RMX3521,T
RMX3551,T
RMX3560,T
RMX3561,T
RMX3562,T
RMX3563,T
RMX3571,T
RMX3572,T
RMX3574,T
RMX3576,T
RMX3581,T
RMX3610,T
RMX3611,T
RMX3612,T
RMX3615,T
RMX3617,T
RMX3618,T
RMX3619,T
RMX3623,T
RMX3624,T
RMX3627,T
RMX3630,T
RMX3636,T
RMX3660,T
RMX3661,T
RMX3663,T
RMX3686,T
RMX3687,T
RMX3690,T
RMX3701,T
RMX3706,T
RMX3708,T
RMX3709,T
RMX3710,T
RMX3740,T
RMX3741,T
RMX3750,T
RMX3751,T
RMX3760,T
RMX3761,T
RMX3762,T
RMX3765,T
RMX3770,T
RMX3771,T
RMX3780,T
RMX3781,T
RMX3782,T
RMX3783,T
RMX3785,T
RMX3800,T
RMX3820,T
RMX3823,T
RMX3830,T
RMX3834,T
RMX3840,T
RMX3841,T
RMX3842,T
RMX3843,T
RMX3844,T
RMX3850,T
RMX3851,T
RMX3852,T
RMX3853,T
RMX3867,T
RMX3868,T
RMX3869,T
RMX3870,T
RMX3871,T
RMX3888,T
RMX3890,T
RMX3910,T
RMX3920,T
RMX3921,T
RMX3930,T
RMX3933,T
RMX3938,T
RMX3939,T
RMX3940,T
RMX3941,T
RMX3943,T
RMX3944,T
RMX3945,T
RMX3946,T
RMX3948,T
RMX3950,T
RMX3951,T
RMX3952,T
RMX3953,T
RMX3963,T
RMX3987,T
RMX3988,T
RMX3989,T
RMX3990,T
RMX3992,T
RMX3993,T
RMX3995,T
RMX3996,T
RMX3997,T
RMX3998,T
RMX3999,T
RMX5000,T
RMX5002,T
RMX5003,T
RMX5004,T
RMX5010,T
RMX5011,T
RMX5020,T
RMX5030,T
RMX5031,T
RMX5032,T
RMX5033,T
RMX5050,T
RMX5051,T
RMX5054,T
RMX5055,T
RMX5056,T
RMX5057,T
RMX5060,T
RMX5061,T
RMX5062,T
RMX5070,T
RMX5071,T
RMX5074,T
RMX5075,T
RMX5078,T
RMX5079,T
RMX5080,T
RMX5085,T
RMX5090,T
RMX5100,T
RMX5101,T
RMX5105,T
RMX5106,T
RMX5107,T
RMX5108,T
RMX5110,T
RMX5111,T
RMX5112,T
RMX5116,T
RMX5120,T
RMX5131,T
RMX5171,T
RMX5200,T
RMX5210,T
RMX5250,T
RMX5253,T
RMX5256,T
RMX5258,T
RMX5261,T
RMX5264,T
RMX5266,T
RMX5268,T
RMX5270,T
RMX5300,T
RMX5303,T
RMX5313,T
RMX5353,T
RMX5363,T
RMX5366,T
RMX5367,T
RMX5377,T
RMX5378,T
RMX5388,T
RMX5399,T
RMX5555,T
RMX5566,T
RMX6688,T
RMX6699,T
RMX8899,T
RNE-AL00,T
RNE-L01,T
RNE-L02,T
RNE-L03,T
RNE-L21,T
RNE-L22,T
RNE-L23,T
ROBBY,T
ROBBY2,T
ROBI,T
ROCK 1,T
ROCK 1 Pro,T
ROCK 2,T
ROCK 2 Pro,T
ROCK 3,T
ROCK 30,T
ROCK 5,T
ROCKET,T
ROCKET II,T
ROCKET III,T
ROCKY T2,T
ROCK_X11,T
ROD2-W09,R
ROD2-W69,T
ROL-W00,R
ROL-W10,T
ROL-W60,T
RP01,T
RP02,T
RP03,T
RP04,T
RP05,T
RP05V_series,T
RP05_series,T
RP08,T
RP350,T
RP6504,T
RP70A,T
RP7504,T
RP8604,T
RPSPE4301,T
RQ-712,T
RQ-713S,T
RQ-768,T
RQ-G,T
RRS12,T
RS-401,T
RS-403,T
RS10,T
RS2503-AU,T
RS2632-AU,T
RS300A,T
RS31,T
RS35,T
RS36,T
RS38,T
RS405,T
RS50,T
RS500,T
RS501,T
RS51_HS,T
RS550,T
RS60,T
RS80,T
RS8501,T
RS8502,T
RS9602,T
RS987,T
RS988,T
RSE,T
RSE E1,T
RSE1708,T
RSEIII,T
RSTV-A4K-16,T
RT-08MG,T
RT-1708,T
RT-G1,T
RT-G2,T
RT080,T
RT1,T
RT10,T
RT10 Pro,T
RT101,T
RT101A9,T
RT103,T
RT10A,T
RT11,T
RT112,T
RT2,T
RT3,T
RT3 Plus,T
RT3 Pro,T
RT40,T
RT40S,T
RT4300,T
RT4500,T
RT5,T
RT503,T
RT55,T
RT6,T
RT7 TITAN,T
RT7 TITAN 5G,T
RT8,T
RT800,T
RT80A9,T
RT9,T
RTC-tablet,T
RTK D1,T
RTK V8,T
RTK V9,T
RTSP-A124ML,T
RTSP-A258HM,T
RTSP-A64B,T
RU1,T
RUBY,T
RUGTAKE_T5 Pro,T
RUIO_S4,T
RUSH,T
RVL-AL09,T
RVPVK808,T
RW10,T
RW107,T
RW8,T
RWT-NE-RGPH5-12812,T
RWT-NE-RGPH5-25612,T
RX,T
RX PRO,T
RX Plus,T
RX1,T
RX10ProV7,T
RX10v10,T
RX10v8,T
RX10v9,T
RX11,T
RX11v2,T
RX12,T
RX17,T
RX2,T
RX3503,T
RX4505,T
RX4559,T
RX460,T
RX4618,T
RX4702,T
RX4802,T
RX550,T
RX600,T
RX7 Mini,T
RX700,T
RX7V4,T
RX7_v3,T
RX8v7,T
RZ-E302,T
RZ-H270,T
RZ2408,T
R_6503,T
Race 1,T
Racer,T
Radar Deluxe 2,T
Rage,T
RainbowII 3G,T
RainbowIII3G,T
Ranger2,T
Ranger2K,T
Ranger2KN,T
Ranger2K_N,T
Ranger2_N,T
Ranger5,T
Ranger710,T
Ranger8,T
Ranger_5,T
Raptor,T
Razer Edge 5G,T
Razer Edge WiFi,T
Razor,T
ReSYS_IB,T
ReadlyReaderOne,T
RealPad MA7BX2,T
Realme Smart TV,T
RealtekHank,T
RealtekThor,T
Realtime_T503F_L1,T
Red Royal Edition,T
Redmi 3,T
Redmi 3S,T
Redmi 4,T
Redmi 4A,T
Redmi 4X,T
Redmi 5,T
Redmi 5 Plus,T
Redmi 5A,T
Redmi 6,T
Redmi 6 Pro,T
Redmi 6A,T
Redmi 7,T
Redmi 7A,T
Redmi 8,T
Redmi 8A,T
Redmi 8A Dual,T
Redmi 8A Pro,T
Redmi Go,T
Redmi K20,T
Redmi K20 Pro,T
Redmi K20 Pro Premium Edition,T
Redmi K30,T
Redmi K30 5G,T
Redmi K30 Pro,T
Redmi K30 Pro 5G,T
Redmi K30 Pro 5G Zoom Edition,T
Redmi K30 Pro Zoom Edition,T
Redmi K30i 5G,T
Redmi Note 2,T
Redmi Note 3,T
Redmi Note 4,T
Redmi Note 4X,T
Redmi Note 5,T
Redmi Note 5 Pro,T
Redmi Note 5A,T
Redmi Note 6 Pro,T
Redmi Note 7,T
Redmi Note 7 Pro,T
Redmi Note 8,T
Redmi Note 8 Pro,T
Redmi Note 8T,T
Redmi Note 9 Pro,T
Redmi Note 9 Pro Max,T
Redmi Note 9S,T
Redmi Pro,T
Redmi S2,T
Redmi Y1,T
Redmi Y3,T
Reeva_Plus,T
Rego,T
Remix Mini,T
Remoter,T
Reno Max,T
Reno Pro,T
RestoTab,T
Retro,T
Retroid Pocket 4 Pro,T
Reveal 16i,T
RevoYou,T
Revolution TnT3,T
Revue,T
Rex,T
Rhino 1 Pro,T
Rida_SP5003G_LTE,T
Ridge,T
Ridge 4G-Fever,T
Ridge Plus,T
Rimo,T
Rimo Plus,T
RioPlay,T
Rio_X,T
Rise,T
Rise50,T
River X1,T
River X3,T
Rivian,T
Rizzen_X_26X2,T
Roar_A50,T
Roar_V78,T
Robin,T
RobotPad-A1,T
RobotPad-A1_EEA,T
Rocket,T
Rocket Lite,T
Rocket Pro,T
Rocktab S508,T
Rocktab S510,T
Rocky 2,T
Rocky_1,T
Rook from EE,T
Rouge1,T
Rover_2,T
Royale A1,T
Royale Y2,T
Royale Y2 Lite,T
Royale_X2,T
RubensTab T12,T
RubensTab T14,T
RubensTab_T11,T
Rubik 10.1 II,T
RubikII7,T
Rubik_10_III,T
Ruby5S,T
RugGear RG730,T
RugKing,T
RugKing 2 Pro,T
RugKing 3 Pro,T
RugKing 4 Pro,T
RugKing 5 Pro,T
RugKing Pad 2 Pro,T
RugKing Pad Pro,T
RugPad Pro,T
Ruggbo AA,T
RuggboLite,T
Rugged S1,T
Rugged S2,T
Rugged Tablet,T
Rugged tablet,T
Rugged60Q,T
Rugged_tablet,T
Ruio_S5Plus,T
Ruio_i7Ultra,T
Rush,T
Rush Plus,T
RxIS02,T
RxIS201,T
RxIS202,T
RxIS203,T
S,T
S Punk Pro,T
S TAB 10\'\' II,T
S cyber,T
S cyber Pro,T
S punk,T
S-101TAB,T
S-764,T
S-764-EEA,T
S-SAB220,T
S-SAB5000,T
S01-orange,T
S1,T
S1 Jazz,T
S10,T
S10 Tank 2020,T
S10 Tank PRO 2020,T
S10-232L,T
S10-9863,T
S10-KC,T
S100,T
S1000,T
S1000Pro,T
S100ApeX,T
S100E,T
S100Pro,T
S1032X,T
S1035X,T
S104G,T
S1052,T
S108,T
S10A,T
S10G001S4M,T
S10G001S4M_EEA,T
S10M,T
S10M_EEA,T
S10PLUS,T
S10Y,T
S10_EEA,T
S10_Plus,T
S10_Pro,T
S10_ROW,T
S10_Tank_2019,T
S10_US,T
S10_U_EEA,T
S10_U_US,T
S10_V_EEA,T
S10_V_US,T
S11,T
S11 Pro,T
S110,T
S118,T
S118 Pro,T
S119,T
S119 Pro,T
S11M,T
S11Ultra,T
S11_EEA,T
S11_ROW,T
S11_V_EEA,T
S11_V_US,T
S12,T
S12 Lite,T
S12PLUS,T
S12Pro,T
S12_Pro,T
S12_classic,T
S13,T
S14,T
S15,T
S15 Pro,T
S150,T
S1582C,T
S1586K,T
S1587K,T
S15Pro,T
S16,T
S16 Pro,T
S169,T
S16PRO,T
S17,T
S17 Pro,T
S170i,T
S17Pro,T
S18,T
S18 Max,T
S180,T
S180i,T
S186_Sky_3,T
S18PRO-H,T
S19,T
S19 Max,T
S19 Max 2/128GB,T
S19 Max 32GB,T
S19 Max 64GB,T
S19 Max Pro,T
S19 Max Pro S,T
S19 Max Pro S 108 MP,T
S19 Max Pro S Edge,T
S19 Max Pro S Zoom,T
S19 MaxL 128GB,T
S190,T
S1A,T
S1_pro_26501,T
S1a,T
S1s,T
S2,T
S2 Advance,T
S2 Pro,T
S20,T
S200,T
S200 E,T
S200 Max,T
S200 Plus,T
S200 Ultra,T
S200 X,T
S2000-Z0C11,T
S200M,T
S201,T
S204G,T
S20C,T
S20_2020,T
S20_EEA,T
S20iQ19,T
S21,T
S21 Plus 2021_EEA,T
S21 Ultra 4G 2021_EEA,T
S21_EEA,T
S21_Plus,T
S21_US,T
S22,T
S22 FLIP,T
S22-8A,T
S22-EEA,T
S22-US,T
S22_EEA,T
S22_M_EEA,T
S22_M_US,T
S22_T_EEA,T
S22_T_US,T
S22_US,T
S23,T
S23 Pro Max,T
S23 Pro Max 256GB,T
S23 SE,T
S23_EEA,T
S23_EEA_A,T
S23_M_US,T
S23_T_EEA,T
S23_T_US,T
S23_US,T
S23_US_B,T
S23_U_EEA,T
S23_U_US,T
S24,T
S24 Neo,T
S25,T
S25 Neo,T
S25u,T
S26,T
S270,T
S270i,T
S28,T
S28 ultra,T
S280,T
S290,T
S2_PRO,T
S3,T
S3 Dual,T
S3 Pro,T
S3-SH,T
S30,T
S30 ULTRA APEX 2021,T
S30-Pro,T
S300,T
S300 Plus,T
S300 Plus Thermal,T
S300 Pro,T
S3000-T0C08,T
S300Plus,T
S300Pro,T
S3015,T
S30Pro,T
S30_1,T
S30_EEA,T
S31,T
S32,T
S3201,T
S32_NFC,T
S32_Plus,T
S33,T
S34,T
S35,T
S350,T
S35Pro,T
S35T,T
S370,T
S380,T
S397,T
S39h,T
S3T10IN,T
S3T10IN3G,T
S3T7IN,T
S3T7IN3G,T
S3_EEA,T
S3_Pro,T
S3_US,T
S3_U_EEA,T
S3_U_US,T
S3_V_EEA,T
S3_V_US,T
S3mini,T
S3pro,T
S4,T
S4-KC,T
S40,T
S40 VINO PLUS,T
S40 Vino,T
S4000-C0C10,T
S4001W,T
S401,T
S401A,T
S4035 3G,T
S4035_4G,T
S4040,T
S4082 Duo,T
S4090,T
S4090L,T
S40E,T
S40Lite,T
S40Pro,T
S40_EBONY,T
S40_LIFE,T
S40_VISTA,T
S41,T
S41 Max,T
S41 Plus,T
S41Pro,T
S41T,T
S42,T
S420,T
S421 Positivo Life,T
S43,T
S430 Positivo Twist Mini,T
S440,T
S45,T
S450,T
S455,T
S45B,T
S45E,T
S47,T
S470,T
S471,T
S480,T
S48c,T
S49 ECO,T
S49 MONO,T
S49 cobalt,T
S49_POISE,T
S4G,T
S4KW3,T
S4Plus,T
S4S5IN3G,T
S4S5IN4G,T
S4S6IN3G,T
S4T,T
S4T10IN3G,T
S4T7IN,T
S4T7IN3G,T
S4T9IN,T
S4Z,T
S5,T
S5 PLUS,T
S5 Pro,T
S5 Silk,T
S5-SH,T
S5.1,T
S5.5,T
S50,T
S500,T
S5002,T
S5006,T
S501,T
S501 Plus,T
S5012,T
S501A,T
S501APlus,T
S501plus-Z,T
S502,T
S5021,T
S503L,T
S504,T
S504050,T
S5062 Duo,T
S5068,T
S507,T
S50PROE,T
S50_BOLD,T
S50_Pro,T
S50c,T
S51,T
S510,T
S515,T
S518,T
S51SE,T
S51_lite,T
S52,T
S520,T
S5230,T
S53,T
S53_STARK,T
S54,T
S545,T
S55,T
S55 Nova,T
S550,T
S5500,T
S5501,T
S5501L,T
S5502L,T
S5503L,T
S5504L,T
S5506,T
S5506L,T
S5521,T
S554020,T
S5548,T
S558,T
S55A,T
S55B,T
S55E,T
S55_Lite,T
S56,T
S56 MIST,T
S567,T
S57,T
S570,T
S5701L,T
S5702L,T
S5704L,T
S571,T
S5710,T
S574010S,T
S5790,T
S57_ALURE,T
S57_AZURE,T
S58A,T
S58Pro,T
S59,T
S59Pro,T
S5E_NXT,T
S5LS,T
S5S4IN3G,T
S5S5IN4G,T
S5T10IN,T
S5T10IN3G,T
S5T10INBT,T
S5T7IN3G,T
S5T9INDVD,T
S5US,T
S5_CRISTAL,T
S5_Pro,T
S6,T
S6 Pro,T
S6-EEA,T
S6-KC,T
S60,T
S60 Discovery Plus,T
S60 Lite,T
S6000,T
S6001L,T
S6003L,T
S6006L,T
S6007L,T
S6008L,T
S6010L,T
S60CLI,T
S60Lite,T
S60Pro,T
S60_Discovery_2019,T
S61,T
S61 JAZZ,T
S611,T
S6122,T
S6133S,T
S61B,T
S61Pro,T
S62,T
S62 Pro,T
S620,T
S6206,T
S62_Eco_3,T
S63,T
S630,T
S6303L,T
S6304L,T
S630M,T
S63Plus,T
S64,T
S64_ALPHA,T
S65,T
S6501,T
S6501L,T
S6503L,T
S6505L,T
S6506,T
S6512L,T
S6514L,T
S6518,T
S6523,T
S6523 EEA,T
S6523 RU,T
S6525,T
S6525 EEA,T
S6525 RU,T
S6528,T
S6537G,T
S6539,T
S6539Q,T
S6561,T
S65L,T
S66,T
S6601L,T
S6603L,T
S6605L,T
S67,T
S670,T
S6701L,T
S6702X,T
S6703L,T
S6704L,T
S6705,T
S6707X,T
S6710X,T
S68Pro,T
S6Plus,T
S6S4IN3G,T
S6S55IN3G,T
S6S5IN3G,T
S6S6IN3G,T
S6T7IN3G,T
S6_EEA,T
S6_US,T
S6s,T
S7,T
S7-721u,T
S7-SH,T
S7-classic,T
S70,T
S70 Pro,T
S700,T
S7043G,T
S70A,T
S70CDS,T
S70Lite,T
S70PCI,T
S71,T
S71 Flip,T
S710 Ruby,T
S72,T
S7210,T
S7220,T
S7252,T
S73,T
S732,T
S75,T
S770,T
S770i,T
S7842,T
S7A,T
S7C,T
S7D,T
S7G,T
S7P,T
S7Pro,T
S7_EEA,T
S8,T
S8 Plus,T
S8 Pro,T
S8-303L,T
S8-303LT,T
S8-306L,T
S8-701u,T
S8-701w,T
S8-821w,T
S8-CLASSIC,T
S8-KC,T
S8-RK3368,T
S80,T
S800,T
S8001,T
S80Lite,T
S81,T
S813G,T
S82,T
S826,T
S83,T
S8300,T
S8306,T
S8308,T
S84,T
S85,T
S86,T
S86Pro,T
S87,T
S88,T
S888,T
S88Plus,T
S88Pro,T
S89,T
S898,T
S89Pro,T
S8K,T
S8Lite,T
S8Plus,T
S8Plus2,T
S8Plus3,T
S8Pro,T
S8Q,T
S8X,T
S8_EEA,T
S8_Lite,T
S8_Pro,T
S8_Ultra,T
S8_plus_a,T
S8a,T
S8e,T
S9,T
S9-KC,T
S90,T
S900Plus,T
S90C,T
S90Pro,T
S90_Apex,T
S91,T
S91 Pro,T
S917V18,T
S917V9,T
S919,T
S919 SE,T
S91A,T
S93,T
S94,T
S95,T
S952,T
S95Pro,T
S96GT,T
S96Pro,T
S9714,T
S97Pro,T
S98,T
S988,T
S98Pro,T
S99,T
S99i,T
S9_4G,T
S9_EEA,T
S9_Plus,T
S9_Pro,T
SA 2K SMART TV,T
SA 2K TV,T
SA 4K Android TV,T
SA070,T
SA08_310,T
SA100,T
SA12 series,T
SA50_21620,T
SA55 2GB/16GB 2400mAh GMS,T
SA70,T
SAB200_001,T
SAF3011,T
SAGE,T
SAH55,T
SAH55AM,T
SAKURA_FTE1,T
SALORA,T
SALT A78,T
SAMBA65S,T
SAMSUNG-SGH-I257,T
SAMSUNG-SGH-I317,T
SAMSUNG-SGH-I337,T
SAMSUNG-SGH-I337Z,T
SAMSUNG-SGH-I407,T
SAMSUNG-SGH-I437,T
SAMSUNG-SGH-I437P,T
SAMSUNG-SGH-I437Z,T
SAMSUNG-SGH-I467,T
SAMSUNG-SGH-I497,T
SAMSUNG-SGH-I527,T
SAMSUNG-SGH-I537,T
SAMSUNG-SGH-I547,T
SAMSUNG-SGH-I577,T
SAMSUNG-SGH-I717,T
SAMSUNG-SGH-I727,T
SAMSUNG-SGH-I747,T
SAMSUNG-SGH-I747Z,T
SAMSUNG-SGH-I777,T
SAMSUNG-SGH-I827,T
SAMSUNG-SGH-I847,T
SAMSUNG-SGH-I857,T
SAMSUNG-SGH-I896,T
SAMSUNG-SGH-I897,T
SAMSUNG-SGH-I927,T
SAMSUNG-SGH-I927R,T
SAMSUNG-SGH-I957,T
SAMSUNG-SGH-I957D,T
SAMSUNG-SGH-I957M,T
SAMSUNG-SGH-I957R,T
SAMSUNG-SGH-I997,T
SAMSUNG-SGH-I997R,T
SAMSUNG-SM-C105A,T
SAMSUNG-SM-G360AZ,T
SAMSUNG-SM-G530A,T
SAMSUNG-SM-G530AZ,T
SAMSUNG-SM-G730A,T
SAMSUNG-SM-G750A,T
SAMSUNG-SM-G800A,T
SAMSUNG-SM-G850A,T
SAMSUNG-SM-G870A,T
SAMSUNG-SM-G890A,T
SAMSUNG-SM-G891A,T
SAMSUNG-SM-G900A,T
SAMSUNG-SM-G900AZ,T
SAMSUNG-SM-G920A,T
SAMSUNG-SM-G920AZ,T
SAMSUNG-SM-G925A,T
SAMSUNG-SM-G928A,T
SAMSUNG-SM-G930A,T
SAMSUNG-SM-G930AZ,T
SAMSUNG-SM-G935A,T
SAMSUNG-SM-J120A,T
SAMSUNG-SM-J120AZ,T
SAMSUNG-SM-J320A,T
SAMSUNG-SM-J320AZ,T
SAMSUNG-SM-J321AZ,T
SAMSUNG-SM-J326AZ,T
SAMSUNG-SM-J327A,T
SAMSUNG-SM-J327AZ,T
SAMSUNG-SM-J727A,T
SAMSUNG-SM-J727AZ,T
SAMSUNG-SM-N900A,T
SAMSUNG-SM-N910A,T
SAMSUNG-SM-N915A,T
SAMSUNG-SM-N920A,T
SAMSUNG-SM-N930A,T
SAMSUNG-SM-P907A,T
SAMSUNG-SM-T217A,T
SAMSUNG-SM-T337A,T
SAMSUNG-SM-T377A,T
SAMSUNG-SM-T537A,T
SAMSUNG-SM-T677A,T
SAMSUNG-SM-T707A,T
SAMSUNG-SM-T807A,T
SAMSUNG-SM-T817A,T
SAMSUNG-SM-T818A,T
SAN-8487,T
SANCO Android TV,T
SANLUX 4K MONITOR,T
SANSUI 4K Smart TV,T
SANSUI SmartTV,T
SANSUI4KAndroidTV,T
SANSUITV UHD,T
SAPPHIRE_HDLT,T
SATURN,T
SATURN SELFIE,T
SATURNO2,T
SA_Series,T
SB-TM700,T
SB11MD1,T
SB506,T
SB510,T
SBAA1011,T
SBM003SH,T
SBM005SH,T
SBM006SH,T
SBM007SH,T
SBM007SHJ,T
SBM007SHK,T
SBM009SH,T
SBM009SHY,T
SBM101SH,T
SBM102SH,T
SBM102SH2,T
SBM103SH,T
SBM104SH,T
SBM106SH,T
SBM107SH,T
SBM107SHB,T
SBM200SH,T
SBM203SH,T
SBM204SH,T
SBM205SH,T
SBM206SH,T
SBM302SH,T
SBM303SH,T
SC-01C,T
SC-01D,T
SC-01E,T
SC-01F,T
SC-01G,T
SC-01H,T
SC-01J,T
SC-01K,T
SC-01L,T
SC-01M,T
SC-02B,T
SC-02C,T
SC-02D,T
SC-02E,T
SC-02F,T
SC-02G,T
SC-02H,T
SC-02J,T
SC-02K,T
SC-02L,T
SC-02M,T
SC-03D,T
SC-03E,T
SC-03G,T
SC-03J,T
SC-03K,T
SC-03L,T
SC-04E,T
SC-04F,T
SC-04G,T
SC-04J,T
SC-04L,T
SC-05D,T
SC-05G,T
SC-05L,T
SC-06D,T
SC-2109,T
SC-2110,T
SC-2110A,T
SC-3107,T
SC-3110,T
SC-4009DL,T
SC-4107,T
SC-4110,T
SC-41A,T
SC-42A,T
SC-4317BT,T
SC-51A,T
SC-51B,T
SC-51C,T
SC-51D,T
SC-51E,T
SC-51F,T
SC-51G,T
SC-52A,T
SC-52B,T
SC-52C,T
SC-52D,T
SC-52E,T
SC-52F,T
SC-52G,T
SC-5310BDL,T
SC-53A,T
SC-53B,T
SC-53C,T
SC-53D,T
SC-53E,T
SC-53F,T
SC-53G,T
SC-54A,T
SC-54B,T
SC-54C,T
SC-54D,T
SC-54E,T
SC-54F,T
SC-54G,T
SC-55B,T
SC-55C,T
SC-55D,T
SC-55E,T
SC-55F,T
SC-55G,T
SC-56B,T
SC-56C,T
SC-56F,T
SC-56G,T
SC-57G,T
SC-725,T
SC-774KT,T
SC-779KT,T
SC-780KT,T
SC-813,T
SC-9810,T
SC-S01,T
SC02-I5,T
SC0802,T
SC228,T
SC40,T
SC51Aa,T
SC730,T
SC777,T
SC777-F,T
SC9EX1,T
SCC-U21,T
SCEPTRE AndroidTV,T
SCG01,T
SCG02,T
SCG03,T
SCG04,T
SCG06,T
SCG07,T
SCG08,T
SCG09,T
SCG10,T
SCG11,T
SCG12,T
SCG13,T
SCG14,T
SCG15,T
SCG16,T
SCG17,T
SCG18,T
SCG19,T
SCG20,T
SCG21,T
SCG22,T
SCG23,T
SCG24,T
SCG25,T
SCG26,T
SCG27,T
SCG28,T
SCG29,T
SCG30,T
SCG31,T
SCG32,T
SCG33,T
SCG34,T
SCG35,T
SCG36,T
SCG37,T
SCG38,T
SCG39,T
SCG40,T
SCG41,T
SCH-I100,T
SCH-I110,T
SCH-I200,T
SCH-I200PP,T
SCH-I400,T
SCH-I405,T
SCH-I415,T
SCH-I435,T
SCH-I435L,T
SCH-I500,T
SCH-I509,T
SCH-I510,T
SCH-I535,T
SCH-I535PP,T
SCH-I545,T
SCH-I545L,T
SCH-I545PP,T
SCH-I589,T
SCH-I605,T
SCH-I619,T
SCH-I629,T
SCH-I679,T
SCH-I699I,T
SCH-I705,T
SCH-I739,T
SCH-I759,T
SCH-I800,T
SCH-I815,T
SCH-I829,T
SCH-I869,T
SCH-I879,T
SCH-I879E,T
SCH-I905,T
SCH-I915,T
SCH-I925,T
SCH-I925U,T
SCH-I939,T
SCH-I939D,T
SCH-I959,T
SCH-L710,T
SCH-M828C,T
SCH-N719,T
SCH-P709,T
SCH-P729,T
SCH-P739,T
SCH-R530C,T
SCH-R530M,T
SCH-R530U,T
SCH-R530X,T
SCH-R680,T
SCH-R720,T
SCH-R730,T
SCH-R740C,T
SCH-R760,T
SCH-R760X,T
SCH-R820,T
SCH-R830,T
SCH-R830C,T
SCH-R880,T
SCH-R890,T
SCH-R910,T
SCH-R915,T
SCH-R920,T
SCH-R930,T
SCH-R940,T
SCH-R950,T
SCH-R960,T
SCH-R970,T
SCH-R970C,T
SCH-R970X,T
SCH-S720C,T
SCH-S735C,T
SCH-S738C,T
SCH-S950C,T
SCH-S960L,T
SCH-S968C,T
SCH-W789,T
SCH-i509,T
SCH-i559,T
SCH-i569,T
SCH-i579,T
SCH-i589,T
SCH-i705,T
SCH-i889,T
SCH-i909,T
SCH-i929,T
SCHNEIDER 2K Android TV,T
SCHNEIDER 4K Android TV,T
SCHNEIDER AndroidTV,T
SCL-AL00,T
SCL-CL00,T
SCL-L01,T
SCL-TL00,T
SCL-TL00H,T
SCL-U23,T
SCL21,T
SCL22,T
SCL23,T
SCL24,T
SCQ-50001G,T
SCT21,T
SCT22,R
SCV31,T
SCV32,T
SCV33,T
SCV34,T
SCV35,T
SCV36,T
SCV37,T
SCV38,T
SCV39,T
SCV40,T
SCV41,T
SCV42,T
SCV43,T
SCV43-j,T
SCV43-u,T
SCV44,T
SCV45,T
SCV46,T
SCV46-j,T
SCV46-u,T
SCV47,T
SCV48,T
SCV49,T
SCVinfi 4K,T
SC_1010JBBT,T
SC_4317,T
SC_4317BT,T
SC_774KT,T
SD01,T
SD0C4,T
SD0L4,T
SD100,T
SD50,T
SD55,T
SD57,T
SD70,T
SD80,T
SD917R,T
SDA-700TAB,T
SDA-80TAB,T
SDA-835TAB,T
SDA-8TAB,T
SDN200,T
SDOTT0202,T
SDQ-55034L,T
SDQ-55044L,T
SDQ-57004L,T
SDQ_52001G,T
SDQ_52004L,T
SDSTB01,T
SDU,T
SE,T
SE 2K Android Monitor,T
SE1,T
SE2,T
SECRET_XR,T
SEGO EPIC,T
SEI-120G,T
SEI103DL,T
SEI300SLT,T
SEI600GO,T
SEI700MRT,T
SEITWD13CA,T
SELFIX_ES732_EXPERIUS,T
SELFY,T
SELFY 4G,T
SEMPE,T
SENCOR_10_1Q102,T
SENCOR_7Q105,T
SENIOR,T
SENS CURVE,T
SENS G,T
SENS PLUS,T
SENS PRO,T
SENSE,T
SENSE1003G,T
SENSE701,T
SENSE704G,T
SENSE901,T
SENSEIT A247,T
SENSEIT L301,T
SENSEIT N151,T
SENSEIT T250,T
SENSEIT W289,T
SENSEIT_A109,T
SEN_1055_ARM,T
SEN_1055_ARM1064,T
SEP011037,T
SER-AN00,T
SERIE_M_100,T
SERIE_M_200,T
SERIE_M_300,T
SEVEN,T
SE_9679,T
SF04 4G,T
SF1560,T
SF550,T
SF56,T
SF650,T
SFCSTB2LITE,T
SFR-G8800,T
SG-TM-xxXP,T
SG2,T
SG3,T
SG390,T
SG402,T
SG504,T
SGC4K,T
SGG-06,T
SGH-I257M,T
SGH-I317M,T
SGH-I337M,T
SGH-I467M,T
SGH-I497,T
SGH-I527M,T
SGH-I537,T
SGH-I547C,T
SGH-I717,T
SGH-I717D,T
SGH-I717M,T
SGH-I717R,T
SGH-I727,T
SGH-I727R,T
SGH-I747M,T
SGH-I748,T
SGH-I757M,T
SGH-I827D,T
SGH-I896,T
SGH-I927,T
SGH-I957D,T
SGH-I957M,T
SGH-I957R,T
SGH-M819N,T
SGH-M919,T
SGH-M919N,T
SGH-M919V,T
SGH-N037,T
SGH-N075T,T
SGH-S730M,T
SGH-S959G,T
SGH-S970G,T
SGH-T399,T
SGH-T399N,T
SGH-T499,T
SGH-T499V,T
SGH-T499Y,T
SGH-T589,T
SGH-T589R,T
SGH-T589W,T
SGH-T599,T
SGH-T599N,T
SGH-T599V,T
SGH-T679,T
SGH-T679M,T
SGH-T699,T
SGH-T759,T
SGH-T769,T
SGH-T779,T
SGH-T839,T
SGH-T849,T
SGH-T859,T
SGH-T869,T
SGH-T879,T
SGH-T889,T
SGH-T889V,T
SGH-T959,T
SGH-T959D,T
SGH-T959P,T
SGH-T959V,T
SGH-T959W,T
SGH-T989,T
SGH-T989D,T
SGH-T999,T
SGH-T999L,T
SGH-T999N,T
SGH-T999V,T
SGINO6,T
SGIN_E10M,T
SGIN_X10,T
SGIN_X10_EEA,T
SGP311,T
SGP312,T
SGP321,T
SGP341,T
SGP351,T
SGP412,T
SGP511,T
SGP512,T
SGP521,T
SGP551,T
SGP561,T
SGP611,T
SGP612,T
SGP621,T
SGP641,T
SGP712,T
SGP771,T
SGPT12,T
SGPT13,T
SGWIFIPAD320093,T
SH-01D,T
SH-01E,T
SH-01EVW,T
SH-01F,T
SH-01FDQ,T
SH-01G,T
SH-01H,T
SH-01K,T
SH-01L,T
SH-01M,T
SH-02D,T
SH-02E,T
SH-02F,T
SH-02G,T
SH-02H,T
SH-02J,T
SH-02L,T
SH-02M,T
SH-03C,T
SH-03F,T
SH-03G,T
SH-03H,T
SH-03J,T
SH-03K,T
SH-04D,T
SH-04E,T
SH-04F,T
SH-04G,T
SH-04H,T
SH-04L,T
SH-05E,T
SH-05F,T
SH-05G,T
SH-06D,T
SH-06DNERV,T
SH-06E,T
SH-06F,T
SH-06G,T
SH-07D,T
SH-07E,T
SH-08E,T
SH-09D,T
SH-10B,T
SH-10D,T
SH-12C,T
SH-13C,T
SH-41A,T
SH-51A,T
SH-51B,T
SH-51C,T
SH-51D,T
SH-51E,T
SH-51F,T
SH-51G,T
SH-52C,T
SH-52D,T
SH-52E,T
SH-52F,T
SH-53A,T
SH-53C,T
SH-53D,T
SH-53E,T
SH-53F,T
SH-54B,T
SH-54D,T
SH-54E,T
SH-A01,T
SH-C02,T
SH-C03,T
SH-C04,T
SH-C05,T
SH-C06,T
SH-D01,T
SH-H01,T
SH-L02,T
SH-M01,T
SH-M02,T
SH-M02-EVA20,T
SH-M03,T
SH-M04,T
SH-M05,T
SH-M06,T
SH-M07,T
SH-M08,T
SH-M09,T
SH-M10,T
SH-M11,T
SH-M12,T
SH-M12-y,T
SH-M13,T
SH-M14,T
SH-M15,T
SH-M16,T
SH-M17,T
SH-M19,T
SH-M19s-y,T
SH-M20,T
SH-M22,T
SH-M24,T
SH-M25,T
SH-M26,T
SH-M27,T
SH-M28,T
SH-M29,T
SH-M30,T
SH-M31,T
SH-M32,T
SH-M33,T
SH-M34,T
SH-M35,T
SH-R10A,T
SH-R50,T
SH-R80,T
SH-R80P,T
SH-RM02,T
SH-RM11,T
SH-RM12,T
SH-RM15,T
SH-RM18,T
SH-RM19,T
SH-RM19s,T
SH-S40P,T
SH-S50,T
SH-S70P,T
SH-T01,T
SH-T04C,T
SH-WS10,T
SH-Z01,T
SH-Z10,T
SH-Z10A,T
SH-Z20,T
SH-Z60,T
SH1,T
SH4651,T
SH530U,T
SH60_23230,T
SH631W,T
SH65 2GB/32GB 4800mAh GMS,T
SH65_23248,T
SH80F,T
SH8118U,T
SH8128U,T
SH8188U,T
SH825Wi,T
SH837W,T
SH90B,T
SH930W,T
SH940C-LN,T
SH950C-CM,T
SH960C-DS,T
SH960C-LN,T
SH960S-AT,T
SHAHIN III,T
SHAHIN IV,T
SHARK,T
SHARK 6,T
SHARK 8,T
SHARK 9,T
SHARK KLE-A0,T
SHARK KLE-H0,T
SHARK KSR-A0,T
SHARK KSR-H0,T
SHARK MBU-A0,T
SHARK MBU-H0,T
SHARK PRS-A0,T
SHARK PRS-H0,T
SHARP 2K EU Android TV,T
SHARP 4K EU Android TV,T
SHARP 4K TVH,T
SHARP 4K TVT,T
SHARP 4K UHDTV,T
SHARP-ADS1,T
SHARP1,T
SHARP2_Pro,T
SHARP_2,T
SHF31,T
SHF32,T
SHF33,T
SHG01,T
SHG02,T
SHG03,T
SHG04,T
SHG05,T
SHG06,T
SHG07,T
SHG08,T
SHG09,T
SHG10,T
SHG11,T
SHG12,T
SHG13,T
SHG14,T
SHIELD,T
SHIELD Tablet,T
SHIFT,T
SHIFT6m,T
SHIFT6mq,T
SHIFTphone 8,T
SHL21,T
SHL22,T
SHL23,T
SHL24,T
SHL25,T
SHOCK6,T
SHOWNIC 4K Google TV,T
SHP-SH630E,T
SHT-AL09,T
SHT-W09,T
SHT21,T
SHT22,T
SHV-E110S,T
SHV-E120K,T
SHV-E120L,T
SHV-E120S,T
SHV-E140K,T
SHV-E140L,T
SHV-E140S,T
SHV-E160K,T
SHV-E160L,T
SHV-E160S,T
SHV-E170K,T
SHV-E170L,T
SHV-E170S,T
SHV-E210K,T
SHV-E210L,T
SHV-E210S,T
SHV-E220S,T
SHV-E230K,T
SHV-E230L,T
SHV-E230S,T
SHV-E250K,T
SHV-E250L,T
SHV-E250S,T
SHV-E270K,T
SHV-E270L,T
SHV-E270S,T
SHV-E275K,T
SHV-E275S,T
SHV-E300K,T
SHV-E300L,T
SHV-E300S,T
SHV-E310K,T
SHV-E310L,T
SHV-E310S,T
SHV-E330K,T
SHV-E330L,T
SHV-E330S,T
SHV-E370D,T
SHV-E370K,T
SHV-E400K,T
SHV-E400S,T
SHV-E470S,T
SHV-E500L,T
SHV-E500S,T
SHV31,T
SHV32,T
SHV33,T
SHV34,T
SHV35,T
SHV36,T
SHV37,T
SHV37_u,T
SHV38,T
SHV39,T
SHV40,T
SHV40_u,T
SHV41,T
SHV42,T
SHV43,T
SHV43-u,T
SHV44,T
SHV45,T
SHV45-u,T
SHV46,T
SHV47,T
SHV48,T
SHW-M100S,T
SHW-M110S,T
SHW-M130K,T
SHW-M130L,T
SHW-M180K,T
SHW-M180L,T
SHW-M180S,T
SHW-M180W,T
SHW-M190S,T
SHW-M220L,T
SHW-M240S,T
SHW-M250K,T
SHW-M250L,T
SHW-M250S,T
SHW-M290K,T
SHW-M290S,T
SHW-M300W,T
SHW-M305W,T
SHW-M340L,T
SHW-M340S,T
SHW-M380K,T
SHW-M380S,T
SHW-M380W,T
SHW-M430W,T
SHW-M440S,T
SHW-M480K,T
SHW-M480W,T
SHW-M485W,T
SHW-M486W,T
SHW-M500W,T
SHW-M570S,T
SHW-M580D,T
SHW-M585D,T
SI,T
SI4301,T
SICO Topaz,T
SICO_Plus2,T
SIGMA-5,T
SILO GOOGLE TV 4K,T
SILVER,T
SILVERSTONE-T10,T
SILVER_MAX,T
SIMPLE,T
SINAT_TOUCH_ST,T
SINTEL-X1,T
SIRAGON 4K SMART TV,T
SIRIUS TAB 8,T
SITIH3455N,T
SJ1-5,T
SK-210,T
SK-315,T
SK-5503AR,T
SK-5503ARX,T
SK17a,T
SK17i,T
SK210,T
SK315,T
SK3401,T
SK3402,T
SK3403,T
SK3404,T
SK3405,T
SK3501,T
SK5501,T
SK5502,T
SKIEDLA65,T
SKP-IS401,T
SKR-A0,T
SKR-H0,T
SKR02,T
SKT01,T
SKT119,T
SKT706,T
SKW-A0,T
SKW-H0,T
SKWAMX3,T
SKWAMX5M,T
SKWHP40A-ZWL,T
SKWHP44H-ZWL,T
SKY,T
SKY 5.0LM,T
SKY 5.0Pro II,T
SKY 55M,T
SKY 9 A102 3G SS9236PG,T
SKY 9 E201 3G SS9237MG,T
SKY A67,T
SKY B63,T
SKY Black,T
SKY Black2,T
SKY D63,T
SKY E63,T
SKY IM-A600S,T
SKY IM-A630K,T
SKY IM-A650S,T
SKY Kids 70 SS7238PG,T
SKY LITE,T
SKY PAD10,T
SKY PAD10Max,T
SKY PAD8,T
SKY PAD8PRO,T
SKY PAD8Pro,T
SKY PLUS,T
SKY Pad10,T
SKY Prestige,T
SKY Prestige2,T
SKY PrestigeX,T
SKY PrestigeX1,T
SKY PrestigeX2,T
SKY VISION2,T
SKY Volt,T
SKY55_EEA,T
SKY63,T
SKYVIEW Android TV,T
SKYVISION,T
SKYWORTH-HY4002,T
SKY_55_EEA,T
SKY_KID,T
SKY_KID1,T
SKY_KIDsPro,T
SKY_KIDs_PRO1,T
SKY_PAD10,T
SKY_PAD10MAX,T
SKY_PAD10Max,T
SKY_PAD8MAX,T
SKY_PAD8PRO,T
SKY_Pad_Max,T
SKY_Pro_III,T
SKY_prestigeMax,T
SKi630t,T
SL-TAB07116,T
SL-TAB10232,T
SL004T,T
SL05,T
SL100EA,T
SL101AE,T
SL1021,T
SL1022,T
SL1046,T
SL104D,T
SL1068,T
SL1069,T
SL201D,T
SL219A,T
SL219C,T
SL452,T
SL505,T
SL513,T
SL548,T
SL558,T
SL713B1,T
SL721,T
SL729,T
SL868G,T
SL930,T
SLA-AL00,T
SLA-L02,T
SLA-L03,T
SLA-L22,T
SLA-L23,T
SLA-TL10,T
SLIDE,T
SLIDE2,T
SLTDVD1023,T
SLTDVD1024,T
SLTDVD1024_B,T
SLTDVD9220-C,T
SLV_SMARTPHONE_55,T
SLplus02,T
SM 02 2019,T
SM-A013F,T
SM-A013G,T
SM-A013M,T
SM-A015A,T
SM-A015AZ,T
SM-A015F,T
SM-A015G,T
SM-A015M,T
SM-A015T1,T
SM-A015U,T
SM-A015U1,T
SM-A015V,T
SM-A022F,T
SM-A022G,T
SM-A022M,T
SM-A025A,T
SM-A025AZ,T
SM-A025F,T
SM-A025G,T
SM-A025M,T
SM-A025U,T
SM-A025U1,T
SM-A025V,T
SM-A032F,T
SM-A032M,T
SM-A035F,T
SM-A035G,T
SM-A035M,T
SM-A037F,T
SM-A037G,T
SM-A037M,T
SM-A037U,T
SM-A037U1,T
SM-A037W,T
SM-A042F,T
SM-A042M,T
SM-A045F,T
SM-A045M,T
SM-A047F,T
SM-A047M,T
SM-A055F,T
SM-A055M,T
SM-A057F,T
SM-A057G,T
SM-A057M,T
SM-A065F,T
SM-A065M,T
SM-A066B,T
SM-A066E,T
SM-A066M,T
SM-A075F,T
SM-A075M,T
SM-A076B,T
SM-A076E,T
SM-A076M,T
SM-A077F,T
SM-A077M,T
SM-A085F,T
SM-A102N,T
SM-A102U,T
SM-A102U1,T
SM-A102W,T
SM-A105F,T
SM-A105FN,T
SM-A105G,T
SM-A105M,T
SM-A105N,T
SM-A107F,T
SM-A107M,T
SM-A115A,T
SM-A115AP,T
SM-A115AZ,T
SM-A115F,T
SM-A115M,T
SM-A115U,T
SM-A115U1,T
SM-A115W,T
SM-A125F,T
SM-A125M,T
SM-A125N,T
SM-A125U,T
SM-A125U1,T
SM-A125W,T
SM-A127F,T
SM-A127M,T
SM-A135F,T
SM-A135M,T
SM-A135N,T
SM-A135U,T
SM-A135U1,T
SM-A136B,T
SM-A136M,T
SM-A136S,T
SM-A136U,T
SM-A136U1,T
SM-A136W,T
SM-A137F,T
SM-A145F,T
SM-A145FB,T
SM-A145M,T
SM-A145MB,T
SM-A145P,T
SM-A145R,T
SM-A146B,T
SM-A146M,T
SM-A146P,T
SM-A146U,T
SM-A146U1,T
SM-A146W,T
SM-A155F,T
SM-A155M,T
SM-A155N,T
SM-A1560,T
SM-A156B,T
SM-A156E,T
SM-A156L,T
SM-A156M,T
SM-A156U,T
SM-A156U1,T
SM-A156W,T
SM-A165F,T
SM-A165M,T
SM-A165N,T
SM-A1660,T
SM-A166B,T
SM-A166E,T
SM-A166L,T
SM-A166M,T
SM-A166P,T
SM-A166U,T
SM-A166U1,T
SM-A166W,T
SM-A175F,T
SM-A175N,T
SM-A1760,T
SM-A176B,T
SM-A176L,T
SM-A176U,T
SM-A176U1,T
SM-A176W,T
SM-A202F,T
SM-A202K,T
SM-A205F,T
SM-A205FN,T
SM-A205G,T
SM-A205GN,T
SM-A205S,T
SM-A205U,T
SM-A205U1,T
SM-A205W,T
SM-A205YN,T
SM-A2070,T
SM-A207F,T
SM-A207M,T
SM-A215U,T
SM-A215U1,T
SM-A215W,T
SM-A217F,T
SM-A217M,T
SM-A217N,T
SM-A225F,T
SM-A225M,T
SM-A226B,T
SM-A226BR,T
SM-A226L,T
SM-A233C,T
SM-A235F,T
SM-A235M,T
SM-A235N,T
SM-A2360,T
SM-A236B,T
SM-A236E,T
SM-A236M,T
SM-A236U,T
SM-A236U1,T
SM-A236V,T
SM-A245F,T
SM-A245M,T
SM-A245N,T
SM-A253C,T
SM-A253Q,T
SM-A253Z,T
SM-A2560,T
SM-A256B,T
SM-A256E,T
SM-A256N,T
SM-A256U,T
SM-A256U1,T
SM-A260F,T
SM-A260G,T
SM-A266B,T
SM-A266M,T
SM-A266U,T
SM-A266U1,T
SM-A2760,T
SM-A276B,T
SM-A276K,T
SM-A276U,T
SM-A276U1,T
SM-A3000,T
SM-A3009,T
SM-A300F,T
SM-A300FU,T
SM-A300G,T
SM-A300H,T
SM-A300M,T
SM-A300X,T
SM-A300XU,T
SM-A300XZ,T
SM-A300Y,T
SM-A300YZ,T
SM-A3050,T
SM-A3051,T
SM-A3058,T
SM-A305F,T
SM-A305FN,T
SM-A305G,T
SM-A305GN,T
SM-A305GT,T
SM-A305N,T
SM-A305YN,T
SM-A307FN,T
SM-A307G,T
SM-A307GN,T
SM-A307GT,T
SM-A310F,T
SM-A310M,T
SM-A310N0,T
SM-A310X,T
SM-A310Y,T
SM-A315F,T
SM-A315G,T
SM-A315N,T
SM-A320F,T
SM-A320FL,T
SM-A320X,T
SM-A320Y,T
SM-A325F,T
SM-A325M,T
SM-A325N,T
SM-A326B,T
SM-A326BR,T
SM-A326U,T
SM-A326U1,T
SM-A326W,T
SM-A3360,T
SM-A336B,T
SM-A336E,T
SM-A336M,T
SM-A336N,T
SM-A3460,T
SM-A346B,T
SM-A346E,T
SM-A346M,T
SM-A346N,T
SM-A3560,T
SM-A356B,T
SM-A356E,T
SM-A356N,T
SM-A356U,T
SM-A356U1,T
SM-A356W,T
SM-A3660,T
SM-A366B,T
SM-A366E,T
SM-A366N,T
SM-A366Q,T
SM-A366U,T
SM-A366U1,T
SM-A366W,T
SM-A3760,T
SM-A376B,T
SM-A376E,T
SM-A376U,T
SM-A376U1,T
SM-A376W,T
SM-A405FM,T
SM-A405FN,T
SM-A405S,T
SM-A415F,T
SM-A4260,T
SM-A426B,T
SM-A426N,T
SM-A426U,T
SM-A426U1,T
SM-A5000,T
SM-A5009,T
SM-A500F,T
SM-A500F1,T
SM-A500FU,T
SM-A500G,T
SM-A500H,T
SM-A500K,T
SM-A500L,T
SM-A500M,T
SM-A500S,T
SM-A500W,T
SM-A500X,T
SM-A500XZ,T
SM-A500Y,T
SM-A500YZ,T
SM-A505F,T
SM-A505FM,T
SM-A505FN,T
SM-A505G,T
SM-A505GN,T
SM-A505GT,T
SM-A505N,T
SM-A505U,T
SM-A505U1,T
SM-A505W,T
SM-A505YN,T
SM-A5070,T
SM-A507FN,T
SM-A5100,T
SM-A5100X,T
SM-A5108,T
SM-A510F,T
SM-A510K,T
SM-A510L,T
SM-A510M,T
SM-A510S,T
SM-A510X,T
SM-A510XZ,T
SM-A510Y,T
SM-A515F,T
SM-A515U,T
SM-A515U1,T
SM-A515W,T
SM-A515X,T
SM-A5160,T
SM-A516B,T
SM-A516N,T
SM-A516U,T
SM-A516U1,T
SM-A516V,T
SM-A520F,T
SM-A520K,T
SM-A520L,T
SM-A520S,T
SM-A520W,T
SM-A520X,T
SM-A525F,T
SM-A525M,T
SM-A5260,T
SM-A526B,T
SM-A526N,T
SM-A526U,T
SM-A526U1,T
SM-A526W,T
SM-A528B,T
SM-A528N,T
SM-A530F,T
SM-A530N,T
SM-A530W,T
SM-A530X,T
SM-A5360,T
SM-A536B,T
SM-A536E,T
SM-A536N,T
SM-A536U,T
SM-A536U1,T
SM-A536V,T
SM-A536W,T
SM-A5460,T
SM-A546B,T
SM-A546E,T
SM-A546S,T
SM-A546U,T
SM-A546U1,T
SM-A546V,T
SM-A546W,T
SM-A5560,T
SM-A556B,T
SM-A556E,T
SM-A556S,T
SM-A5660,T
SM-A566B,T
SM-A566E,T
SM-A566S,T
SM-A566U1,T
SM-A566W,T
SM-A5760,T
SM-A576B,T
SM-A576Q,T
SM-A576S,T
SM-A576U,T
SM-A576U1,T
SM-A576W,T
SM-A576Z,T
SM-A600A,T
SM-A600AZ,T
SM-A600F,T
SM-A600FN,T
SM-A600G,T
SM-A600GN,T
SM-A600N,T
SM-A600P,T
SM-A600T,T
SM-A600T1,T
SM-A600U,T
SM-A6050,T
SM-A6058,T
SM-A605F,T
SM-A605FN,T
SM-A605G,T
SM-A605GN,T
SM-A605K,T
SM-A605XC,T
SM-A6060,T
SM-A606Y,T
SM-A7000,T
SM-A7009,T
SM-A700F,T
SM-A700FD,T
SM-A700H,T
SM-A700K,T
SM-A700L,T
SM-A700S,T
SM-A700X,T
SM-A700YD,T
SM-A7050,T
SM-A705F,T
SM-A705FN,T
SM-A705GM,T
SM-A705MN,T
SM-A705U,T
SM-A705W,T
SM-A705YN,T
SM-A7070,T
SM-A707F,T
SM-A7100,T
SM-A7108,T
SM-A710F,T
SM-A710K,T
SM-A710L,T
SM-A710M,T
SM-A710S,T
SM-A710X,T
SM-A710XZ,T
SM-A710Y,T
SM-A715F,T
SM-A715W,T
SM-A715X,T
SM-A7160,T
SM-A716B,T
SM-A716S,T
SM-A716U,T
SM-A716U1,T
SM-A716V,T
SM-A720F,T
SM-A720S,T
SM-A725F,T
SM-A725M,T
SM-A730F,T
SM-A730X,T
SM-A736B,T
SM-A750C,T
SM-A750F,T
SM-A750FN,T
SM-A750G,T
SM-A750GN,T
SM-A750N,T
SM-A8000,T
SM-A800F,T
SM-A800I,T
SM-A800IZ,T
SM-A800S,T
SM-A800X,T
SM-A800YZ,T
SM-A8050,T
SM-A805F,T
SM-A805N,T
SM-A810F,T
SM-A810S,T
SM-A810YZ,T
SM-A826S,T
SM-A9000,T
SM-A9080,T
SM-A908B,T
SM-A908N,T
SM-A9100,T
SM-A910F,T
SM-A9200,T
SM-A920F,T
SM-A920N,T
SM-C101,T
SM-C105,T
SM-C105K,T
SM-C105L,T
SM-C105S,T
SM-C111,T
SM-C111M,T
SM-C115,T
SM-C115L,T
SM-C115M,T
SM-C115W,T
SM-C5000,T
SM-C500X,T
SM-C5010,T
SM-C5018,T
SM-C5560,T
SM-C7000,T
SM-C700X,T
SM-C7010,T
SM-C7018,T
SM-C701F,T
SM-C701X,T
SM-C7100,T
SM-C7108,T
SM-C710F,T
SM-C710X,T
SM-C9000,T
SM-C9008,T
SM-C900F,T
SM-C900X,T
SM-C900Y,T
SM-E025F,T
SM-E045F,T
SM-E055F,T
SM-E066B,T
SM-E075F,T
SM-E076B,T
SM-E085F,T
SM-E135F,T
SM-E145F,T
SM-E146B,T
SM-E156B,T
SM-E166P,T
SM-E176B,T
SM-E225F,T
SM-E236B,T
SM-E346B,T
SM-E366B,T
SM-E426B,T
SM-E426S,T
SM-E500F,T
SM-E500H,T
SM-E500M,T
SM-E500YZ,T
SM-E5260,T
SM-E546B,T
SM-E556B,T
SM-E566B,T
SM-E625F,T
SM-E7000,T
SM-E7009,T
SM-E700F,T
SM-E700H,T
SM-E700M,T
SM-F127G,T
SM-F415F,T
SM-F7000,T
SM-F700F,T
SM-F700N,T
SM-F700U,T
SM-F700U1,T
SM-F700W,T
SM-F7070,T
SM-F707B,T
SM-F707N,T
SM-F707U,T
SM-F707U1,T
SM-F707W,T
SM-F7110,T
SM-F711B,T
SM-F711N,T
SM-F711U,T
SM-F711U1,T
SM-F711W,T
SM-F7210,T
SM-F721B,T
SM-F721C,T
SM-F721N,T
SM-F721U,T
SM-F721U1,T
SM-F721W,T
SM-F7310,T
SM-F731B,T
SM-F731N,T
SM-F731Q,T
SM-F731U,T
SM-F731U1,T
SM-F731W,T
SM-F7410,T
SM-F741B,T
SM-F741N,T
SM-F741Q,T
SM-F741U,T
SM-F741U1,T
SM-F741W,T
SM-F7610,T
SM-F761B,T
SM-F761N,T
SM-F761U,T
SM-F761U1,T
SM-F7660,T
SM-F766B,T
SM-F766N,T
SM-F766Q,T
SM-F766U,T
SM-F766U1,T
SM-F766W,T
SM-F766Z,T
SM-F7760,T
SM-F776B,T
SM-F776C,T
SM-F776N,T
SM-F776Q,T
SM-F776U,T
SM-F776U1,T
SM-F776W,T
SM-F776Z,T
SM-F9000,T
SM-F900F,T
SM-F900U,T
SM-F900U1,T
SM-F900W,T
SM-F907B,T
SM-F907N,T
SM-F9160,T
SM-F916B,T
SM-F916N,T
SM-F916Q,T
SM-F916U,T
SM-F916U1,T
SM-F916W,T
SM-F9260,T
SM-F926B,T
SM-F926N,T
SM-F926U,T
SM-F926U1,T
SM-F926W,T
SM-F9360,T
SM-F936B,T
SM-F936N,T
SM-F936U,T
SM-F936U1,T
SM-F936W,T
SM-F9460,T
SM-F946B,T
SM-F946N,T
SM-F946Q,T
SM-F946U,T
SM-F946U1,T
SM-F946W,T
SM-F9560,T
SM-F956B,T
SM-F956N,T
SM-F956Q,T
SM-F956U,T
SM-F956U1,T
SM-F956W,T
SM-F958N,T
SM-F9660,T
SM-F966B,T
SM-F966N,T
SM-F966Q,T
SM-F966U,T
SM-F966U1,T
SM-F966W,T
SM-F966Z,T
SM-F9680,T
SM-F968B,T
SM-F968N,T
SM-F968U1,T
SM-F9710,T
SM-F971B,T
SM-F971C,T
SM-F971N,T
SM-F971Q,T
SM-F971U,T
SM-F971U1,T
SM-F971W,T
SM-F971Z,T
SM-F9760,T
SM-F976B,T
SM-F976C,T
SM-F976N,T
SM-F976Q,T
SM-F976U,T
SM-F976U1,T
SM-F976W,T
SM-F976Z,T
SM-G110B,T
SM-G110H,T
SM-G110M,T
SM-G130BT,T
SM-G130BU,T
SM-G130E,T
SM-G130H,T
SM-G130HN,T
SM-G130M,T
SM-G130U,T
SM-G150N0,T
SM-G150NK,T
SM-G150NL,T
SM-G150NS,T
SM-G155S,T
SM-G1600,T
SM-G160N,T
SM-G1650,T
SM-G165N,T
SM-G310HN,T
SM-G310R5,T
SM-G3139D,T
SM-G313F,T
SM-G313H,T
SM-G313HN,T
SM-G313HU,T
SM-G313HY,T
SM-G313HZ,T
SM-G313M,T
SM-G313ML,T
SM-G313MU,T
SM-G313MY,T
SM-G313U,T
SM-G316H,T
SM-G316HU,T
SM-G316M,T
SM-G316ML,T
SM-G316MY,T
SM-G316U,T
SM-G318H,T
SM-G318HZ,T
SM-G318ML,T
SM-G318MZ,T
SM-G350,T
SM-G3502,T
SM-G3502C,T
SM-G3502I,T
SM-G3502L,T
SM-G3502T,T
SM-G3502U,T
SM-G3508,T
SM-G3508I,T
SM-G3508J,T
SM-G3509,T
SM-G3509I,T
SM-G350E,T
SM-G350L,T
SM-G350M,T
SM-G3518,T
SM-G3556D,T
SM-G3558,T
SM-G3559,T
SM-G355H,T
SM-G355HN,T
SM-G355HQ,T
SM-G355M,T
SM-G357FZ,T
SM-G357M,T
SM-G3586V,T
SM-G3589W,T
SM-G3606,T
SM-G3608,T
SM-G3609,T
SM-G360BT,T
SM-G360F,T
SM-G360FY,T
SM-G360GY,T
SM-G360H,T
SM-G360HU,T
SM-G360M,T
SM-G360P,T
SM-G360R6,T
SM-G360T,T
SM-G360T1,T
SM-G360V,T
SM-G361F,T
SM-G361H,T
SM-G361HU,T
SM-G361M,T
SM-G3812,T
SM-G3812B,T
SM-G3815,T
SM-G3818,T
SM-G3819,T
SM-G3819D,T
SM-G386F,T
SM-G386T,T
SM-G386T1,T
SM-G386W,T
SM-G388F,T
SM-G389F,T
SM-G390F,T
SM-G390W,T
SM-G390Y,T
SM-G398FN,T
SM-G5108,T
SM-G5108Q,T
SM-G525F,T
SM-G525N,T
SM-G5306W,T
SM-G5308W,T
SM-G5309W,T
SM-G530BT,T
SM-G530F,T
SM-G530FZ,T
SM-G530H,T
SM-G530M,T
SM-G530MU,T
SM-G530P,T
SM-G530R4,T
SM-G530R7,T
SM-G530T,T
SM-G530T1,T
SM-G530W,T
SM-G530Y,T
SM-G531BT,T
SM-G531F,T
SM-G531H,T
SM-G531M,T
SM-G531Y,T
SM-G532F,T
SM-G532G,T
SM-G532M,T
SM-G532MT,T
SM-G5500,T
SM-G550FY,T
SM-G550T,T
SM-G550T1,T
SM-G550T2,T
SM-G5510,T
SM-G5520,T
SM-G5528,T
SM-G556B,T
SM-G5700,T
SM-G570F,T
SM-G570M,T
SM-G570Y,T
SM-G6000,T
SM-G600F,T
SM-G600FY,T
SM-G600S,T
SM-G6100,T
SM-G610F,T
SM-G610K,T
SM-G610L,T
SM-G610M,T
SM-G610S,T
SM-G610Y,T
SM-G611F,T
SM-G611FF,T
SM-G611K,T
SM-G611L,T
SM-G611M,T
SM-G611MT,T
SM-G611S,T
SM-G615F,T
SM-G615FU,T
SM-G6200,T
SM-G710,T
SM-G7102,T
SM-G7102T,T
SM-G7105,T
SM-G7105H,T
SM-G7105L,T
SM-G7106,T
SM-G7108,T
SM-G7109,T
SM-G710K,T
SM-G710L,T
SM-G710S,T
SM-G715FN,T
SM-G7200,T
SM-G7202,T
SM-G720AX,T
SM-G720N0,T
SM-G730V,T
SM-G730W8,T
SM-G736B,T
SM-G736U,T
SM-G736U1,T
SM-G736W,T
SM-G7508Q,T
SM-G750F,T
SM-G750H,T
SM-G766B,T
SM-G766N,T
SM-G766U,T
SM-G766U1,T
SM-G766W,T
SM-G770F,T
SM-G770U1,T
SM-G780F,T
SM-G780G,T
SM-G7810,T
SM-G781B,T
SM-G781N,T
SM-G781U,T
SM-G781U1,T
SM-G781V,T
SM-G781W,T
SM-G800F,T
SM-G800H,T
SM-G800HQ,T
SM-G800M,T
SM-G800R4,T
SM-G800X,T
SM-G800Y,T
SM-G8508S,T
SM-G850F,T
SM-G850FQ,T
SM-G850K,T
SM-G850L,T
SM-G850M,T
SM-G850S,T
SM-G850W,T
SM-G850X,T
SM-G850Y,T
SM-G860P,T
SM-G870F,T
SM-G870F0,T
SM-G870W,T
SM-G8750,T
SM-G8850,T
SM-G8858,T
SM-G885F,T
SM-G885S,T
SM-G885Y,T
SM-G8870,T
SM-G887F,T
SM-G887N,T
SM-G889A,T
SM-G889F,T
SM-G889G,T
SM-G889YB,T
SM-G892A,T
SM-G892U,T
SM-G9006W,T
SM-G9008W,T
SM-G9009W,T
SM-G900F,T
SM-G900FD,T
SM-G900FG,T
SM-G900FQ,T
SM-G900H,T
SM-G900I,T
SM-G900K,T
SM-G900L,T
SM-G900M,T
SM-G900MD,T
SM-G900P,T
SM-G900R4,T
SM-G900R6,T
SM-G900R7,T
SM-G900S,T
SM-G900T,T
SM-G900T1,T
SM-G900T3,T
SM-G900T4,T
SM-G900V,T
SM-G900W8,T
SM-G900X,T
SM-G901F,T
SM-G903F,T
SM-G903M,T
SM-G903W,T
SM-G906K,T
SM-G906L,T
SM-G906S,T
SM-G910S,T
SM-G9198,T
SM-G9200,T
SM-G9208,T
SM-G9209,T
SM-G920F,T
SM-G920I,T
SM-G920K,T
SM-G920L,T
SM-G920P,T
SM-G920R4,T
SM-G920R6,T
SM-G920R7,T
SM-G920S,T
SM-G920T,T
SM-G920T1,T
SM-G920V,T
SM-G920W8,T
SM-G920X,T
SM-G9250,T
SM-G925F,T
SM-G925I,T
SM-G925K,T
SM-G925L,T
SM-G925P,T
SM-G925R4,T
SM-G925R6,T
SM-G925R7,T
SM-G925S,T
SM-G925T,T
SM-G925V,T
SM-G925W8,T
SM-G925X,T
SM-G9280,T
SM-G9287,T
SM-G9287C,T
SM-G928C,T
SM-G928F,T
SM-G928G,T
SM-G928I,T
SM-G928K,T
SM-G928L,T
SM-G928N0,T
SM-G928P,T
SM-G928R4,T
SM-G928S,T
SM-G928T,T
SM-G928V,T
SM-G928W8,T
SM-G928X,T
SM-G9298,T
SM-G9300,T
SM-G9308,T
SM-G930F,T
SM-G930K,T
SM-G930L,T
SM-G930P,T
SM-G930R4,T
SM-G930R6,T
SM-G930R7,T
SM-G930S,T
SM-G930T,T
SM-G930T1,T
SM-G930U,T
SM-G930V,T
SM-G930VC,T
SM-G930VL,T
SM-G930W8,T
SM-G930X,T
SM-G9350,T
SM-G935F,T
SM-G935K,T
SM-G935L,T
SM-G935P,T
SM-G935R4,T
SM-G935S,T
SM-G935T,T
SM-G935U,T
SM-G935V,T
SM-G935VC,T
SM-G935W8,T
SM-G935X,T
SM-G9500,T
SM-G9508,T
SM-G950F,T
SM-G950N,T
SM-G950U,T
SM-G950U1,T
SM-G950W,T
SM-G9550,T
SM-G955F,T
SM-G955N,T
SM-G955U,T
SM-G955U1,T
SM-G955W,T
SM-G9600,T
SM-G9608,T
SM-G960F,T
SM-G960N,T
SM-G960U,T
SM-G960U1,T
SM-G960W,T
SM-G9650,T
SM-G965F,T
SM-G965N,T
SM-G965U,T
SM-G965U1,T
SM-G965W,T
SM-G9700,T
SM-G9708,T
SM-G970F,T
SM-G970N,T
SM-G970U,T
SM-G970U1,T
SM-G970W,T
SM-G9730,T
SM-G9738,T
SM-G973C,T
SM-G973F,T
SM-G973N,T
SM-G973U,T
SM-G973U1,T
SM-G973W,T
SM-G9750,T
SM-G9758,T
SM-G975F,T
SM-G975N,T
SM-G975U,T
SM-G975U1,T
SM-G975W,T
SM-G977B,T
SM-G977N,T
SM-G977P,T
SM-G977T,T
SM-G977U,T
SM-G980F,T
SM-G9810,T
SM-G981B,T
SM-G981N,T
SM-G981U,T
SM-G981U1,T
SM-G981V,T
SM-G981W,T
SM-G985F,T
SM-G9860,T
SM-G986B,T
SM-G986N,T
SM-G986U,T
SM-G986U1,T
SM-G986W,T
SM-G9880,T
SM-G988B,T
SM-G988N,T
SM-G988Q,T
SM-G988U,T
SM-G988U1,T
SM-G988W,T
SM-G9900,T
SM-G990B,T
SM-G990B2,T
SM-G990E,T
SM-G990U,T
SM-G990U1,T
SM-G990U2,T
SM-G990U3,T
SM-G990W,T
SM-G990W2,T
SM-G9910,T
SM-G991B,T
SM-G991N,T
SM-G991Q,T
SM-G991U1,T
SM-G991W,T
SM-G9960,T
SM-G996B,T
SM-G996N,T
SM-G996U,T
SM-G996U1,T
SM-G996W,T
SM-G9980,T
SM-G998B,T
SM-G998N,T
SM-G998U,T
SM-G998U1,T
SM-G998W,T
SM-I610,T
SM-I610H,T
SM-J100F,T
SM-J100FN,T
SM-J100G,T
SM-J100H,T
SM-J100M,T
SM-J100ML,T
SM-J100MU,T
SM-J100VPP,T
SM-J100Y,T
SM-J105B,T
SM-J105F,T
SM-J105H,T
SM-J105M,T
SM-J105Y,T
SM-J106B,T
SM-J106F,T
SM-J106H,T
SM-J106M,T
SM-J110F,T
SM-J110G,T
SM-J110H,T
SM-J110L,T
SM-J110M,T
SM-J111F,T
SM-J111M,T
SM-J120F,T
SM-J120FN,T
SM-J120G,T
SM-J120H,T
SM-J120M,T
SM-J120P,T
SM-J120W,T
SM-J120ZN,T
SM-J200BT,T
SM-J200F,T
SM-J200G,T
SM-J200GU,T
SM-J200H,T
SM-J200M,T
SM-J200Y,T
SM-J210F,T
SM-J250F,T
SM-J250G,T
SM-J250M,T
SM-J250Y,T
SM-J260A,T
SM-J260AZ,T
SM-J260F,T
SM-J260FU,T
SM-J260G,T
SM-J260GU,T
SM-J260M,T
SM-J260MU,T
SM-J260T1,T
SM-J260Y,T
SM-J3109,T
SM-J3110,T
SM-J3119,T
SM-J3119S,T
SM-J320F,T
SM-J320FN,T
SM-J320G,T
SM-J320H,T
SM-J320M,T
SM-J320N0,T
SM-J320P,T
SM-J320R4,T
SM-J320V,T
SM-J320VPP,T
SM-J320W8,T
SM-J320Y,T
SM-J320YZ,T
SM-J320ZN,T
SM-J327P,T
SM-J327R4,T
SM-J327R6,T
SM-J327R7,T
SM-J327T,T
SM-J327T1,T
SM-J327U,T
SM-J327V,T
SM-J327VPP,T
SM-J327W,T
SM-J3300,T
SM-J3308,T
SM-J330F,T
SM-J330FN,T
SM-J330G,T
SM-J330L,T
SM-J330N,T
SM-J336AZ,T
SM-J337A,T
SM-J337AZ,T
SM-J337P,T
SM-J337R4,T
SM-J337R7,T
SM-J337T,T
SM-J337U,T
SM-J337V,T
SM-J337VPP,T
SM-J337W,T
SM-J400F,T
SM-J400G,T
SM-J400M,T
SM-J410F,T
SM-J410G,T
SM-J415F,T
SM-J415FN,T
SM-J415G,T
SM-J415GN,T
SM-J415N,T
SM-J5007,T
SM-J5008,T
SM-J500F,T
SM-J500FN,T
SM-J500G,T
SM-J500H,T
SM-J500M,T
SM-J500N0,T
SM-J500Y,T
SM-J5108,T
SM-J510F,T
SM-J510FN,T
SM-J510FQ,T
SM-J510GN,T
SM-J510H,T
SM-J510K,T
SM-J510L,T
SM-J510MN,T
SM-J510S,T
SM-J510UN,T
SM-J530F,T
SM-J530FM,T
SM-J530G,T
SM-J530GM,T
SM-J530K,T
SM-J530L,T
SM-J530S,T
SM-J530Y,T
SM-J530YM,T
SM-J600F,T
SM-J600FN,T
SM-J600G,T
SM-J600GF,T
SM-J600GT,T
SM-J600L,T
SM-J600N,T
SM-J610F,T
SM-J610FN,T
SM-J610G,T
SM-J7008,T
SM-J700F,T
SM-J700H,T
SM-J700K,T
SM-J700M,T
SM-J700P,T
SM-J700T,T
SM-J700T1,T
SM-J701F,T
SM-J701M,T
SM-J701MT,T
SM-J7108,T
SM-J7109,T
SM-J710F,T
SM-J710FN,T
SM-J710FQ,T
SM-J710GN,T
SM-J710K,T
SM-J710MN,T
SM-J720F,T
SM-J720M,T
SM-J727P,T
SM-J727R4,T
SM-J727S,T
SM-J727T,T
SM-J727T1,T
SM-J727U,T
SM-J727V,T
SM-J727VPP,T
SM-J730F,T
SM-J730FM,T
SM-J730G,T
SM-J730GM,T
SM-J730K,T
SM-J737A,T
SM-J737P,T
SM-J737R4,T
SM-J737S,T
SM-J737T,T
SM-J737T1,T
SM-J737U,T
SM-J737V,T
SM-J737VPP,T
SM-J810F,T
SM-J810G,T
SM-J810GF,T
SM-J810M,T
SM-J810Y,T
SM-M013F,T
SM-M015F,T
SM-M015G,T
SM-M017F,T
SM-M022F,T
SM-M022G,T
SM-M022M,T
SM-M025F,T
SM-M045F,T
SM-M055F,T
SM-M066B,T
SM-M075F,T
SM-M076B,T
SM-M085F,T
SM-M105F,T
SM-M105G,T
SM-M105M,T
SM-M105Y,T
SM-M107F,T
SM-M115F,T
SM-M115M,T
SM-M127F,T
SM-M127G,T
SM-M127N,T
SM-M135F,T
SM-M135FU,T
SM-M135M,T
SM-M136B,T
SM-M145F,T
SM-M146B,T
SM-M156B,T
SM-M156S,T
SM-M166P,T
SM-M166S,T
SM-M176B,T
SM-M176S,T
SM-M205F,T
SM-M205FN,T
SM-M205G,T
SM-M205M,T
SM-M205N,T
SM-M215F,T
SM-M215G,T
SM-M225FV,T
SM-M236B,T
SM-M236L,T
SM-M236Q,T
SM-M305F,T
SM-M305M,T
SM-M3070,T
SM-M307F,T
SM-M307FN,T
SM-M315F,T
SM-M317F,T
SM-M325F,T
SM-M325FV,T
SM-M326B,T
SM-M336B,T
SM-M336BU,T
SM-M336K,T
SM-M346B,T
SM-M346B1,T
SM-M346B2,T
SM-M356B,T
SM-M366B,T
SM-M366K,T
SM-M405F,T
SM-M426B,T
SM-M446K,T
SM-M515F,T
SM-M526B,T
SM-M526BR,T
SM-M536B,T
SM-M536S,T
SM-M546B,T
SM-M556B,T
SM-M556E,T
SM-M558B,T
SM-M566B,T
SM-M625F,T
SM-N750,T
SM-N7500Q,T
SM-N7502,T
SM-N7505,T
SM-N7505L,T
SM-N7507,T
SM-N750K,T
SM-N750L,T
SM-N750S,T
SM-N770F,T
SM-N770X,T
SM-N900,T
SM-N9000Q,T
SM-N9002,T
SM-N9005,T
SM-N9006,T
SM-N9007,T
SM-N9008,T
SM-N9008V,T
SM-N9009,T
SM-N900K,T
SM-N900L,T
SM-N900P,T
SM-N900R4,T
SM-N900S,T
SM-N900T,T
SM-N900U,T
SM-N900V,T
SM-N900W8,T
SM-N9100,T
SM-N9106W,T
SM-N9108V,T
SM-N9109W,T
SM-N910C,T
SM-N910F,T
SM-N910G,T
SM-N910H,T
SM-N910K,T
SM-N910L,T
SM-N910P,T
SM-N910R4,T
SM-N910S,T
SM-N910T,T
SM-N910T2,T
SM-N910T3,T
SM-N910U,T
SM-N910V,T
SM-N910W8,T
SM-N910X,T
SM-N9150,T
SM-N915F,T
SM-N915FY,T
SM-N915G,T
SM-N915K,T
SM-N915L,T
SM-N915P,T
SM-N915R4,T
SM-N915S,T
SM-N915T,T
SM-N915T3,T
SM-N915V,T
SM-N915W8,T
SM-N915X,T
SM-N916K,T
SM-N916L,T
SM-N916S,T
SM-N9200,T
SM-N9208,T
SM-N920C,T
SM-N920F,T
SM-N920G,T
SM-N920I,T
SM-N920K,T
SM-N920L,T
SM-N920P,T
SM-N920R4,T
SM-N920R6,T
SM-N920R7,T
SM-N920S,T
SM-N920T,T
SM-N920V,T
SM-N920W8,T
SM-N920X,T
SM-N9300,T
SM-N930F,T
SM-N930K,T
SM-N930L,T
SM-N930P,T
SM-N930R4,T
SM-N930R6,T
SM-N930R7,T
SM-N930S,T
SM-N930T,T
SM-N930U,T
SM-N930V,T
SM-N930VL,T
SM-N930W8,T
SM-N930X,T
SM-N935F,T
SM-N935K,T
SM-N935L,T
SM-N935S,T
SM-N9500,T
SM-N9508,T
SM-N950F,T
SM-N950N,T
SM-N950U,T
SM-N950U1,T
SM-N950W,T
SM-N950XN,T
SM-N9600,T
SM-N960F,T
SM-N960N,T
SM-N960U,T
SM-N960U1,T
SM-N960W,T
SM-N9700,T
SM-N970F,T
SM-N970U,T
SM-N970U1,T
SM-N970W,T
SM-N971N,T
SM-N9750,T
SM-N975C,T
SM-N975F,T
SM-N975U,T
SM-N975U1,T
SM-N975W,T
SM-N9760,T
SM-N976B,T
SM-N976N,T
SM-N976Q,T
SM-N976U,T
SM-N976V,T
SM-N980F,T
SM-N9810,T
SM-N981B,T
SM-N981N,T
SM-N981U,T
SM-N981U1,T
SM-N981W,T
SM-N985F,T
SM-N9860,T
SM-N986B,T
SM-N986N,T
SM-N986U,T
SM-N986U1,T
SM-N986W,T
SM-P200,T
SM-P205,T
SM-P350,T
SM-P355,T
SM-P355C,T
SM-P355M,T
SM-P355Y,T
SM-P550,T
SM-P555,T
SM-P555C,T
SM-P555K,T
SM-P555L,T
SM-P555M,T
SM-P555S,T
SM-P555Y,T
SM-P580,T
SM-P580X,T
SM-P583,T
SM-P585,T
SM-P585M,T
SM-P585N0,T
SM-P585Y,T
SM-P587,T
SM-P588C,T
SM-P600,T
SM-P601,T
SM-P602,T
SM-P605,T
SM-P605K,T
SM-P605L,T
SM-P605M,T
SM-P605S,T
SM-P605V,T
SM-P607T,T
SM-P610,T
SM-P610X,T
SM-P613,T
SM-P615,T
SM-P615C,T
SM-P615N,T
SM-P617,T
SM-P619,T
SM-P619N,T
SM-P620,T
SM-P625,T
SM-P900,T
SM-P901,T
SM-P905,T
SM-P905F0,T
SM-P905M,T
SM-P905V,T
SM-S102DL,T
SM-S111DL,T
SM-S115DL,T
SM-S120VL,T
SM-S124DL,T
SM-S127DL,T
SM-S134DL,T
SM-S136DL,T
SM-S146VL,T
SM-S156V,T
SM-S166V,T
SM-S176V,T
SM-S205DL,T
SM-S215DL,T
SM-S236DL,T
SM-S237VL,T
SM-S256VL,T
SM-S260DL,T
SM-S266V,T
SM-S276V,T
SM-S320VL,T
SM-S326DL,T
SM-S327VL,T
SM-S337TL,T
SM-S356V,T
SM-S357BL,T
SM-S366V,T
SM-S367VL,T
SM-S376V,T
SM-S426DL,T
SM-S506DL,T
SM-S515DL,T
SM-S536DL,T
SM-S546VL,T
SM-S550TL,T
SM-S7110,T
SM-S711B,T
SM-S711N,T
SM-S711U,T
SM-S711U1,T
SM-S711W,T
SM-S7210,T
SM-S721B,T
SM-S721N,T
SM-S721Q,T
SM-S721U,T
SM-S721U1,T
SM-S721W,T
SM-S727VL,T
SM-S731B,T
SM-S731N,T
SM-S731U,T
SM-S731U1,T
SM-S731W,T
SM-S737TL,T
SM-S741B,T
SM-S741N,T
SM-S741U,T
SM-S741U1,T
SM-S741W,T
SM-S757BL,T
SM-S765C,T
SM-S766C,T
SM-S767VL,T
SM-S777C,T
SM-S820L,T
SM-S9010,T
SM-S901B,T
SM-S901E,T
SM-S901N,T
SM-S901U,T
SM-S901U1,T
SM-S901W,T
SM-S903VL,T
SM-S9060,T
SM-S906B,T
SM-S906E,T
SM-S906L,T
SM-S906N,T
SM-S906U,T
SM-S906U1,T
SM-S906W,T
SM-S907VL,T
SM-S9080,T
SM-S908B,T
SM-S908E,T
SM-S908N,T
SM-S908U,T
SM-S908U1,T
SM-S908W,T
SM-S9110,T
SM-S911B,T
SM-S911C,T
SM-S911N,T
SM-S911U,T
SM-S911U1,T
SM-S911W,T
SM-S9160,T
SM-S916B,T
SM-S916N,T
SM-S916U,T
SM-S916U1,T
SM-S916W,T
SM-S9180,T
SM-S918B,T
SM-S918N,T
SM-S918Q,T
SM-S918U,T
SM-S918U1,T
SM-S918W,T
SM-S920L,T
SM-S9210,T
SM-S921B,T
SM-S921E,T
SM-S921N,T
SM-S921Q,T
SM-S921U,T
SM-S921U1,T
SM-S921W,T
SM-S9260,T
SM-S926B,T
SM-S926N,T
SM-S926U,T
SM-S926U1,T
SM-S926W,T
SM-S9280,T
SM-S928B,T
SM-S928N,T
SM-S928Q,T
SM-S928U,T
SM-S928U1,T
SM-S928W,T
SM-S9310,T
SM-S931B,T
SM-S931N,T
SM-S931Q,T
SM-S931U,T
SM-S931U1,T
SM-S931W,T
SM-S931Z,T
SM-S9360,T
SM-S936B,T
SM-S936N,T
SM-S936U,T
SM-S936U1,T
SM-S936W,T
SM-S9370,T
SM-S937B,T
SM-S937N,T
SM-S937U,T
SM-S937U1,T
SM-S937W,T
SM-S9380,T
SM-S938B,T
SM-S938N,T
SM-S938Q,T
SM-S938U,T
SM-S938U1,T
SM-S938W,T
SM-S938Z,T
SM-S9420,T
SM-S942B,T
SM-S942C,T
SM-S942N,T
SM-S942Q,T
SM-S942U,T
SM-S942U1,T
SM-S942W,T
SM-S942Z,T
SM-S9470,T
SM-S947B,T
SM-S947C,T
SM-S947N,T
SM-S947Q,T
SM-S947U,T
SM-S947U1,T
SM-S947W,T
SM-S947Z,T
SM-S9480,T
SM-S948B,T
SM-S948C,T
SM-S948N,T
SM-S948Q,T
SM-S948U,T
SM-S948U1,T
SM-S948W,T
SM-S948Z,T
SM-S975L,T
SM-S978L,T
SM-T110,T
SM-T111,T
SM-T111M,T
SM-T113,T
SM-T113NU,T
SM-T116,T
SM-T116BU,T
SM-T116IR,T
SM-T116NQ,T
SM-T116NU,T
SM-T116NY,T
SM-T210,T
SM-T2105,T
SM-T210L,T
SM-T210R,T
SM-T210X,T
SM-T211,T
SM-T211M,T
SM-T212,T
SM-T215,T
SM-T217S,T
SM-T217T,T
SM-T220,T
SM-T225,T
SM-T225C,T
SM-T225N,T
SM-T227,T
SM-T227U,T
SM-T230,T
SM-T230NT,T
SM-T230NU,T
SM-T230NW,T
SM-T230NY,T
SM-T230NZ,T
SM-T230X,T
SM-T231,T
SM-T232,T
SM-T235,T
SM-T235Y,T
SM-T237P,T
SM-T237V,T
SM-T239,T
SM-T2397,T
SM-T239C,T
SM-T239M,T
SM-T2519,T
SM-T255S,T
SM-T280,T
SM-T285,T
SM-T285M,T
SM-T285YD,T
SM-T287,T
SM-T290,T
SM-T310,T
SM-T310X,T
SM-T311,T
SM-T312,T
SM-T315,T
SM-T315T,T
SM-T320,T
SM-T320NU,T
SM-T320X,T
SM-T325,T
SM-T330,T
SM-T330NU,T
SM-T330X,T
SM-T331,T
SM-T335,T
SM-T335K,T
SM-T335L,T
SM-T337T,T
SM-T337V,T
SM-T350,T
SM-T350X,T
SM-T355,T
SM-T355C,T
SM-T355Y,T
SM-T357T,T
SM-T357W,T
SM-T360,T
SM-T365,T
SM-T365F0,T
SM-T365M,T
SM-T365Y,T
SM-T375L,T
SM-T375S,T
SM-T3777,T
SM-T377P,T
SM-T377R4,T
SM-T377T,T
SM-T377V,T
SM-T377W,T
SM-T378K,T
SM-T378L,T
SM-T378S,T
SM-T378V,T
SM-T380,T
SM-T380C,T
SM-T385,T
SM-T385C,T
SM-T385K,T
SM-T385L,T
SM-T385M,T
SM-T385S,T
SM-T387AA,T
SM-T387P,T
SM-T387R4,T
SM-T387T,T
SM-T387V,T
SM-T387VK,T
SM-T387W,T
SM-T390,T
SM-T395,T
SM-T395C,T
SM-T395N,T
SM-T397U,T
SM-T500,T
SM-T503,T
SM-T505,T
SM-T505C,T
SM-T505N,T
SM-T507,T
SM-T509,T
SM-T510,T
SM-T515,T
SM-T515N,T
SM-T517,T
SM-T517P,T
SM-T520,T
SM-T520CC,T
SM-T525,T
SM-T530,T
SM-T530NN,T
SM-T530NU,T
SM-T530X,T
SM-T531,T
SM-T533,T
SM-T535,T
SM-T536,T
SM-T537R4,T
SM-T537V,T
SM-T540,T
SM-T545,T
SM-T547,T
SM-T547U,T
SM-T550,T
SM-T550X,T
SM-T555,T
SM-T555C,T
SM-T560,T
SM-T560NU,T
SM-T561,T
SM-T561M,T
SM-T561Y,T
SM-T562,T
SM-T567V,T
SM-T575,T
SM-T575N,T
SM-T577,T
SM-T577U,T
SM-T580,T
SM-T580X,T
SM-T583,T
SM-T585,T
SM-T585C,T
SM-T585M,T
SM-T585N0,T
SM-T587,T
SM-T587P,T
SM-T597P,T
SM-T597V,T
SM-T597W,T
SM-T636B,T
SM-T636N,T
SM-T638B,T
SM-T638U,T
SM-T670,T
SM-T677,T
SM-T677NK,T
SM-T677NL,T
SM-T677V,T
SM-T700,T
SM-T705,T
SM-T705C,T
SM-T705M,T
SM-T705W,T
SM-T705Y,T
SM-T707V,T
SM-T710,T
SM-T710X,T
SM-T713,T
SM-T715,T
SM-T715C,T
SM-T715N0,T
SM-T715Y,T
SM-T719,T
SM-T719C,T
SM-T719Y,T
SM-T720,T
SM-T725,T
SM-T725C,T
SM-T725N,T
SM-T727,T
SM-T727A,T
SM-T727R4,T
SM-T727U,T
SM-T727V,T
SM-T730,R
SM-T733,R
SM-T735,R
SM-T735C,R
SM-T735N,R
SM-T736B,R
SM-T736N,R
SM-T737,R
SM-T738U,R
SM-T800,T
SM-T800X,T
SM-T805,T
SM-T805C,T
SM-T805K,T
SM-T805L,T
SM-T805M,T
SM-T805S,T
SM-T805W,T
SM-T805Y,T
SM-T807,T
SM-T807P,T
SM-T807R4,T
SM-T807T,T
SM-T807V,T
SM-T810,T
SM-T810X,T
SM-T813,T
SM-T815,T
SM-T815C,T
SM-T815N0,T
SM-T815Y,T
SM-T817,T
SM-T817P,T
SM-T817R4,T
SM-T817T,T
SM-T817V,T
SM-T817W,T
SM-T818,T
SM-T818T,T
SM-T818V,T
SM-T818W,T
SM-T819,T
SM-T819C,T
SM-T819Y,T
SM-T820,T
SM-T820X,T
SM-T825,T
SM-T825C,T
SM-T825N0,T
SM-T825X,T
SM-T825Y,T
SM-T827,T
SM-T827R4,T
SM-T827V,T
SM-T830,T
SM-T835,T
SM-T835C,T
SM-T835N,T
SM-T837,T
SM-T837A,T
SM-T837P,T
SM-T837R4,T
SM-T837T,T
SM-T837V,T
SM-T860,T
SM-T865,T
SM-T865N,T
SM-T866N,T
SM-T867,T
SM-T867R4,T
SM-T867U,T
SM-T867V,T
SM-T870,R
SM-T875,R
SM-T875N,R
SM-T878U,R
SM-T900,T
SM-T900X,T
SM-T905,T
SM-T927A,T
SM-T970,R
SM-T975,R
SM-T975N,R
SM-T976B,R
SM-T976N,R
SM-T978U,R
SM-W2014,T
SM-W2015,T
SM-W2016,T
SM-W2017,T
SM-W2018,T
SM-W2018X,T
SM-W2020,T
SM-W2021,T
SM-W2022,T
SM-W7023,T
SM-W7025,T
SM-W9023,T
SM-W9025,T
SM-W9026,T
SM-X110,T
SM-X115,T
SM-X115N,T
SM-X117,T
SM-X117U,T
SM-X130,T
SM-X133,T
SM-X135F,T
SM-X135G,T
SM-X135N,T
SM-X210,T
SM-X210R,T
SM-X216B,T
SM-X216C,T
SM-X216N,T
SM-X216R,T
SM-X218B,T
SM-X218U,T
SM-X230,T
SM-X236B,T
SM-X236C,T
SM-X236N,T
SM-X238Q,T
SM-X238U,T
SM-X238U1,T
SM-X300,T
SM-X306B,T
SM-X306N,T
SM-X308B,T
SM-X308U,T
SM-X350,T
SM-X356B,T
SM-X356N,T
SM-X358U,T
SM-X400,R
SM-X406B,R
SM-X406N,R
SM-X510,R
SM-X516B,R
SM-X516C,R
SM-X516N,R
SM-X518U,R
SM-X520,R
SM-X526B,R
SM-X526C,R
SM-X526E,R
SM-X526N,R
SM-X528U,R
SM-X610,R
SM-X616B,R
SM-X616C,R
SM-X616N,R
SM-X620,R
SM-X626B,R
SM-X626C,R
SM-X626N,R
SM-X706B,R
SM-X706C,R
SM-X706N,R
SM-X716B,R
SM-X716N,R
SM-X730,R
SM-X736B,R
SM-X736C,R
SM-X736N,R
SM-X806B,R
SM-X806C,R
SM-X806E,R
SM-X806N,R
SM-X808U,R
SM-X816B,R
SM-X816N,R
SM-X818U,R
SM-X826B,R
SM-X826N,R
SM-X828U,R
SM-X840,R
SM-X846B,R
SM-X846E,R
SM-X846N,R
SM-X848U,R
SM-X906B,R
SM-X906C,R
SM-X906N,R
SM-X916B,R
SM-X916C,R
SM-X916N,R
SM-X926B,R
SM-X926C,R
SM-X926N,R
SM-X930,R
SM-X936B,R
SM-X936C,R
SM-X936N,R
SM-X940,R
SM-X946B,R
SM-X946N,R
SM0L4,T
SM1,T
SM181301,T
SM4T,T
SM55,T
SM7216,T
SM7216H,T
SMA16X65M,T
SMADL Abay5+,T
SMADL R35,T
SMART,T
SMART 12,T
SMART 13,T
SMART 2,T
SMART 3,T
SMART 4G 5.5 Enterprise,T
SMART 4G Adventure,T
SMART 4G Adventure Pro,T
SMART 4G Champion,T
SMART 4G GEN C 4.0,T
SMART 4G GEN C 5.0,T
SMART 4G GEN C 5.5,T
SMART 4G HD Voice,T
SMART 4G M1,T
SMART 4G M1 Plus,T
SMART 4G Octa 5.5,T
SMART 4G P1,T
SMART 4G P1 Prime,T
SMART 8,T
SMART 8 Go,T
SMART AM60,T
SMART AMG1,T
SMART Board GX (V4) Plus Series,T
SMART Board GX (V4) Plus Series NA,T
SMART Board Interactive Display,T
SMART Board MX Series (V5),T
SMART Champ 4.0,T
SMART KIDS A10,T
SMART L11,T
SMART L30,T
SMART L31,T
SMART L32,T
SMART L42,T
SMART L43,T
SMART PLUS LTE,T
SMART PRO,T
SMART PRO 12,T
SMART RT2,T
SMART Race 4G,T
SMART Sprint,T
SMART Start,T
SMART Start 3,T
SMART Surf2 4G,T
SMART TAB 4G M1,T
SMART TAB 4G e-Biz,T
SMART TAB 4G e-Biz PRO,T
SMART TV,T
SMART W32,T
SMART W41,T
SMART W8 Kids,T
SMART63,T
SMART64,T
SMART66,T
SMARTEasy_Q50,T
SMARTEasy_Q60,T
SMARTJ5-M,T
SMARTKIDS,T
SMARTTVBOX,T
SMARTWAY L2,T
SMARTWAY_F1,T
SMART_3,T
SMART_7,T
SMART_9_PRO,T
SMART_B19,T
SMART_EV5,T
SMART_G101,T
SMART_G102,T
SMART_G71,T
SMART_G81,T
SMART_G81H,T
SMART_L102,T
SMART_L103_eea,T
SMART_L104_eea,T
SMART_L206,T
SMART_L20X,T
SMART_L31,T
SMART_MAX_2,T
SMART_MAX_3,T
SMART_MAX_4.0_PLUS,T
SMART_O2,T
SMART_PLUS,T
SMART_PLUS_2,T
SMART_PRO,T
SMART_Race2_4G,T
SMART_TabbyBoo,T
SMART_Turbo_4G,T
SMART_ULTIMATE,T
SMART_VISSION,T
SMART_W101,T
SMART_W10X_EEA,T
SMART_W202,T
SMART_W203,T
SMART_W20X,T
SMART_W30,T
SMART_W31,T
SMART_W84,T
SMART_W8X,T
SMARTlink,T
SMARTlink_EEA,T
SMB-H8009,T
SMB8112BK,T
SMIG_V,T
SMIG_VI,T
SMIG_VII,T
SML-5442TW,T
SMLK2A,T
SMT-E5015,T
SMT-i9100,T
SMV_3588,T
SMX4K,T
SMY-17-M07R6,T
SN01DNGL300,T
SN08HD1B,T
SN10,T
SN10016,T
SN10064,T
SN10HD1B,T
SN304AE,T
SN333A,T
SN333C,T
SN339D,T
SN339D-SMT,T
SN509A,T
SN509C,T
SN512A,T
SN512CC,T
SN515AR,T
SN7016,T
SN7032,T
SNAP,T
SNAP_PRO,T
SNB02-NV7A,T
SNE-AL00,T
SNE-LX1,T
SNE-LX2,T
SNE-LX3,T
SNOOK-X10,T
SNOOK-X75,T
SNOOK-X80,T
SO-01B,T
SO-01C,T
SO-01D,T
SO-01E,T
SO-01F,T
SO-01G,T
SO-01H,T
SO-01J,T
SO-01K,T
SO-01L,T
SO-01M,T
SO-02C,T
SO-02D,T
SO-02E,T
SO-02F,T
SO-02G,T
SO-02H,T
SO-02J,T
SO-02K,T
SO-02L,T
SO-03C,T
SO-03D,T
SO-03E,T
SO-03F,T
SO-03G,T
SO-03H,T
SO-03J,T
SO-03K,T
SO-03L,T
SO-04D,T
SO-04E,T
SO-04F,T
SO-04G,T
SO-04H,T
SO-04J,T
SO-04K,T
SO-05D,T
SO-05F,T
SO-05G,T
SO-05K,T
SO-41A,T
SO-41B,T
SO-51A,T
SO-51B,T
SO-51C,T
SO-51D,T
SO-51E,T
SO-51F,T
SO-51G,T
SO-52A,T
SO-52B,T
SO-52C,T
SO-52D,T
SO-52E,T
SO-52F,T
SO-53B,T
SO-53C,T
SO-53D,T
SO-54C,T
SOCIAL,T
SOFT5,T
SOFT5P,T
SOG01,T
SOG02,T
SOG03,T
SOG04,T
SOG05,T
SOG06,T
SOG07,T
SOG08,T
SOG09,T
SOG10,T
SOG11,T
SOG12,T
SOG13,T
SOG14,T
SOG15,T
SOG16,T
SOG17,T
SOHO,T
SOL07,T
SOL21,T
SOL22,T
SOL23,T
SOL24,T
SOL25,T
SOL26,T
SOLAR,T
SOLARIN,T
SOLID 4 G2,T
SOLID_4G1,T
SOLID_4G3,T
SOLO Aspire M,T
SONEVIEW 4K SMART TV,T
SOSMART_T5,T
SOSPIRO-AS10LXPro,T
SOT21,T
SOT31,T
SOV31,T
SOV32,T
SOV33,T
SOV34,T
SOV35,T
SOV36,T
SOV37,T
SOV38,T
SOV39,T
SOV40,T
SOV41,T
SOV42,T
SOV42-u,T
SOV43,T
SP-001,T
SP-5100,T
SP-5250,T
SP-5300,T
SP-5400,T
SP-5450,T
SP-6000,T
SP-6100,T
SP-6150,T
SP-6200,T
SP-7050,T
SP-7100,T
SP10,T
SP104Ex,T
SP1068A,T
SP1089,T
SP1089X,T
SP1099A,T
SP1099R,T
SP1099V,T
SP10X_EEA,T
SP125D_2,T
SP151,T
SP19403,T
SP19504,T
SP2,T
SP20,T
SP3,T
SP355AWG,T
SP3702,T
SP3703,T
SP4,T
SP401,T
SP402,T
SP413,T
SP453,T
SP454,T
SP455,T
SP4702,T
SP4703,T
SP4871,T
SP4872,T
SP5,T
SP5045V,T
SP510,T
SP511,T
SP514,T
SP515,T
SP517,T
SP531,T
SP542,T
SP545C,T
SP550,T
SP5504G,T
SP551,T
SP552,T
SP554,T
SP5670,T
SP5702,T
SP5705,T
SP571,T
SP5712,T
SP5713,T
SP5732,T
SP5733,T
SP5735,T
SP5736,T
SP5738,T
SP5739,T
SP5760,T
SP5775,T
SP5776,T
SP5782,T
SP6,T
SP65_66440,T
SP7248,T
SP7348,T
SP9,T
SP9EX1,T
SPACE_ONE10,T
SPACE_ONE_10SE,T
SPC Android Monitor,T
SPC Android TV,T
SPC GEN,T
SPC GEN LITE,T
SPC GEN MAX,T
SPC GEN PLUS,T
SPC L50E,T
SPC SMART,T
SPC SMART LITE,T
SPC SMART MAX,T
SPC SMART PLUS,T
SPECTRA GO,T
SPEED_2021,T
SPEED_S8,T
SPH-D600,T
SPH-D700,T
SPH-D710,T
SPH-D710BST,T
SPH-D710VMUB,T
SPH-L300,T
SPH-L520,T
SPH-L600,T
SPH-L710,T
SPH-L710T,T
SPH-L720,T
SPH-L720T,T
SPH-L900,T
SPH-M580,T
SPH-M580BST,T
SPH-M820-BST,T
SPH-M830,T
SPH-M840,T
SPH-M900,T
SPH-M910,T
SPH-M920,T
SPH-M930,T
SPH-M930BST,T
SPH-M950,T
SPH-P100,T
SPH-P500,T
SPH-P600,T
SPIDER 10,T
SPPF_4110,T
SPPL 2K GSmartTV,T
SPPL 4K GSmartTV,T
SPPL 4K GSmartTV FF,T
SPRINT4G,T
SPTEO10BK16,T
SPU-A05-SWG,T
SPU-A06L-LWG,T
SPU-A07-LSG,T
SPURT R3,T
SP_6300,T
SP_7250,T
SP_7260,T
SP_7275,T
SP_7300,T
SQ126G,T
SQ733,T
SQ753,T
SQ758,T
SQ776,T
SQ788,T
SQ788Extreme,T
SQ811G,T
SQOOL-V4,T
SQOOL-V41,T
SR01MW,T
SR02MW,T
SRF79,T
SRK_SERIES,T
SRT412,T
SRX002,T
SS-35,T
SS-35_EEA,T
SS-P30,T
SS-P30_EEA,T
SS1010,T
SS10A,T
SS10A_EEA,T
SS2-01,T
SS5007C,T
SS5114G,T
SS5214G,T
SS5314G,T
SS5414G,T
SS5424G,T
SS5514G,T
SS5524G,T
SS5539G,T
SS650G,T
SSB-408E,T
SSB-508D,T
SSB-508E,T
SSB-508LTE,T
SSB1000T,T
SSB1001T,T
SSB10T323,T
SSB504,T
SSB504A,T
SSB504R,T
SSB5118R,T
SSB5118R_GO,T
SSB5518,T
SSB5518R,T
SSB554R,T
SSB558R,T
SSB700T,T
SSB8C223,T
SSB8T323,T
SSK10,T
SSR1-5-8M,T
SS_xxW82B,T
ST 60,T
ST-107,T
ST-4500,T
ST-710G,T
ST-810,T
ST-919975,T
ST-920,T
ST-922081,T
ST-922098,T
ST01,T
ST080,T
ST0B0,T
ST10/ST10x,T
ST1009,T
ST1009X,T
ST101,T
ST102,T
ST1020,T
ST103,T
ST11,T
ST11-A5,T
ST11_EEA,T
ST13,T
ST15a,T
ST15i,T
ST17i,T
ST18a,T
ST18i,T
ST19071,T
ST19101,T
ST21a,T
ST21a2,T
ST21i,T
ST21i2,T
ST23a,T
ST23i,T
ST25a,T
ST25i,T
ST26a,T
ST26i,T
ST27a,T
ST27i,T
ST4173,T
ST430,T
ST470,T
ST5000,T
ST7/ST7x,T
ST700,T
ST7001,T
ST706,T
ST7150,T
ST7150-19,T
ST7160,T
ST7650,T
ST7680,T
ST8200,T
ST8888,T
ST9009,T
ST950I-LN,T
STA3000,T
STAB8765B2-16,T
STAIRWAY,T
STAR,T
STAR 1,T
STAR PRO,T
STAR-TRACK 4K SMART TV,T
STAR-X 2K Android TV,T
STAR-X 4K SMART TV,T
STAR-X FHD Android TV,T
STAR-X UHD Android TV,T
STARACTIVE,T
STARACTIVE 2,T
STARADDICT 4,T
STARADDICT 6,T
STARADDICT II Plus,T
STARADDICT III,T
STARLIGHT Android TV,T
STARNAUTE 3,T
STARNAUTE II,T
STARNAUTE4,T
STARPAD,T
STARPAD PLUS,T
STARPLUS7,T
STARSHINE 4,T
STARSHINE II,T
STARSHINE III,T
STARSHINE5,T
STARSHINE_5,T
START24,T
STARTRAIL 4,T
STARTRAIL 6 4G,T
STARTRAIL 8,T
STARTRAIL 9,T
STARTRAIL5,T
STARTRAIL6,T
STARTRAIL7,T
START_S5,T
STARXTREM,T
STARXTREM 4,T
STARXTREM 6,T
STARXTREM II,T
STARXTREM3,T
STARXTREM5,T
STAR_MIX,T
STB BG,T
STB-6252C,T
STB-9642C1,T
STB7012,T
STB7013,T
STB8098,T
STB9097,T
STELLA,T
STELLAR,T
STELLAR M1,T
STELLAR M2,T
STELLAR M3,T
STELLAR M4,T
STELLAR M5,T
STELLAR M6,T
STELLAR MINI,T
STELLAR P1,T
STELLAR P3,T
STELLAR P4,T
STELLAR P5,T
STELLAR P6,T
STELLAR P8,T
STELLAR PLUS,T
STELLAR PRO,T
STELLAR Z,T
STEP_UP,T
STF-AL00,T
STF-AL10,T
STF-L09,T
STF-L09S,T
STF-TL10,T
STG A1,T
STG A1 Pro,T
STG A2 Pro,T
STG H10,T
STG S1,T
STG S10,T
STG S20,T
STG S30,T
STG X1,T
STG X2,T
STG X20,T
STG X3,T
STG-KeyTab,T
STG_B10,T
STG_C10,T
STG_K10,T
STG_P10,T
STG_Series,T
STH100-1,T
STH100-2,T
STI6030,T
STI6110,T
STICK 4K,T
STING,T
STJR700,T
STJR76,T
STK Ace,T
STK Ace Plus,T
STK EVO,T
STK Hero Lite,T
STK Life 5,T
STK Life 7 3G,T
STK Life 7 4G,T
STK Life 8,T
STK Life Plus S,T
STK Storm 3,T
STK Sync 5z,T
STK X2,T
STK-AL00,T
STK-L21,T
STK-L22,T
STK-LX1,T
STK-LX3,T
STK-TL00,T
STK_Hero_X,T
STK_Sync_5c,T
STK_Sync_5e,T
STK_Transporter_1,T
STR-9.6-Tablet,T
STR-D2 G4K,T
STREAM7,T
STS502,T
STS550,T
STS570,T
STS571,T
STS600,T
STS601,T
STS602,T
STS650,T
STTCE37,T
STTM21VAPP,T
STUDIO 5.5 HD,T
STUDIO ENERGY 2,T
STUDIO M HD,T
STUDIO M LTE,T
STUDIO_G_HD,T
STV100-1,T
STV100-2,T
STV100-3,T
STV100-4,T
STW2000,T
STYLE_PLUS,T
STYLO ECLIPSE TAB 8,T
STYLO F1,T
STYLO MARVEL,T
STYLO ORION TAB 10 4G,T
STYLO RAIN,T
STYLO S551,T
STYLO SM61 MAGIC+,T
STYLO SONIC,T
STYLO SV61 VECTOR+,T
STYLO_S9_TOPAZ,T
ST_xx_CONNECT_PRO5,T
ST_xx_CONNECT_SE5,T
SU950,T
SUBLIM,T
SUGAR,T
SUGAR C11,T
SUGAR C12,T
SUGAR C13,T
SUGAR C60,T
SUGAR F20,T
SUGAR F7 mini,T
SUGAR P1,T
SUGAR S11,T
SUGAR S20,T
SUGAR S20s,T
SUGAR S30,T
SUGAR S50,T
SUGAR S55,T
SUGAR S9,T
SUGAR T10,T
SUGAR T20,T
SUGAR T30,T
SUGAR T35,T
SUGAR T50,T
SUGAR Y12,T
SUGAR Y12s,T
SUGAR Y13s,T
SUGAR Y15,T
SUGAR Y16,T
SUGAR Y7 MAX,T
SUGAR Y8,T
SUGAR_P11,T
SUGAR_Y18,T
SUMMIT,T
SUMMIT LITE,T
SUN 1,T
SUNNY,T
SUNNY MAX,T
SUNNY2,T
SUNSET,T
SUNSET2,T
SUNSTECH SD ANDROID TV,T
SUNTB 01 GY,T
SUNWIND SKY 7 E200 3G ST7230MG,T
SUPERNOVA Qi32,T
SUPERSONIC UHD Android TV,T
SURF,T
SURF1000,T
SURTAB_74G,T
SURVE,T
SUXI I11,T
SUXI S700,T
SV10,T
SV11,T
SV11HD,T
SVISION 2K Android TV,T
SVISION 2K Android TV,T
SVISION 4K Android TV,T
SV_TAB10,T
SW-22AE NF,T
SW-22HK NF,T
SW-22JP NF,T
SW-22NA,T
SW-22NA NF,T
SW-22SA,T
SW-22SA NF,T
SW001SH,T
SW3299T,T
SW3299T-4K,T
SWA10E5LTE,T
SWA310,T
SWA8E2,T
SWA8F1K,T
SWAYTOSH_16,T
SWEET 55,T
SWEET5,T
SWEGUE,T
SWG2001A-A,T
SWIFT_4G,T
SWITCH,T
SWITCH1,T
SWTV-20AE,T
SWTV-20AE-PRO,T
SWTV-20HK,T
SWTV-20HK-PRO,T
SWTV-20NA,T
SWTV-20NA-PRO,T
SWTV-20SA,T
SWTV-20SA-PRO,T
SWTV-20TW,T
SWTV-20TW-PRO,T
SWTV-21AE,T
SWTV-21SA,T
SWTV-22AE,T
SWTV-22AE-4K,T
SWTV-22AE-4K NF,T
SWTV-22AE-FHD,T
SWTV-22COL-4K,T
SWTV-22HK-4K,T
SWTV-22HK-4K NF,T
SWTV-22NA-4K,T
SWTV-22NA-FHD,T
SWTV-22SA-4K,T
SWTV-22SA-FHD,T
SWTV-22TGS-4K,T
SWTV-22TW-4K,T
SWTV-23AE-4KR3,T
SWTV-23NA-4KR3,T
SWTV-23SA-4KR3,T
SWTV-24AE-4K,T
SWTV-24AE-4K NF,T
SWTV-24AE-FHD,T
SWTV-24H-4K,T
SWTV-24H-4K NF,T
SWTV-24HK-4K,T
SWTV-24HK-4K NF,T
SWTV-24HK-FHD,T
SWTV-24NA-4K,T
SWTV-24NA-4K NF,T
SWTV-24NA-FHD,T
SWTV-24SA-4K,T
SWTV-24SA-4K NF,T
SWTV-24SA-FHD,T
SWTV-25TGL-4K,T
SWTV-26AE-4K,T
SX,T
SX40,T
SX41,T
SX50,T
SXPRO,T
SXPRO_classic,T
SXPro,T
SXPro-P40,T
SXX01G,T
SXXSRK,T
SY07-PC01,T
SYCO RS-404,T
SYCO RS-441,T
SYCO RS-442,T
SYCO RT-401,T
SYCO RT_402,T
SYMFONY TAB 105,T
SYMPHONY Z10,T
SYMTAB25,T
SYMTAB60,T
SYMTAB_80,T
SYNC,T
SYNQ,T
SZ10M68,T
SZ11MK1,T
SZJ-JS101,T
SZJ-JS201,T
SZJ-JS202,T
SZJ-JS203,T
SZJ-JS204,T
S_Line,T
S_Max,T
S_PAD,T
S_Series,T
S_TAB,T
S_plus,T
SabahLite,T
Safari,T
Safari 2,T
Safari_2plus,T
Safaricom ET Kimem,T
Sagemcom_4k ATV,T
Sail 3,T
Sajipro,T
Samba,T
San Francisco,T
San Marino,T
San Remo 4G,T
Sansui Fun,T
Sansui Play,T
Sansui_Nova,T
Sansui_Switch,T
SanyoTV,T
Sapphire,T
Sapphire Phone,T
Scanfrost 2K Android TV,T
Scanfrost TV,T
Scepter 8 Tablet,T
Scepter8,T
Schneider 2K Android TV,T
Schneider 2K Android TV,T
Schok Volt SV10Q,T
Schok Volt SV55,T
Schok Volt SV55U,T
Schok Volt SV67Q,T
Schok Volt SV69S,T
Scorpio,T
Seatel T8,T
Seatel V8A,T
Seatel V8E,T
Sechocha Ultra 2,T
Seeker,T
Seiki Android TV,T
Seiki Android TV 2K,T
Selecline 10,T
Selecline-854599,T
Selfie_Two,T
Sens G Ultra,T
Sensa Box 4K,T
Sensation XL with Beats Audio,T
Sense2,T
Sense2_Pro,T
Senseit_J2,T
Seoul 9,T
Seoul S8,T
Seoul X,T
Serenity-B8,T
ServiceChecKIT_EEA,T
Sgamer,T
Shaker-Slim,T
ShakerBeat,T
Shaks G1,T
Shark,T
Sharp 2K Android TV,T
Sharp 4K Android TV,T
Sharp 4K Google 5.0 TV,T
Sharp Google TV,T
Sharp1_Lite,T
Shine,T
Shockwave,T
Shoot_1,T
Shoot_2,T
Shortcut,T
Si01BE,T
SiRFSoC Android,T
Sico Mega2,T
Sigma_4_0,T
Signature Touch,T
Signature Touch L,T
Signature-S8,T
Signtech 12NS,T
Silver Max Lite,T
Silver Max Pro,T
Silver_Max_Pro_2,T
Silver_S45,T
Silverstone-T10X,T
Simba SX1,T
SingerTV,T
Siragon SP-5000,T
Siragon_SP_7200,T
Siren_1,T
Sirius Plus Tab 10,T
Siru,T
Skate Pro,T
Skill,T
Skorpio X40,T
Skorpio X45,T
Skorpio X5,T
Sky,T
Sky 1123B 3G SS1259PG,T
Sky 1262C 3G SS1260PG,T
Sky 1430D 4G SS1270PL,T
Sky 7143B 3G SS7265PG,T
Sky 8244B 3G SS8263PG,T
Sky Black2,T
Sky BlackMax,T
Sky Box,T
Sky Pod,T
Sky Prestige2,T
Sky Vision2,T
Sky+,T
Slam,T
Slate,T
Slate 10,T
Slate 21,T
Slate 21 Pro,T
Slate2,T
Slide Lite,T
Slide_Dazzle_3500,T
Slide_Skye_03,T
Slider SL101,T
SlimPOS319,T
Slim_Tab_8,T
Slimline,T
Smailo_2GO,T
SmarTab-8,T
SmarTouch,T
Smart,T
Smart 1,T
Smart 10,T
Smart 2,T
Smart 20,T
Smart 20 HD,T
Smart 2K ATV4,T
Smart 4,T
Smart 401,T
Smart 403,T
Smart 4G,T
Smart 5,T
Smart 502,T
Smart 505,T
Smart 7,T
Smart 8,T
Smart 9 Pro,T
Smart A1 Plus,T
Smart Bit,T
Smart C11,T
Smart Class,T
Smart E25,T
Smart FHD TV,T
Smart HD Pro,T
Smart J5,T
Smart Landline AC7 Tablet,T
Smart Monitor 17,T
Smart PRIME II,T
Smart TV,T
Smart TV 4K,T
Smart TV KR,T
Smart TV P,T
Smart TV Pro,T
Smart Tab 10 4G,T
Smart UHD TV,T
Smart V25,T
Smart V26,T
Smart-Ex 01,T
Smart-Ex 02 RUS,T
Smart-Ex 201,T
Smart-Ex02 ROW,T
Smart-Ex02 RUS,T
Smart-Ex03,T
Smart-Ex203,T
Smart10_Pro,T
Smart402,T
Smart5,T
Smart5.5,T
Smart5.5Plus32GB,T
Smart501,T
Smart503,T
Smart509,T
Smart550,T
Smart55Q,T
Smart5Plus,T
Smart601,T
Smart60R,T
Smart65E,T
Smart65Q,T
Smart65R,T
Smart8,T
SmartBoard_10_LTE,T
SmartBox,T
SmartE11,T
SmartEver 4K Android TV,T
SmartEver4KAndroidTV,T
SmartGuide210-464,T
SmartGuide_2.10,T
SmartII,T
SmartKid 8,T
SmartKid10,T
SmartLaser 4K,T
SmartN11,T
SmartN12,T
SmartPRO,T
SmartPad iyo8,T
SmartPad-3G_C-708,T
SmartPad_01,T
SmartPad_A10_EU,T
SmartPad_A10_L,T
SmartPad_A70W,T
SmartPad_A70W_EU,T
SmartPad_E220,T
SmartPad_K7,T
SmartPad_K7_EU,T
SmartPad_T10_EU,T
SmartPad_T20,T
SmartPlusII,T
SmartT23,T
SmartTAB 1002,T
SmartTAB1007,T
SmartTAB1008,T
SmartTV,T
SmartTV 4K,T
SmartTV 4K FFM,T
SmartTV 8K FFM,T
SmartTV FFM,T
SmartTab10,T
SmartTab1005,T
SmartTab1006,T
SmartTab7,T
SmartTab_1004_XS,T
SmartTab_8004,T
SmartV22,T
SmartView_7_3G,T
SmartView_8_LTE,T
SmartView_9_6_3G,T
SmartVision3,T
SmartX65,T
SmartZ6,T
Smart\'TAB 8003,T
Smart\'TAB 9001,T
Smart\'Tab_7800,T
Smart_20_HD,T
Smart_20x,T
Smart_A25,T
Smart_Camon,T
Smart_Green,T
Smart_Green_EEA,T
Smart_HD,T
Smart_Hero_II,T
Smart_J2,T
Smart_Light,T
Smart_P11,T
Smart_P24,T
Smart_PTV,T
Smart_Page_8_Pro,T
Smart_Prime,T
Smart_S_100_4G,T
Smart_Slim_Plus,T
Smart_Study_1,T
Smart_Study_2,T
Smart_TAB_1003s,T
SmartabS32,T
SmartabS4,T
SmartabX8,T
Smartboard III 12,T
Smartedu_WTC_Series,T
Smartfive,T
Smartfren Andromax AD681H,T
Smartfren Andromax AD682H,T
Smartfren Andromax AD688G,T
Smartfren Andromax AD689G,T
Smartfren Andromax AD6B1H,T
Smartfren Andromax AD9A1H,T
Smartfren Andromax NC36B1G,T
Smartfren Andromax NC36B1H,T
Smarti T2 plus,T
Smarti_Gen_1,T
Smarti_Gen_2,T
Smarti_Gen_2_Plus,T
Smartpad-V10,T
Smartpad-V7,T
Smartphone Android by SFR STARADDICT II,T
Smartphone Android by SFR STARXTREM II,T
Smartphone DL Horizon H8,T
Smartphone_Android_by_SFR_STARADDICT_II,T
Smartphone_X5,T
Smartphone_YZU_DS53,T
Smartplus,T
Smarttab_9701,T
Smarttech Android Monitor,T
Smartway_T1,T
Smarty_II,T
Smile_X,T
Smini,T
Smooth 5,T
Smooth 5.0,T
Smooth 5.0 2022,T
Smooth 5.5,T
Smooth 5.5 Lite,T
Smooth 5.5 MAX,T
Smooth 6.0,T
Smooth 6.1,T
Smooth 6.26 Lite,T
Smooth 6.26 Max,T
Smooth 6.26 Pro,T
Smooth 6.5,T
Smooth 8GT,T
Smooth Note 6.8,T
Smooth626,T
Smooth_Kids,T
Snap_4G2,T
Socrates Phone 01,T
Soda6S,T
Solar Pro,T
Solarin,T
Soldier,T
Solitaire_SLTR_XXi_Series,T
Sonata,T
Sonato by imagineear,T
Sonic,T
Sonic One,T
Sony Tablet P,T
Sony Tablet S,T
SophPad_X11,T
SophPad_X22,T
SophPad_Z11,T
Sophpad_X21,T
Sophpad_Z21,T
SoshPhone,T
SoshPhone 3,T
SoshPhone_mini,T
Soshphone 4G,T
Soundphone_S1,T
SoyMomoLite_V2C,T
SoyMomo_Lite_V1,T
SoyMomo_Lite_V2,T
SoyMomo_Lite_V3,T
SoyMomo_Lite_V3_EEA,T
SoyMomo_PRO_V2MAX,T
SoyMomo_Pro_EU_V1,T
SoyMomo_Pro_EU_V2,T
SoyMomo_Pro_V1,T
SoyMomo_Pro_V2,T
SoyMomo_Pro_V2_24,T
Sp5730,T
Space,T
Space1Blue,T
SpaceTab_H20,T
SpaceTab_H20_EEA,T
Space_A10,T
Space_A8,T
Space_M10,T
Space_M10Pro,T
Space_Pro,T
Spark Plus 3,T
SparkSE,T
Sparkle V,T
Sparx NEO 9,T
Sparx Neo 15,T
Sparx Neo 15 Pro,T
Sparx Neo 5 Plus,T
Sparx Neo 7,T
Sparx Neo 7 Plus,T
Sparx Neo 7 Pro,T
Sparx Neo 7 Ultra,T
Sparx Neo 7 Ultra 8GB,T
Sparx Neo 8 Plus,T
Sparx Neo 8 Pro,T
Sparx Neo 8i,T
Sparx Neo 9i,T
Sparx S7,T
Sparx V5,T
Sparx_Neo_15,T
Sparx_Neo_15_Pro,T
Speadtrum,T
Spectra J1,T
Spectra J1 PRO,T
SpectraTab1,T
SpectraTab2,T
Spectra_A1,T
Spectra_J2,T
Spectra_J2_MTN,T
Spectra_J2_Pro,T
Spectra_J3,T
Spectra_J3_MTN,T
Spectra_J4,T
Speed,T
Speed 5,T
Speed-X2,T
Speed-Y2,T
Speed-Y3,T
SpeedTAB,T
SpeedX,T
Speed_55,T
Speedo,T
Speedo_1,T
Speedsurfer,T
Spice F301,T
Spice F302,T
Spice F305,T
Spice F311,T
Spice K601,T
Spice Mi-496,T
Spice Mi-498,T
Spice Mi-498H,T
Spice Mi-506,T
Spice Mi-515,T
Spice V801,T
SpiceMi-449,T
Spice_MI700,T
Spider 8,T
Spider_A10,T
Spider_M10Pro,T
Spin Max,T
Spin Max 2,T
Spirit,T
Spirit_Plus,T
Spirit_X2,T
Spitfire,T
Splash,T
Spotside S Pro 8,T
Sprange_L8,T
Sprint,T
Spro 2,T
Spro 2 LTE,T
Spro2,T
SproutChannelCubby,T
Spurt K800,T
StandMe,T
Star,T
Star 3,T
Star 4,T
Star 4.0 G40,T
Star 5,T
Star 5.0 G50,T
Star 5.5 G55,T
Star 6.0 G65,T
Star-10WF,T
Star-Plus7,T
Star10_3G,T
Star10_Pro,T
Star7 3G,T
Star8,T
Star8_3G,T
Star9 4G,T
Star9_3G-Gen2,T
Star9_4G,T
Star9_Max,T
Star9_Pro,T
StarSat 4K TV,T
StarTV por fibra,T
StarTab-A324G,T
StarTrail III,T
StarTrail TT,T
Star_Mix_2,T
Star_Plus,T
Stargazer,T
Stark,T
Starmobile KNIGHT,T
Starmobile PLAY GO,T
Starpad_T-181,T
StarryHub_Core_50,T
Start,T
Start S,T
Start3G,T
StartLTE,T
Status,T
StayOnYou-S2,T
Stella Omega,T
Stella Omega Plus,T
Stella X,T
Stella X Plus,T
Stella XS,T
Stellar 4G,T
Stellar Max,T
Stellar-M6,T
Stellar-M6E,T
Stellar-X5,T
Steren INTV_1000,T
Stick 4K,T
Stick HD,T
Stilo T715,T
Stilo T725,T
Sting,T
Storm,T
Storm 2e Plus,T
Storm 2e Pluz,T
Storm_C3,T
Stratus C8,T
Stratus C9,T
Stratus C9 Prime,T
Stratus_C5,T
Stratus_C5_Elite,T
Stratus_C7,T
Strawberry SX,T
Stream,T
Stream TV G4K,T
Streaming Dongle,T
StrikaPlay,T
Strike,T
Strong 2K Android TV,T
Strong 4K Android TV,T
Strong Tablet P15000 Pro,T
Strong Tablet P15000 Ultra,T
Strong Tablet P32000 Ultra 5G,T
Strong-SRT4150,T
Strong-SRT4250,T
StrongPhoneQ9,T
Studio C HD,T
Studio G HD LTE,T
Studio G Max,T
Studio G Mini,T
Studio G Plus HD,T
Studio G2 HD,T
Studio G3,T
Studio G4,T
Studio J1,T
Studio J2,T
Studio J5,T
Studio J8,T
Studio J8 LTE,T
Studio J8M,T
Studio M4,T
Studio M4 Plus,T
Studio M5,T
Studio M5 Plus,T
Studio M5 Plus LTE,T
Studio M6,T
Studio M6 LTE,T
Studio Max,T
Studio Mega,T
Studio Mega LTE,T
Studio Pro,T
Studio View,T
Studio View XL,T
Studio X10,T
Studio X10 2022,T
Studio X10+,T
Studio X10L,T
Studio X10L 2022,T
Studio X12,T
Studio X5,T
Studio X5 Max,T
Studio X8 HD,T
Studio X9 HD,T
Studio XL 2,T
Style,T
Style 2,T
Stylo 7plus,T
Stylo S40,T
Stylo S501,T
Stylo_521,T
Stylo_Viva,T
Summit,T
Summit 2+,T
Sumo_SP5201G_LTE,T
Sumo_XL_SP5501G_LTE,T
Sun,T
SunBook,T
SunDirectMax,T
Sunmax Model Tab 10,T
Sunny2 Plus,T
Sunny3,T
Sunny3 Mini,T
Sunshine_T1,T
Sunshine_T1_Elite,T
Sunshine_T2_Elite,T
Super,T
Superb,T
Superion Radar Deluxe,T
Superion S1 DTV,T
Superion S1 Plus DTV,T
Superion Tab Pro,T
Superion_S2,T
Superion_S2_Plus,T
Superme_Max,T
Supernova,T
Supernova_i216,T
Supreme Chief,T
Supreme Fine Plus,T
Supreme_Fine,T
Supreme_Fine_Micro,T
Supreme_Fine_Mini,T
Supreme_Pro,T
Supreme_Pure_Plus,T
SurfTab ST70204-3,T
Surface Duo,T
Surface Duo 2,T
Surfans P10P,T
Surfer7773G,T
Surftab WAF,T
Surge,T
Surnaturel_R500,T
Surpad,T
Suunto 7,T
Svision Android TV 2K,T
Swegue 2,T
Swift,T
Swift 2,T
Swift 2 Plus,T
Swift 2 X,T
Swift 4G,T
Swift_1,T
Swift_Plus,T
Swipe_Slate_3,T
Swipe_Slate_3_WiFi,T
Swipe_Strike8,T
Swipe_X1,T
Swirl,T
Switch GO,T
Syinix AndroidTV,T
Syinix UHD Android TV,T
Symbol,T
Symbol M1,T
Symbol M1 Plus,T
Symbol Max,T
Symbol X,T
Symbol_SP4002G,T
Symphony Atom ii,T
Symphony G10,T
Symphony G100,T
Symphony P7 PRO,T
Symphony R100,T
Symphony Z18,T
Symphony Z22,T
Symphony Z32,T
Symphony Z45,T
Symphony Z50,T
Symphony Z60,T
Symphony Z9,T
Symphony_Z12,T
Sync,T
Synetech_T35,T
Synetech_T35_V,T
Synetech_T7535_VC,T
T Phone,T
T Phone (2023),T
T Phone 2,T
T Phone 2 Pro,T
T Phone 3,T
T Phone 3 Pro,T
T Phone Pro,T
T Phone Pro (2023),T
T Tablet,T
T mini,T
T-01C,T
T-01D,T
T-02D,T
T-1000,T
T-101,T
T-FASHION,T
T-Mobile G2,T
T-Mobile G2 Touch,T
T-Mobile Vivacity,T
T-Mobile myTouch 3G,T
T-Mobile myTouch 3G Slide,T
T-Mobile_G2_Touch,T
T-Smart,T
T-We Boks III,T
T01,T
T012,T
T02,T
T03,T
T04,T
T05,T
T06,T
T07,T
T07TR1W,T
T08,T
T0801L,T
T0802L,T
T0805L,T
T08HM3MSA9,T
T09,T
T099,T
T1,T
T1 7.0,T
T1-701u,T
T1-701ua,T
T1-701us,T
T1-701w,T
T1-821L,T
T1-821W,T
T1-821w,T
T1-823L,T
T1-A21L,T
T1-A21W,T
T1-A21w,T
T1-A22L,T
T1-A23L,T
T10,T
T10+,T
T10-8128,T
T100,T
T1000,T
T100020_EEA,T
T100020_TR,T
T1001,T
T1001L,T
T1004G,T
T1005L,T
T101,T
T101 PAD,T
T1015,T
T1016X,T
T101G,T
T101N,T
T101S,T
T102 PAD,T
T1021,T
T1021M,T
T1021P,T
T1021T,T
T1030A,T
T1045LI,T
T1045PC,T
T1045PN,T
T104G,T
T104G_T610,T
T104_64GB,T
T105,T
T1060,T
T1060B,T
T1060C,T
T107,T
T1075B,T
T1081,T
T1081NE,T
T1085,T
T1085P4LE,T
T10A,T
T10A863-21,T
T10A863-51,T
T10B,T
T10E,T
T10G,T
T10I-4128,T
T10K_Plus,T
T10L,T
T10LTE,T
T10M,T
T10M_EEA,T
T10M_Pro,T
T10P,T
T10PLUS,T
T10P_EEA,T
T10Plus,T
T10Pro,T
T10S,T
T10W,T
T10W2,T
T10_232,T
T10_32GB,T
T10_EEA,T
T10_Pro,T
T10_V_EEA,T
T10xTA,T
T11,T
T11 Pro,T
T1100,T
T1100UA,T
T113,T
T1144,T
T115G,T
T1160,T
T1161,T
T118,T
T1185S4RT-TMEE,T
T11M,T
T11Pro,T
T11_1,T
T11_PRO,T
T12,T
T12 Pro,T
T12-EEA,T
T1201,T
T120G,T
T12E,T
T12M,T
T12M_EEA,T
T12Pro,T
T12S,T
T12S_EEA,T
T12S_ROW,T
T12_EEA,T
T12_ROW,T
T13,T
T13-EEA,T
T13-US,T
T13M4BK64LTE,T
T13_EEA,T
T13_PRO,T
T13_T_EEA,T
T13_T_US,T
T13_US,T
T13_V_EEA,T
T14,T
T15,T
T15-EEA,T
T151,T
T151-EEA,T
T155,T
T1586K,T
T15_EEA,T
T15_US,T
T15_U_EEA,T
T15_U_US,T
T15_V_EEA,T
T1700Q,T
T18,T
T18-EEA,T
T1800Q Plus,T
T181,T
T181-EEA,T
T18A,T
T1B,T
T1Pro,T
T1_pro,T
T1mini,T
T2,T
T20,T
T20 Pro,T
T20-EEA,T
T20-Plus,T
T2000,T
T201,T
T201-EEA,T
T2040,T
T2050C,T
T2070,T
T20E,T
T20Mini,T
T20Mini Kid,T
T20Mini Pro,T
T20S,T
T20Ultra,T
T20_Play,T
T21,T
T21 Pro,T
T21-EEA,T
T211-EEA,T
T22,T
T22-EEA,T
T221,T
T2310,T
T25,T
T255,T
T26,T
T26-EEA,T
T2702,T
T28,T
T28-EEA,T
T2HD,T
T2J,T
T2K,T
T2Max,T
T2Pro,T
T2lite,T
T3,T
T3 Max,T
T3 PRO,T
T3 Pro,T
T3 Pro Max,T
T3 Ultra,T
T30,T
T30 Max,T
T30 Mini,T
T30 Mini Pro,T
T30 SE,T
T30-EEA,T
T3000,T
T3011D,T
T307F,T
T30A,T
T30E,T
T30E Pro,T
T30MAX,T
T30Pro,T
T30S,T
T30Ultra,T
T30W,T
T30_EEA,T
T30_PLUS,T
T30_Plus_EEA,T
T30_ROW,T
T30_RU,T
T32-EEA,T
T35,T
T36,T
T38-450,T
T3AMX3,T
T3G,T
T3G_04,T
T3G_07,T
T3G_10B,T
T3G_Q07,T
T3L2,T
T3_Pro,T
T3_US,T
T4,T
T4 Lite,T
T4 Pro,T
T40,T
T40 Air,T
T40 Air_EEA,T
T40 PRO_ROW,T
T40 Pro,T
T40 Pro_EEA,T
T40 Pro_ROW,T
T40 Pro_RUS,T
T400,T
T400 3G 2017,T
T4000,T
T4018,T
T40Air_EEA,T
T40Air_RUS,T
T40HD,T
T40HD_EEA,T
T40HD_ROW,T
T40HD_RUS,T
T40PRO_L1,T
T40Pro,T
T40Pro_EEA,T
T40Pro_M_EEA,T
T40Pro_M_ROW,T
T40Pro_ROW,T
T40Pro_RUS,T
T40Pro_YKM_EEA,T
T40Pro_YKM_ROW,T
T40Pro_YKM_RUS,T
T40_Plus_EEA,T
T40_Plus_ROW,T
T40_Plus_RUS,T
T40_Pro_W_EEA,T
T40_Pro_W_ROW,T
T430M,T
T430W,T
T430WS,T
T431A,T
T431D,T
T431E,T
T431P,T
T431Q,T
T431U,T
T432,T
T432J,T
T432W,T
T433D,T
T433E,T
T434D,T
T434J,T
T434W,T
T442A,T
T442J,T
T442M,T
T45,T
T450A,T
T450H,T
T451A,T
T451H,T
T452,T
T452A,T
T452B,T
T452M,T
T452Q,T
T453D,T
T45HD,T
T45HD_EEA,T
T45HD_ROW,T
T45HD_RUS,T
T47_05,T
T47_09,T
T4G,T
T4GB07,T
T4GB10,T
T4SMODELX,T
T4_EU,T
T5,T
T5 Plus,T
T5 Pro,T
T5-plus,T
T5-plus-EEA,T
T50,T
T50-EEA,T
T500,T
T500 3G,T
T500B,T
T501-EEA,T
T501C,T
T501L,T
T503,T
T503F,T
T503F_L1,T
T505PRO,T
T506A,T
T506D,T
T506F,T
T506G,T
T506K,T
T506T,T
T507A,T
T507D,T
T507F,T
T507J,T
T507U,T
T509A,T
T509K,T
T50Air_EEA,T
T50HD,T
T50HD_EEA,T
T50HD_ROW,T
T50Max_EEA,T
T50Max_ROW,T
T50Mini_A_EEA,T
T50Mini_A_ROW,T
T50Mini_EEA,T
T50PRO,T
T50Plus_E_EEA,T
T50Pro_W_EEA,T
T50Pro_W_ROW,T
T50Y,T
T50_2023,T
T50_EEA,T
T50_PLUS,T
T50_ROW,T
T50_RUS,T
T50_Y_EEA,T
T50_Y_ROW,T
T50_Y_RUS,T
T510D,T
T510SP,T
T510WS,T
T513G,T
T513SP,T
T513V,T
T513W,T
T513Z,T
T517A,T
T517D,T
T517F,T
T517H,T
T517J,T
T519H,T
T519N,T
T5211,T
T521D,T
T521H,T
T521K,T
T521N,T
T522A,T
T522E,T
T523H,T
T523P,T
T523SP,T
T523V,T
T524J,T
T54,T
T55,T
T5511,T
T5524,T
T55S,T
T57,T
T5S,T
T5SE-001,T
T5_0,T
T5_EEA,T
T5_EEA_0,T
T5c,T
T5se,T
T6,T
T60,T
T60 Pro,T
T6000,T
T600M,T
T601DL,T
T602DL,T
T603DL,T
T607DL,T
T608DL,T
T608G,T
T608M,T
T609B,T
T609DL,T
T609J,T
T609L,T
T609M,T
T609SPP,T
T609V,T
T60Ai_EEA,T
T60Ai_ROW,T
T60Mini_ROW,T
T60PRO_ROW,T
T60Plus_EEA,T
T60Plus_ROW,T
T60Pro,T
T60Pro_2023,T
T60Pro_A_EEA,T
T60_EEA,T
T60_PLUS,T
T60_RUS,T
T610E,T
T610K,T
T610P,T
T611B,T
T612B,T
T613K,T
T613P,T
T614D,T
T614J,T
T614SP,T
T614WS,T
T618,T
T618_US,T
T624J,T
T626K,T
T650,T
T6501,T
T65Max_A_EEA,T
T65Max_A_ROW,T
T65Max_EEA,T
T65Max_ROW,T
T65Plus_EEA,T
T65Plus_ROW,T
T65_A5D8,T
T65_EEA,T
T65_L_ROW,T
T65_ROW,T
T66,T
T671E,T
T671F,T
T671G,T
T671H,T
T671O,T
T676H,T
T676J,T
T676K,T
T69-A,T
T6L,T
T7,T
T7 Pro,T
T70,T
T700,T
T7001,T
T700A,T
T700B,T
T700X,T
T701,T
T7014Q_Plus,T
T701DL,T
T701S,T
T701_X,T
T702,T
T702A,T
T702D,T
T702E_EEA,T
T702M,T
T702Pro,T
T702Pro-A,T
T702Pro-EEA,T
T702Pro_S,T
T702S,T
T702W,T
T702Z,T
T702_EEA,T
T7044NP,T
T7045PS,T
T704SP,T
T704V,T
T705,T
T705/T708,T
T705J,T
T705K,T
T705M,T
T70Max,T
T70Pro_ROW,T
T70_EEA,T
T70_E_ROW,T
T70_ROW,T
T70_T_EEA,T
T71,T
T71N,T
T71N_M,T
T71WW,T
T71_w,T
T720,T
T7250,T
T72HM3G,T
T72HMs_3G,T
T730,T
T7305,T
T7305L,T
T7310,T
T7315,T
T7335,T
T737PRO,T
T74G,T
T752,T
T760,T
T766A,T
T766H,T
T766H_EEA,T
T766H_RU,T
T766H_TR,T
T766J,T
T766S,T
T766U,T
T766U_EEA,T
T767G,T
T767H,T
T767W,T
T768O,T
T77,T
T770B,T
T770H,T
T770K,T
T771A,T
T771H,T
T771K,T
T773O,T
T774B,T
T774H,T
T775B,T
T775H,T
T776H,T
T776O,T
T779P,T
T779W,T
T780H,T
T781,T
T781SPP,T
T782H,T
T782P,T
T785B,T
T787-4G,T
T790,T
T790B,T
T790H,T
T790S,T
T790W,T
T790Y,T
T790Z,T
T799B,T
T799H,T
T7A6INC,T
T7A6N,T
T7G,T
T7I_232,T
T7K,T
T7K_PLUS,T
T7K_PLUS_SE3_EEA,T
T7L,T
T7Pro,T
T7Q-4G,T
T7S,T
T7Ultra,T
T7W,T
T7_PRO,T
T7_US,T
T7_plus,T
T8,T
T8 Plus,T
T80,T
T800,T
T8001,T
T8004G,T
T800MC,T
T801,T
T801 PAD,T
T8010,T
T8010A,T
T8010P,T
T8015,T
T8015S,T
T802,T
T802 PAD,T
T803,T
T803D,T
T803E,T
T8045PS,T
T805,T
T806,T
T806ME,T
T806MH,T
T806MHE,T
T807D,T
T807E,T
T807M,T
T807W,T
T808,T
T80_PLUS,T
T80_PLUS_EEA,T
T81,T
T810,T
T8100,T
T810H,T
T811,T
T8116,T
T8133,T
T818,T
T81N,T
T81_PB,T
T8408,T
T847,T
T847_EEA,T
T84G,T
T84G_OC,T
T84G_T310A14,T
T84G_T310_332,T
T85,T
T852,T
T8520,T
T856G,T
T85US,T
T86,T
T8620-6,T
T88,T
T88-EEA,T
T88-ROW,T
T8A,T
T8B,T
T8C,T
T8M,T
T8Pro,T
T8S,T
T8_3G,T
T8metal,T
T8s,T
T9,T
T9 PRO,T
T90,T
T900,T
T901,T
T901Pro-A,T
T901Pro-E,T
T901_US,T
T90_NEW,T
T9120,T
T9501,T
T9503,T
T951K,T
T951P,T
T98,T
T9S,T
TA-04,T
TA-07-232,T
TA-1,T
TA-10,T
TA-10-232,T
TA-1000,T
TA-1003,T
TA-1004,T
TA-1012,T
TA-1020,T
TA-1021,T
TA-1024,T
TA-1025,T
TA-1027,T
TA-1028,T
TA-1032,T
TA-1033,T
TA-1038,T
TA-1039,T
TA-1041,T
TA-1044,T
TA-1052,T
TA-1053,T
TA-1054,T
TA-2,T
TA-20,T
TA-2_3G,T
TA-2_Pro,T
TA-3,T
TA-4,T
TA-40,T
TA-40 3G,T
TA-45,T
TA-55_Power,T
TA-60,T
TA-L,T
TA07-2GB,T
TA10-SO10,T
TA10CA1,T
TA10CA2,T
TA10CA3,T
TA10CA4,T
TA10E1W63,T
TA10TA2,T
TA272HUL,T
TA2C-DR9,T
TA2C-DR94G,T
TA2C-NF8,T
TA60A,T
TA70CA1,T
TA70CA2,T
TA70CA3,T
TA71CA1,T
TA71CA2,T
TA71CA3,T
TA71CA5,T
TA71CA5_1,T
TA80CA1,T
TA80CA2,T
TA80TA1,T
TA810,T
TAB 10,T
TAB 20,T
TAB 40,T
TAB 50,T
TAB 60,T
TAB 611 3G,T
TAB 65,T
TAB 7 DUAL CORE,T
TAB 7.1,T
TAB 711 4G,T
TAB 720 PLUS,T
TAB 8.1,T
TAB 922 MAX,T
TAB A10-80HC,T
TAB KINGKONG,T
TAB KINGKONG 2,T
TAB P12,T
TAB PRO 14,T
TAB Q10,T
TAB Q10s,T
TAB R10 Pro,T
TAB R11 Pro,T
TAB R12 Pro,T
TAB R5,T
TAB R6 Pro,T
TAB R6 Ultra,T
TAB R7,T
TAB R8,T
TAB R9 Plus,T
TAB R9 Pro,T
TAB R9 Pro Max,T
TAB X10,T
TAB X8,T
TAB-001,T
TAB-11,T
TAB-1100,T
TAB-1102,T
TAB-1103,T
TAB-700,T
TAB-7001-16G,T
TAB-714,T
TAB-7232-3G-V2,T
TAB-7293-16G,T
TAB-7304-16G3GS,T
TAB-7383-16G3GS,T
TAB-740_G,T
TAB-746,T
TAB-750_G,T
TAB-7522-16G3G,T
TAB-7769-32G4GS,T
TAB-7887-32G3GB,T
TAB-7888-32G3GB,T
TAB-840_G,T
TAB-8US2,T
TAB-9440-128G4G,T
TAB-9G,T
TAB-A01-SD,T
TAB-A02-SD,T
TAB-A03-BR,T
TAB-A03-BS,T
TAB-A03-SD,T
TAB-A05,T
TAB-A05-BA1,T
TAB-A05-BD,T
TAB-A05-EA,T
TAB-A05-SA2,T
TAB-A8,T
TAB-BEG-01,T
TAB-Executive,T
TAB-P10232-3G,T
TAB-PTDF-116,T
TAB-S1,T
TAB-T101-4,T
TAB-T104-6,T
TAB-T126-8,T
TAB-T537-10,T
TAB-T863-3,T
TAB-WP11,T
TAB0001NG,T
TAB011,T
TAB012,T
TAB1,T
TAB10,T
TAB1011,T
TAB1012,T
TAB1012FKY,T
TAB1015GY,T
TAB1081,T
TAB1090,T
TAB10A3G02,T
TAB10_EEA,T
TAB10_ROW,T
TAB10_US,T
TAB11GT,T
TAB134,T
TAB1A,T
TAB2,T
TAB20_EEA,T
TAB20_US,T
TAB21,T
TAB210,T
TAB30,T
TAB30-EU,T
TAB30-W,T
TAB30_EEA,T
TAB30_US,T
TAB4,T
TAB5,T
TAB50_EEA,T
TAB50_US,T
TAB63A,T
TAB7,T
TAB700MPG,T
TAB7091,T
TAB76,T
TAB781,T
TAB7A3G05,T
TAB7A3G06,T
TAB7Q804VAL,T
TAB8,T
TAB8V,T
TAB8V1,T
TAB8_EEA,T
TAB8_US,T
TAB9,T
TAB900,T
TAB9_EEA,T
TABAI1,T
TAB_10,T
TAB_1003G,T
TAB_101,T
TAB_70,T
TAB_7232_3G_A,T
TAB_8,T
TAB_811_4G,T
TAB_812_4G,T
TAB_814,T
TAB_847_3G,T
TAB_868_PRO,T
TAB_8US1,T
TAB_911_3G,T
TAB_912_4G,T
TAB_912_PRO_4G,T
TAB_914,T
TAB_915_4G,T
TAB_916_4G,T
TAB_918_PRO_4G,T
TAB_920_PLUS_4G,T
TAB_A7_US,T
TAB_A8_EEA,T
TAB_A8_US,T
TAB_ASR_7232_3G_SERIES,T
TAB_FOLD_10,T
TAB_FOLD_12,T
TAB_M10,T
TAB_M10_EEA,T
TAB_MAX_7,T
TAB_One,T
TAB_One_Plus,T
TAB_P10,T
TAB_P10_C_EEA,T
TAB_P10_C_ROW,T
TAB_P10_EEA,T
TAB_P10_ROW,T
TAB_P1300,T
TAB_P1300_EEA,T
TAB_S2,T
TAB_S2_EEA,T
TAB_STAND_PRO_2,T
TAB_TS101S_LTE,T
TAB_XXL_14,T
TADAAM Box,T
TADI_TOUCH_1,T
TAE08N10,T
TAE10C13,T
TAE10N12,T
TAG Heuer,T
TAG TAB II,T
TAG-DC,T
TAG-Executive,T
TAG-Pluto-TAB,T
TAG-TAB-III,T
TAG-TAB-LU,T
TAGPhone,T
TAG_Phone,T
TAG_Pluto_TAB_II,T
TAL-750,T
TANGO10,T
TANGO_LITE,T
TANK 01,T
TANK 1,T
TANK 2 PRO,T
TANK 3,T
TANK 4.5,T
TANK MINI 1,T
TANK X,T
TANK2,T
TANK_P55,T
TAQ-10,T
TAQ-102,T
TAQ-70,T
TAQ-90,T
TAQ_104A,T
TAQ_10G,T
TAQ_703A,T
TAQ_703_eea,T
TARGA-F10PRO,T
TARGA-F11PRO,T
TARGA-F12PRO,T
TARGA-F13PRO,T
TARGA-F14PRO,T
TARGA-F14PROX,T
TARGA-F7,T
TARGA-F8,T
TARISTAB2,T
TARISTAB3,T
TARISTAB4,T
TATV-8000,T
TA_G717,T
TB-5300,T
TB-701,T
TB-8504F,T
TB-8704V,T
TB-AS100A,T
TB-AS110A,T
TB-JS100A,T
TB-JS101A,T
TB-X304F,T
TB-X304N,T
TB-X704A,T
TB-X704N,T
TB-X704V,T
TB001,T
TB01,T
TB02,T
TB02_E,T
TB100,T
TB105L,T
TB108W,T
TB109L,T
TB128FU,T
TB128XC,T
TB132FU,R
TB138FC,T
TB230FC,T
TB230XC,T
TB240FC,T
TB300FU,T
TB300XU,T
TB301FU,T
TB301XU,T
TB305FU,T
TB305XC,T
TB305XU,T
TB310FU,T
TB310XU,T
TB311FU,T
TB311XU,T
TB320FC,T
TB321FU,T
TB323FU,T
TB328FU,T
TB328XU,T
TB330FU,T
TB330FUP,T
TB330XC,T
TB330XU,T
TB330XUP,T
TB336FU,T
TB336ZU,T
TB350FU,R
TB350XU,R
TB351FU,T
TB352FU,T
TB353FU,T
TB353ZA,T
TB353ZU,T
TB355FU,T
TB360ZJ,T
TB360ZU,T
TB361FU,T
TB370FU,R
TB371FC,T
TB372FC,T
TB373FU,T
TB390FU,T
TB520FU,T
TB570FU,T
TB570ZU,T
TB571FU,T
TB710FU,T
TB716,T
TB717G,T
TB717L,T
TB718,T
TB802L,T
TB85,T
TB85Plus,T
TB8A,T
TBAI698,T
TBBTV01,T
TBBVNC100005207,T
TBBVNC100005208,T
TBBVNC100005209,T
TBD,T
TBDG1073,T
TBDG734,T
TBDG773,T
TBDG874,T
TBDV1093,T
TBDV986,T
TBL-300,T
TBOG1034,T
TBOX,T
TBP_V6_PRO,T
TBQ-7321,T
TBQ10322,T
TBQ8322,T
TBQC1063,T
TBQG1031,T
TBQG1038,T
TBQG1084,T
TBQG738,T
TBQG774,T
TBQG838,T
TBQG855,T
TBQG884,T
TBQ_10321,T
TBX10,T
TBX11,T
TBX211,T
TBX_200,T
TB_5400,T
TB_7400,T
TB_GH,T
TB_MONDIAL,T
TB_MONDIAL_KID,T
TB_Series,T
TC100pro,T
TC101,T
TC101L,T
TC101W,T
TC1031,T
TC15,T
TC1560M-G510,T
TC20,T
TC201,T
TC201L,T
TC201W,T
TC21,T
TC22,T
TC25,T
TC26,T
TC27,T
TC501,T
TC504B,T
TC51,T
TC52,T
TC52AX,T
TC52X,T
TC53,T
TC53E,T
TC55,T
TC55CH,T
TC56,T
TC57,T
TC57X,T
TC58,T
TC58E,T
TC60,T
TC601A_GWL,T
TC601B_GWL,T
TC601_GWL,T
TC603B_GWL,T
TC605,T
TC60_EEA,T
TC69CA2,T
TC700H,T
TC701,T
TC70RA1,T
TC70W,T
TC70x,T
TC72,T
TC73,T
TC75,T
TC75x,T
TC77,T
TC78,T
TC8000,T
TC8091,T
TC80RA1,T
TC80RA6,T
TC8300,T
TC97RA1,T
TCC893X_EVM,T
TCL 302U,T
TCL 520,T
TCL 580,T
TCL 6110A,T
TCL 750,T
TCL 950,T
TCL A506,T
TCL A865,T
TCL A990,T
TCL C995,T
TCL D35,T
TCL D40 DUAL,T
TCL D55,T
TCL D662,T
TCL D668,T
TCL D706,T
TCL D768,T
TCL D920,T
TCL H900M,T
TCL J210C,T
TCL J300,T
TCL J310,T
TCL J320,T
TCL J320C,T
TCL J320T,T
TCL J600T,T
TCL J610,T
TCL J620,T
TCL J630T,T
TCL J720,T
TCL J726T,T
TCL J738M,T
TCL J900,T
TCL J900T,T
TCL J920,T
TCL J926T,T
TCL J928,T
TCL J938M,T
TCL M2M,T
TCL M2U,T
TCL ONE TOUCH 990,T
TCL P301C,T
TCL P301M,T
TCL P302C,T
TCL P316L,T
TCL P331M,T
TCL P332U,T
TCL P360W,T
TCL P500M,T
TCL P502U,T
TCL P520L,T
TCL P600,T
TCL P606,T
TCL P606T,T
TCL P618L,T
TCL P631M,T
TCL P728M,T
TCL S300T,T
TCL S500,T
TCL S520,T
TCL S530T,T
TCL S600,T
TCL S700,T
TCL S700T,T
TCL S710,T
TCL S720,T
TCL S720T,T
TCL S800,T
TCL S810,T
TCL S820,T
TCL S830U,T
TCL S838M,T
TCL S850,T
TCL S860,T
TCL S900,T
TCL S950,T
TCL S950T,T
TCL S960,T
TCL S960T,T
TCL T500L,T
TCL TAB 7,T
TCL V760,T
TCL Xess C15BA,T
TCL Xess P17AA,T
TCL Xess miniC15BA,T
TCL Y660,T
TCL Y710,T
TCL Y900,T
TCL Y910,T
TCL Y910T,T
TCL i708U,T
TCL i709M,T
TCL i718M,T
TCL i806,T
TCL-550,T
TCL-D668,T
TCL-D920,T
TCL-J210C,T
TCL-J320D,T
TCL-J736L,T
TCL-J900C,T
TCL-J929L,T
TCL-P306C,T
TCL-P688L,T
TCL-S850L,T
TCLGalaG60(9108A),T
TCLJ330,T
TCL_6110A,T
TCL_J210,T
TCL_J636D,T
TCL_J706T,T
TCL_P561U,T
TCL_P689L,T
TCL_S725T,T
TCL_U980,T
TD-TP010G-2,T
TD070VA1,T
TD520,T
TDA02,T
TDC100_4G,T
TDC100_WiFi,T
TDC500,T
TDC6,T
TDC600,T
TDC600_2,T
TDC800,T
TDI 600,T
TDV0808,T
TE081,T
TE082M2,T
TE083,T
TE084,T
TE08D1M64,T
TE08D2M64,T
TE08F3W64,T
TE08F5W64,T
TE1,T
TE101,T
TE1011,T
TE102,T
TE103,T
TE104M4,T
TE10D1M64,T
TE10D2M64,T
TE10F3W64,T
TE11F5W64,T
TE580P,T
TE580PS,T
TE590P,T
TE590P_E,T
TE590P_O,T
TE620G,T
TEACTAB,T
TEAM_7_3G,T
TEC-M1310,T
TECH-TVE19J,T
TECHR720W,T
TECNO A571LS,T
TECNO AB7,T
TECNO AC8,T
TECNO AD10,T
TECNO AD11,T
TECNO AD8,T
TECNO AD9,T
TECNO AE10,T
TECNO AE11,T
TECNO AX8,T
TECNO AX8S,T
TECNO B1,T
TECNO B1S,T
TECNO B1f,T
TECNO B1g,T
TECNO B1p,T
TECNO BA2,T
TECNO BB2,T
TECNO BB4,T
TECNO BB4k,T
TECNO BC1,T
TECNO BC1s,T
TECNO BC2,T
TECNO BC2c,T
TECNO BC3,T
TECNO BD1,T
TECNO BD2,T
TECNO BD2d,T
TECNO BD2p,T
TECNO BD3,T
TECNO BD4,T
TECNO BD4i,T
TECNO BE6,T
TECNO BE6j,T
TECNO BE7,T
TECNO BE8,T
TECNO BE8i,T
TECNO BF6,T
TECNO BF7,T
TECNO BF7h,T
TECNO BF7n,T
TECNO BF7s,T
TECNO BG6,T
TECNO BG6h,T
TECNO BG6i,T
TECNO BG6m,T
TECNO BG6s,T
TECNO BG7,T
TECNO BG7n,T
TECNO CA6,T
TECNO CA6S,T
TECNO CA7,T
TECNO CA8,T
TECNO CA8S,T
TECNO CB7,T
TECNO CB7j,T
TECNO CC6,T
TECNO CC7,T
TECNO CC7S,T
TECNO CC9,T
TECNO CD6,T
TECNO CD6S,T
TECNO CD6j,T
TECNO CD7,T
TECNO CD8,T
TECNO CD8j,T
TECNO CE7,T
TECNO CE7j,T
TECNO CE8,T
TECNO CE9,T
TECNO CE9h,T
TECNO CF7,T
TECNO CF7S,T
TECNO CF7k,T
TECNO CF8,T
TECNO CG6,T
TECNO CG6j,T
TECNO CG7,T
TECNO CG7n,T
TECNO CG8,T
TECNO CG8h,T
TECNO CH6,T
TECNO CH6IS,T
TECNO CH6h,T
TECNO CH6i,T
TECNO CH6n,T
TECNO CH7,T
TECNO CH7n,T
TECNO CH9,T
TECNO CH9n,T
TECNO CI6,T
TECNO CI6n,T
TECNO CI7n,T
TECNO CI8,T
TECNO CI8n,T
TECNO CK6,T
TECNO CK6n,T
TECNO CK6ns,T
TECNO CK7n,T
TECNO CK8n,T
TECNO CK8nB,T
TECNO CK9n,T
TECNO CL6,T
TECNO CL6k,T
TECNO CL6s,T
TECNO CL7,T
TECNO CL7k,T
TECNO CL7s,T
TECNO CL8,T
TECNO CL9,T
TECNO CLA5,T
TECNO CLA6,T
TECNO CM5,T
TECNO CM6,T
TECNO CM7,T
TECNO CM8,T
TECNO CN5,T
TECNO CN5c,T
TECNO CN6c,T
TECNO CN7c,T
TECNO CX Air,T
TECNO Camon CX,T
TECNO Camon CXS,T
TECNO DP10A,T
TECNO F1,T
TECNO F2,T
TECNO F2LTE,T
TECNO F3,T
TECNO F4,T
TECNO F4 Pro,T
TECNO H5S,T
TECNO IA5,T
TECNO ID3k,T
TECNO ID5,T
TECNO ID5a,T
TECNO ID5b,T
TECNO ID6,T
TECNO IN1,T
TECNO IN1 Pro,T
TECNO IN2,T
TECNO IN3,T
TECNO IN5,T
TECNO IN6,T
TECNO K7,T
TECNO K8,T
TECNO K9,T
TECNO KA6,T
TECNO KA7,T
TECNO KA7O,T
TECNO KA9,T
TECNO KB2,T
TECNO KB2h,T
TECNO KB2j,T
TECNO KB3,T
TECNO KB7,T
TECNO KB7j,T
TECNO KB8,T
TECNO KC1,T
TECNO KC1j,T
TECNO KC2,T
TECNO KC2j,T
TECNO KC3,T
TECNO KC6,T
TECNO KC6S,T
TECNO KC8,T
TECNO KC8S,T
TECNO KD6,T
TECNO KD6a,T
TECNO KD7,T
TECNO KD7S,T
TECNO KD7h,T
TECNO KE5,T
TECNO KE5S,T
TECNO KE5j,T
TECNO KE5k,T
TECNO KE6,T
TECNO KE6j,T
TECNO KF6,T
TECNO KF6h,T
TECNO KF6i,T
TECNO KF6j,T
TECNO KF6k,T
TECNO KF6ks,T
TECNO KF6m,T
TECNO KF6n,T
TECNO KF6p,T
TECNO KF7j,T
TECNO KF8,T
TECNO KG5,T
TECNO KG5h,T
TECNO KG5j,T
TECNO KG5k,T
TECNO KG5ks,T
TECNO KG5m,T
TECNO KG5p,T
TECNO KG5q,T
TECNO KG6,T
TECNO KG6P,T
TECNO KG6k,T
TECNO KG6p,T
TECNO KG7,T
TECNO KG7n,T
TECNO KG8,T
TECNO KH6,T
TECNO KH7S,T
TECNO KH7n,T
TECNO KI5k,T
TECNO KI5m,T
TECNO KI5n,T
TECNO KI5q,T
TECNO KI5qs,T
TECNO KI7,T
TECNO KI7s,T
TECNO KI8,T
TECNO KJ5,T
TECNO KJ5n,T
TECNO KJ5s,T
TECNO KJ6,T
TECNO KJ7,T
TECNO KJ7s,T
TECNO KJ8,T
TECNO KJ8s,T
TECNO KL4,T
TECNO KL4s,T
TECNO KL5,T
TECNO KL5n,T
TECNO KL5s,T
TECNO KL6,T
TECNO KL7,T
TECNO KL8,T
TECNO KL8h,T
TECNO KL8hs,T
TECNO KL8s,T
TECNO KM4,T
TECNO KM4k,T
TECNO KM4s,T
TECNO KM5,T
TECNO KM5n,T
TECNO KM5s,T
TECNO KM6,T
TECNO KM7,T
TECNO KM7k,T
TECNO KM8,T
TECNO KM8n,T
TECNO KM9,T
TECNO KN3,T
TECNO KN4,T
TECNO KN4n,T
TECNO KN8,T
TECNO KO5,T
TECNO L6502S,T
TECNO L8 Lite,T
TECNO L9,T
TECNO L9 Plus,T
TECNO LA6,T
TECNO LA7,T
TECNO LA7 Pro,T
TECNO LB6,T
TECNO LB7,T
TECNO LC6,T
TECNO LC6a,T
TECNO LC7,T
TECNO LC7S,T
TECNO LC8,T
TECNO LD7,T
TECNO LD7j,T
TECNO LE6,T
TECNO LE7,T
TECNO LE7n,T
TECNO LE8,T
TECNO LF7,T
TECNO LF7n,T
TECNO LG6n,T
TECNO LG7n,T
TECNO LG8n,T
TECNO LH6n,T
TECNO LH7n,T
TECNO LH8n,T
TECNO LI6,T
TECNO LI7,T
TECNO LI9,T
TECNO LJ6,T
TECNO LJ7,T
TECNO LJ8,T
TECNO LJ8k,T
TECNO LJ9,T
TECNO LK6,T
TECNO LK7,T
TECNO LK7k,T
TECNO M3S,T
TECNO Mobile AD8,T
TECNO Mobile BF7n,T
TECNO Mobile BG6,T
TECNO Mobile BG7n,T
TECNO Mobile CH6i,T
TECNO Mobile CH6n,T
TECNO Mobile CI6n,T
TECNO Mobile CLA6,T
TECNO Mobile KG5k,T
TECNO Mobile KG6k,T
TECNO Mobile KG6p,T
TECNO Mobile KG8,T
TECNO Mobile KI5q,T
TECNO Mobile KJ5n,T
TECNO Mobile KJ6,T
TECNO Mobile KJ7,T
TECNO Mobile KL4,T
TECNO Mobile KL5n,T
TECNO Mobile KL7,T
TECNO Mobile KL8,T
TECNO Mobile LG6n,T
TECNO Mobile LH7n,T
TECNO Mobile LH8n,T
TECNO Mobile LI6,T
TECNO N5S,T
TECNO N8,T
TECNO P3S,T
TECNO P5S,T
TECNO P701,T
TECNO P702,T
TECNO P702A,T
TECNO P702AS,T
TECNO P703,T
TECNO P704,T
TECNO P704a,T
TECNO P904,T
TECNO PP7E-DLA1,T
TECNO PP7E-SLA1,T
TECNO PR651,T
TECNO PR651E,T
TECNO PR651H,T
TECNO PhonePad 3,T
TECNO R6,T
TECNO R6S,T
TECNO R8O,T
TECNO R8S,T
TECNO RA6,T
TECNO RA6S,T
TECNO RA7,T
TECNO RA8,T
TECNO RB6S,T
TECNO RB7S,T
TECNO RB8S,T
TECNO RC6,T
TECNO S1,T
TECNO S1 Lite,T
TECNO S1 Pro,T
TECNO S1E Pro,T
TECNO S1M,T
TECNO S6,T
TECNO S6S,T
TECNO SA1,T
TECNO SA1S Pro,T
TECNO SA2S,T
TECNO SA6,T
TECNO SA6S,T
TECNO SA7S,T
TECNO SC7S,T
TECNO T1002,T
TECNO T1002W,T
TECNO T1101,T
TECNO T1102,T
TECNO T1102W,T
TECNO T1103,T
TECNO T1201,T
TECNO W1,T
TECNO W2,T
TECNO W3 Pro,T
TECNO W5 Lite,T
TECNO W5006S,T
TECNO WX3,T
TECNO WX3F LTE,T
TECNO WX3LTE,T
TECNO WX3P,T
TECNO WX4,T
TECNO WX4 Pro,T
TECNO WX4 Pro S,T
TECNO i3,T
TECNO i3 Pro,T
TECNO i5,T
TECNO i5 Pro,T
TECNO i7,T
TECNO-A7S,T
TECNO-C5,T
TECNO-C7,T
TECNO-C8,T
TECNO-C9,T
TECNO-C9S,T
TECNO-J5,T
TECNO-J7,T
TECNO-J8,T
TECNO-L5,T
TECNO-L6,T
TECNO-L8,T
TECNO-L8Plus,T
TECNO-M6S,T
TECNO-N2,T
TECNO-N2S,T
TECNO-N6,T
TECNO-N6S,T
TECNO-N8,T
TECNO-N8R,T
TECNO-N8S,T
TECNO-N9,T
TECNO-N9S,T
TECNO-PHANTOM5,T
TECNO-W3,T
TECNO-W3LTE,T
TECNO-W5,T
TECNO-Y2,T
TECNO-Y3,T
TECNO-Y3+,T
TECNO-Y3S,T
TECNO-Y4,T
TECNO-Y5,T
TECNO-Y6,T
TECNO_W4,T
TECTOY,T
TECTOYTT2500,T
TECTOY_5029Y,T
TEENO_S9,T
TEENO_i12,T
TEG9300,T
TEG9300-4,T
TEG9300-4A,T
TEG9300-5,T
TEG9300-5A,T
TEG9300-AL,T
TEG9300-M,T
TEI11011MST,T
TEL-1013GIQA,T
TEL-1014GIQ,T
TEL-1014GIQA,T
TEL-73GIQA,T
TEL-73GIQA11,T
TEL-74GIQA,T
TELE2_Maxi_1_1,T
TELEGENIC-AML-1,T
TELESYSTEM 2K Android TV,T
TELMA F1+4G,T
TELMA FEEL,T
TELMA IFEEL MAX,T
TELO_TE610,T
TELO_TE610_O,T
TELUSTV-21T,T
TELUSTV-24S,T
TEO10-KID2BL32,T
TEO104G,T
TEO10A,T
TEO10S,T
TEO13P,T
TEO7RK,T
TEO8-A2BK32,T
TEO84G,T
TEO8LTE,T
TEO8M,T
TEO8M4BK64,T
TEOX10-MT8SL128LTE,T
TEOX102,T
TEOX103,T
TERRA_MOBILE_PAD_1200,T
TERRA_PAD_1005,T
TERRA_PAD_1005POKO,T
TERRA_PAD_1006,T
TERRA_PAD_1006_V2,T
TERRA_PAD_1007,T
TERRA_PAD_101,T
TERRA_PAD_1200_V2,T
TERRA_PAD_1201,T
TESHM1863,T
TESHM8863,T
TEXX12MIS,T
TEXX13A,T
TEXX13A-76,T
TEXX14MIS-B2AG,T
TEXX15A,T
TEY1A,T
TEY2A,T
TE_8614W,T
TE_QS,T
TE_QS_LL,T
TE_QS_PRO,T
TE_YL,T
TE_YL_PRO,T
TE_YL_SE,T
TF-GZ6100,T
TF101,T
TF101-WiMAX,T
TF10EA2,T
TF10EA2_P61,T
TF10EA2_P8,T
TF10MK1,T
TF201,T
TF501_EC,T
TF5X,T
TF6,T
TF600,T
TFMTKAW01232,T
TFX711G,T
TFX712G,T
TFX713L,T
TFX714L,T
TFY-LX1,T
TFY-LX2,T
TFY-LX3,T
TF_GZ5100,T
TG STREAM 2,T
TG-L800S,T
TG-L900S,T
TG08RK,T
TG08RK1,T
TG1016,T
TG2403GBA,T
TG2404GBA,T
TG2405GBA,T
TG3DBG1MA,T
TG4ABG4MA,T
TG4ABG4TA,T
TG4FBG7TA,T
TG4FBG9TA,T
TG797,T
TG996,T
TGO_TB1001_2R,T
TGO_TB1001_4R,T
TGO_TB1001_4RO,T
TGO_TB1021,T
TGO_TB780i,T
TGO_TB780ik,T
TGO_TB850iH,T
TGW102L,T
TGW706,T
TGW710G,T
TGW801G,T
TGW801L,T
TH 24/7 YOU,T
TH-55DX600C,T
TH-65DR800C,T
TH10,T
TH10_Tab,T
TH55DR600C,T
TH602,T
TH651,T
TH805,T
THANOS_10,T
THATAB,T
THOMSON GS-SMART,T
THOMSON SEREA500,T
THOR,T
TH_55DX700C,T
TH_65DX400C,T
TH_series,T
TI10RA1,T
TIGER 10,T
TIGER 12,T
TIGER 13,T
TIGER 8,T
TIGER X4,T
TIGER X7,T
TIGER_X10,T
TIMVISION Box,T
TIMVISION Crystal,T
TIMVISION VSB,T
TIMVISIONBOX,T
TIM_BOX,T
TIO-80,T
TIO_10525_EEA,T
TIO_80115KBUP_EEA,T
TIQ-10,T
TIQ-102,T
TIQ-104,T
TIQ-1044,T
TIQ-1048,T
TIQ-1049,T
TIQ-70,T
TIS001,T
TIS001-S3,T
TIS001-T2,T
TIS001A,T
TIS001B,T
TIS001C,T
TIS001_S4,T
TIS_001,T
TIT-AL00,T
TIT-L01,T
TITAN,T
TITAN P15000 PRO 5G,T
TITAN_P11000_PRO,T
TITTV,T
TJD MT-710QU,T
TK-E8765,T
TK-P1197,T
TK-P86,T
TK02,T
TK701,T
TK701_EEA,T
TK706,T
TK708,T
TK708_EEA,T
TK718,T
TK80,T
TK801,T
TK806,T
TK806_EEA,T
TK807,T
TK809,T
TK809_EEA,T
TKIDS_100,T
TK_E109GCM,T
TK_E720_EEA,T
TK_P617_3_3Ghz,T
TL-4,T
TL-5,T
TL-5_ROW,T
TL-9,T
TL10,T
TL10RA2,T
TL10RA3,T
TL1B_68,T
TL20,T
TL42810L01,T
TL4648S01,T
TL4648S02,T
TL554B,T
TL62810G01,T
TL65611S01,T
TL66,T
TL70,T
TL70_04_EEA,T
TL828S01,T
TL99,T
TL99G,T
TLA001,T
TLE722G,T
TLE732,T
TLG01_EEA,T
TLG01_ROW,T
TLINK455,T
TLN10FR,T
TLPAD001,T
TLPAD002,T
TLPADL03,T
TLPADM04,T
TLPADNEO,T
TLPADP04,T
TLPADP05,T
TLPADPLUS,T
TLPADPRO1,T
TLW-100,T
TL_4_ROW,T
TM-4510,T
TM-5071,T
TM-5073,T
TM-5075,T
TM-5076,T
TM-5077,T
TM-5082,T
TM-5083,T
TM-5084,T
TM-5201,T
TM-5571,T
TM-5581,T
TM-5583,T
TM-5584,T
TM-5702,T
TM-5703,T
TM-MID1010,T
TM-MID1010NB,T
TM-MID1050B,T
TM-MID1065,T
TM-MID1065BT,T
TM-MID1080,T
TM-MID792SB,T
TM-MID792WP,T
TM-MID794,T
TM-MID795,T
TM-MID880PRO,T
TM-T10SA,T
TM-T10SA-V2,T
TM-TAB1085,T
TM082M4,T
TM083,T
TM083M4,T
TM08E2W74,T
TM101,T
TM101A530L,T
TM101A540N,T
TM101A730M,T
TM102M4,T
TM103M4,T
TM105,T
TM105A,T
TM106A510L,T
TM1088,T
TM11F6W74,T
TM11F7W74,T
TM12,T
TM12E2W74,T
TM12E3W74,T
TM12F8W74,T
TM152,T
TM153,T
TM15F1Q74,T
TM15F1W74,T
TM20,T
TM4G_1006,T
TM4G_806,T
TM700A520L,T
TM75A,T
TM75A-V,T
TM75A-V2,T
TM772,T
TM785CH,T
TM785M3,T
TM800A510L,T
TM800A550L,T
TM800A730M,T
TM800A740M,T
TM9S775,T
TMAF025G,T
TMAF035G,T
TMK27A2,T
TMK715L,T
TMRV065G,T
TMRV06P5G,T
TMRV075G,T
TMRV07P5G,T
TMRV085G,T
TMRV08P5G,T
TMRV5GTB,T
TMRVL4G,T
TMS-KR01P,T
TN11A6128,T
TN28,T
TN451A1,T
TN500A1,T
TN500A2,T
TN502A1,T
TN618,T
TN618pro,T
TN800A1,T
TNT PANALO PHONE 5G,T
TNY-AL00,T
TNY-TL00,T
TO101,T
TOKYO 4K GOOGLE TV,T
TOKYO SMART 2K TV,T
TOKYO SMART 4K TV,T
TOM007,T
TOMMY,T
TOMMY2,T
TONE e19,T
TONE e20,T
TONE m15,T
TONE-m17,T
TONE_e21,T
TONE_e22,T
TOP10,T
TOPNICE-H66,T
TOPNICE_H66,T
TORNADO 4K SmartTV,T
TORNADO EA53 AndroidTV,T
TORNADO UA53 AndroidTV,T
TOSPASB,T
TOUCH 7,T
TOUCHMATE-TM-MID811A,T
TOXIIK_A30,T
TP-07-016,T
TP-10-0232P3G,T
TP-MDM107,T
TP1001,T
TP1003,T
TP1005,T
TP1040,T
TP1060J,T
TP10A332,T
TP10A3N,T
TP10A464,T
TP10A464D,T
TP10A664,T
TP10F,T
TP10RA1,T
TP1_N,T
TP601A,T
TP601B,T
TP601C,T
TP601E,T
TP701,T
TP7A464,T
TP7A464D,T
TP7A4BB,T
TP7A4N,T
TP7A6,T
TP802,T
TP860B,T
TP901,T
TPA60W,T
TPAD-T30B,T
TPC-704-3G,T
TPC-705Kids,T
TPC-G1010,T
TPC-G1011LTE,T
TPC-G109,T
TPC1013,T
TPC1013_EEA,T
TPC_8043G,T
TPC_8053G,T
TPC_8063G,T
TPC_8074G,T
TPC_XTE10D,T
TPM181HE,T
TPM191HN,T
TPM4G_105,T
TPM4G_E108,T
TPM4G_E9863,T
TPOS74G-IGF720,T
TPS-SC10,T
TPS900,T
TPSeries_1,T
TQ14,T
TQ150,T
TQ700,T
TR10CD1,T
TR10CD1_3,T
TR10CD2,T
TR10CD3,T
TR10CS1,T
TR10CS2,T
TR10RS1,T
TR3947,T
TR3DK,T
TR3DQ-B,T
TR3ER-B,T
TR3PN,T
TR54,T
TR5994,T
TR5996,T
TR6948,T
TR6949,T
TR6985,T
TR7988,T
TR7989,T
TR7990,T
TR7998,T
TR8050,T
TR8990,T
TRANSVISION-OTT-Box,T
TRANSVISION-Xstream,T
TRANSVISION-iTV,T
TRECFONE_A21S,T
TREDNY,T
TREK,T
TREKKER-M1 CORE,T
TREKKER-X3,T
TRENDY,T
TRENDY 2,T
TRENDY PLUS,T
TRENDY_LITE,T
TREND_T4,T
TREO_TAB8G,T
TRIO-7.85,T
TRIP,T
TRIUMPH_BOARD_BLACK,T
TRI_POWER,T
TRT-AL00,T
TRT-AL00A,T
TRT-L21A,T
TRT-L53,T
TRT-LX1,T
TRT-LX2,T
TRT-LX3,T
TRT-TL10,T
TRT-TL10A,T
TRUE BEYOND 4G,T
TRUFON FLEX,T
TS-M105D,T
TS-M105D-MKII,T
TS-M105G-1,T
TS-M704F-1,T
TS-M704G,T
TS-X,T
TS10,T
TS10A1,T
TS10_EEA,T
TS11A1,T
TS7,T
TS7A1,T
TS7K,T
TS7_EEA,T
TS8274AW,T
TSC5,T
TSC510,T
TSC710,T
TSP,T
TS_8_1_Mate_G,T
TS_8_Lite_G,T
TS_9_Mate_G,T
TS_M103A,T
TStick,T
TSxG4,T
TT 7.0,T
TT-III,T
TT01,T
TT02,T
TT1000,T
TT101,T
TTBKB10-A1,T
TTM813G,T
TTablet2,T
TTfone TT20,T
TU10MK,T
TU10MK1,T
TU10MK1_1,T
TU11MK1_1,T
TU11MK1_2,T
TU11MK2,T
TU43GDX,T
TU7_18222,T
TUF-1,T
TUFEN_10,T
TUFEN_701_EEA,T
TUFEN_804,T
TUPI1500,T
TURBO-X Android TV,T
TURBO-X FHD Android TV,T
TURBO-X UHD Android TV,T
TURBOX_I4G,T
TURKCELL T40,T
TURKCELL T50,T
TURKCELL T60,T
TURKCELL T70,T
TURKCELL T80,T
TURKCELL TURBO T50,T
TVB-100,T
TVE9603I,T
TVPLUS BOX,T
TVSTAR 4K Android TV,T
TVT-T10,T
TVT-T108,T
TVULTRA98_G5,T
TVX19B,T
TV_G5UPGRADE,T
TVie 1B,T
TVision,T
TVision HUB v2,T
TW10,T
TW102,T
TW20,T
TWBXXX24A,T
TWBXXXXXXX24A,T
TWGP8,T
TWIFI-04,T
TWIFI-06,T
TWIFI-07,T
TWIFIB07,T
TWIFI_08,T
TWIFI_09,T
TWIFI_Q07,T
TX01,T
TX1000,T
TX201LA,T
TX201LAF,T
TX800,T
TX_R-824,T
TYH201H,T
TZ08,T
TZ150,T
TZ151,T
TZ165,T
TZ170,T
TZ175,T
TZ176,T
TZ177,T
TZ178,T
TZ179,T
TZ180,T
TZ183,T
TZ184,T
TZ195,T
TZ197,T
TZ198,T
TZ199,T
TZ200,T
TZ55,T
TZ711,T
TZ712,T
TZ714,T
TZ716,T
TZ717,T
TZ718,T
TZ719,T
TZ720,T
TZ721,T
TZ722,T
TZ725,T
TZ726,T
TZ727,T
TZ728,T
TZ737,T
TZ742,T
TZ747,T
TZ752,T
TZ753,T
TZ754,T
TZ757,T
TZ762,T
TZ771,T
TZ772,T
TZ773,T
TZ777,T
TZ781,T
TZ794,T
TZ797,T
TZ831,T
TZ832,T
TZ841,T
TZ855,T
TZ856,T
TZ872,T
TZ874,T
TZ877,T
TZ885,T
TZ890,T
TZ892,T
TZ897,T
TZ960,T
TZ961,T
TZ962,T
TZ963,T
TZ964,T
TZ965,T
TZ967,T
TZ968,T
TZ969,T
T_101H,T
T_50,T
T_ONE,T
Tab 10,T
Tab 10 Pro,T
Tab 10 WiFi,T
Tab 10.1Pro,T
Tab 11,T
Tab 11 RU,T
Tab 11 SE,T
Tab 12,T
Tab 12 Pro,T
Tab 13,T
Tab 13 Pro,T
Tab 15,T
Tab 15 Pro,T
Tab 16,T
Tab 16 Pro,T
Tab 18,T
Tab 20 Kids,T
Tab 20 WiFi,T
Tab 3 Kids,T
Tab 30 Kids,T
Tab 30 WiFi,T
Tab 3G 7-2,T
Tab 4G 10-1,T
Tab 4G 8-1,T
Tab 5,T
Tab 50 Kids,T
Tab 50 WiFi,T
Tab 6,T
Tab 6 Kids,T
Tab 60,T
Tab 60 Kids,T
Tab 60 Pro,T
Tab 60 Pro Kids,T
Tab 60 WiFi,T
Tab 6s,T
Tab 7,T
Tab 7 Pro,T
Tab 7 WiFi,T
Tab 70 WiFi,T
Tab 8,T
Tab 8 WiFi,T
Tab 80,T
Tab 80 Kids,T
Tab 9,T
Tab 9 WiFi,T
Tab 90,T
Tab 90 WiFi,T
Tab A10,T
Tab A10 Pro,T
Tab A1015,T
Tab A1020,T
Tab A1025 X-treme 2,T
Tab A11,T
Tab A11 Pro,T
Tab A12 Pro,T
Tab A5 Kids,T
Tab A6 Kids,T
Tab A8,T
Tab A802,T
Tab A9,T
Tab A9 Pro,T
Tab A9 Pro Kid,T
Tab A9 Pro+,T
Tab A9+,T
Tab E3,T
Tab E3 Max,T
Tab E3 Pro,T
Tab E3+,T
Tab G5,T
Tab G6,T
Tab G6 Max,T
Tab G6 Pro,T
Tab G6+,T
Tab Link 104,T
Tab M12,T
Tab N7a,T
Tab Q10,T
Tab Q8 Lite,T
Tab R8 5G,T
Tab W10,T
Tab XL 14,T
Tab-1,T
Tab-A100,T
Tab-A8,T
Tab-A8_EEA,T
Tab-IND 10 AND,T
Tab-PLAY125,T
Tab-T10,T
Tab-T13,T
Tab-T8,T
Tab-X,T
Tab10,T
Tab1000,T
Tab101,T
Tab104,T
Tab104GS2,T
Tab1066,T
Tab10Ultra,T
Tab10_Edu,T
Tab10_Plus_32GB,T
Tab11,T
Tab11WiFi_EEA,T
Tab11WiFi_NEU,T
Tab11WiFi_RU,T
Tab11_Ultra_4G,T
Tab2,T
Tab2A7-10F,T
Tab2A7-20F,T
Tab3,T
Tab40,T
Tab4you_6,T
Tab6,T
Tab64,T
Tab64_T,T
Tab734,T
Tab770,T
Tab7Plus,T
Tab7Q11,T
Tab8,T
Tab814S,T
Tab870,T
Tab8Plus,T
Tab8Pro,T
Tab8_RU,T
Tab8ii,T
Tab9,T
TabBoox,T
TabH8,T
TabLL08_13_24,T
TabMini,T
TabQ8-T800,T
TabX4,T
Tab_1_3G,T
Tab_2,T
Tab_2_3G,T
Tab_31,T
Tab_3G_7-1,T
Tab_4_M7078,T
Tab_6,T
Tab_80,T
Tab_80_LTE,T
Tab_80_pro,T
Tab_A1010_Neo,T
Tab_A1033_X-treme2,T
Tab_A1033_X_treme,T
Tab_A1035_Basic,T
Tab_A1035_Max,T
Tab_A1035_Ultra,T
Tab_A6,T
Tab_A6_EEA,T
Tab_A7,T
Tab_MyPen_P1,T
Tab_Pro,T
Tab_R8,T
Tab_Stand_Pro,T
Tab_Ultra,T
Tab_X1,T
Tab_X2,T
Tab_X5,T
Tab_XL_14,T
Tab_i_excess,T
Tablet DL 3406,T
Tablet DL 3410,T
Tablet DL 3411,T
Tablet DL 3420,T
Tablet DL 3421,T
Tablet PC 10 PRO,T
Tablet-P8_A,T
Tablet-P8_EEA,T
Tablet10_X-View,T
Tablet3Pro,T
Tablet7_X_View,T
TabletEXO_Wave_i101T2,T
Tablet_DL_2810,T
Tablet_DL_2811,T
Tablet_DL_2820,T
Tablet_DL_3420,T
Tablet_DL_3721,T
Tablet_DL_3722,T
Tablet_DL_3723,T
Tablet_DL_3724,T
Tablet_DL_3725,T
Tablet_DL_3903,T
Tablet_DL_3910,T
Tablet_DL_3920,T
Tablet_DL_4010,T
Tablet_HQ_T616,T
Tablet_HQ_T616S,T
Tablet_P20,T
Tablet_PC,T
Tablet_PC_12_Ultra,T
Tabletop_T2,T
Tabletop_T2_2,T
Tactile internet,T
Tagphone plus,T
TaiWan Mobile T2,T
Tala,T
Tambour,T
TangoTab,T
TangoTab8,T
TangoTab_364,T
TangoTab_9,T
TangoTab_X,T
TangoTab_XL,T
Tank Xtreme,T
Tank Xtreme 4.0,T
Tank Xtreme 5.0,T
Tank Xtreme Pro,T
Tanoshi 2-in-1,T
Tasty,T
Tata Sky Binge Plus,T
TazPad-FAP30,T
Tazpad-FAP60,T
Te mi ni,T
TeachmintX_75_Pro,T
Teachmint_X,T
Team 7.0,T
Team73G,T
Team_7_Plus,T
Tech A1,T
Tech Pad X10,T
Tech Pad i700,T
TechPad M5,T
TechPad_1032,T
TechPad_1032s,T
TechPad_10Y,T
TechPad_10Z,T
TechPad_10x,T
TechPad_10xx,T
TechPad_3Gx,T
TechPad_9x,T
Tech_A1_Plus,T
Techpad X5,T
Techpad_864,T
Techpad_Kids_7,T
Techpad_i700,T
Tecnomaster 2K Android TV,T
Tecnomaster 4K Android TV,T
Teesso X3,T
Tegra Note 7,T
TegraNote-P1640,T
TegraNote-Premium,T
TekSavvy_DV8219,T
Telcel T20,T
Tele2,T
Tele2_Maxi,T
Tele2_Maxi_LTE,T
Tele2_Maxi_Plus,T
Tele2_Midi_1_1,T
Tele2_Midi_2_0,T
Tele2_Midi_LTE,T
Tele2_Mini,T
Tele2_Mini_1.1,T
Tele2_Mini_1_1,T
Tele2fon v4,T
Tele2fon v5,T
Telecable ATV,T
Telecable Smart Box,T
Telecentro 4K,T
Telecentro 4K S2,T
TelefunkenTV,T
Telekom Puls,T
TelekomTV-STB,T
Telemor T9502,T
Telemor T9503,T
Telenor K530,T
Telenor Mediahubb,T
Telenor N940,T
Telenor Smart 2,T
Telenor Smart Mini,T
Telenor Smart Pro 2,T
Telenor Touch Mini,T
Telenor Touch Plus,T
Telenor_OneTouch,T
Telenor_One_Touch_C,T
Telenor_One_Touch_S,T
Telenor_Smart,T
Telenor_SmartPlus,T
Telenor_Smart_4G,T
Telenor_Smart_HD,T
Telenor_Smart_Pro,T
Telia Nordic STB,T
Telia box,T
Telma EGO,T
Telma F1XS4G,T
Telma IFeel Max 4G,T
Telma_F1_Max_4G,T
Telma_S_Prime,T
Telma_Titan_4G,T
Telpad Dual S,T
Telpad QS,T
Telpad Quad S,T
Telstra Lite Plus,T
Teracube 2e,T
Teracube 2s,T
Teracube One,T
Tesla 2K Android TV,T
Tesla 4K Android TV,T
Tesla Android TV,T
Tesla L7.1,T
Tesla L8.1,T
Tesla S906,T
Tesla Smart TV,T
Tesla4KAndroidTV,T
Tesla_9_3,T
Tesla_L8_2,T
Tesla_SP3.3,T
Tesla_SP3.3 Lite,T
Tesla_SP3.5,T
Tesla_SP3_4,T
Tesla_SP6.3,T
Tesla_SP6_4_Lite,T
Tesla_SP9.1,T
Tesla_SP9.1L,T
Tesla_SP9_2,T
Texet TM-5081,T
The Leader Kids 4G,T
The Leader Tab8 4G,T
The Mission,T
The_Leader_Kids_Pro,T
The_Leader_Tab8_4G,T
Theater,T
Theia_10,T
ThinkPad Tablet,T
ThinkPhone 25 by motorola,T
ThinkPhone by motorola,T
ThinkVision28,T
Thomson 140G,T
Thomson 150,T
Thomson 240G,T
Thomson 4K Smart TV,T
Thomson Go,T
Thomson T50,T
Thomson TV,T
ThomsonTV,T
Thor E,T
Thor Plus,T
Thrill Boost 2,T
Thrill Boost 2 Plus,T
Thrill Boost 3,T
Thrill Plus 2,T
Thrill Power N,T
Thrill Snap,T
Thrill View,T
Thunder,T
Thunder 347,T
Thunder3 45 LTE,T
Thuraya X5-Touch,T
Thyme,T
TiVo Stream 4K,T
Tian_P3000,T
Tian_P7000,T
Tibuta_MasterPad-E100,T
Tibuta_MasterPad-T100,T
Tibuta_MasterPad-W200,T
Tibuta_MasterPad_K100,T
TickTock-S,T
Ticktock,T
Tiger,T
Tiger X12,T
Tikeasy 10d,T
Titan,T
Titan 1,T
Titan 2,T
Titan 5G,T
Titan P4000 Pro 2021_EEA,T
Titan P8000 PRO 2021,T
Titan P8000 Ultra Carbon,T
Titan Slim,T
Titan pocket,T
TitanP6000,T
TitanX,T
Titan_1,T
Titan_10_LTE,T
Titan_P6000_PRO,T
Titan_T1,T
Titan_T3,T
Titan_T3_Pro,T
Titan_T5,T
Titanium,T
Titanium Frames S7,T
Titanium Jumbo,T
Titanium Jumbo 2,T
Titanium S501,T
Titanium S601,T
Titanium Vista 4G,T
TitaniumColors,T
TitaniumHD,T
TitaniumS9_Plus,T
Titanium_S9Plus,T
Titanium_S9_Plus,T
Tivo Core,T
Tivo Lite,T
TnT5,T
Togocel EGO plus,T
Togocel_F1_Max_4G,T
Tokio_Tablet_8,T
Tommy2 Plus,T
Tommy3,T
Torex8plus,T
Tornado,T
Tornado 348,T
Tornado3G,T
Torque,T
ToshibaTV,T
Toshiba_TV,T
Tostab03,T
Touch,T
Touch4G,T
TouchView Companion,T
TouchView_Gen6,T
Touchbook M7 Pro,T
ToughDroid,T
Tough_Tablet_T10,T
Toughphone E10,T
Toughphone E50,T
Toy_story,T
Tpad-F45A,T
Tr3946,T
Tr4986,T
Tr4995,T
Transformer Prime TF201,T
Transformer TF101,T
Transformer TF101G,T
Transformer TF201,T
TravelPad A10,T
TrekStor SurfTab breeze 9.6 quad,T
TrekStor SurfTab breeze 9.6 quad 3G,T
Trekker-M1,T
Trekker-X4,T
Trekstor Surftab B10,T
Trekstor Surftab Y10,T
Trekstor Surftab theatre K13,T
Trekstor Surftab theatre S11,T
Trend,T
Trend Echo,T
Trendy 1,T
Trendy 2,T
TriaPlayBox,T
Trident A75 Pro Max,T
Trifone_X7,T
Trinity T101,T
Trinity T900,T
Trio 7.85 vQ,T
Trio AXS 3G,T
Trio MINI,T
Trio Stealth_10,T
Trio Stealth_8,T
Trio Stealth_9,T
Trio-Stealth G4 10.1,T
Trio-Stealth-G4-7,T
Trio-Stealth-G4-7.85,T
TrioStealth-7,T
Tronik 13S,T
Tronik_12,T
Tronik_12S,T
Trooper2 45,T
Trooper_X35,T
Trooper_X40,T
Trooper_X55,T
TruFace,T
Truvii 2K Android TV,T
Truvii 4K Android TV,T
Truvii2KAndroidTV,T
Truvii4KAndroidTV,T
Turbo,T
Turbo-X Coral II,T
Turbo-X lamda,T
Turbo-X_A2,T
Turbo-X_e3,T
Turbo-X_epsilon,T
Turbo-X_pi_4G,T
Turbo-X_z,T
TurboPadPro,T
TurboX5Black,T
TurboX_Ray,T
Turbo_X8,T
Turbokids Star,T
Turbokids-TMNT,T
Turbokids3GNEW,T
TurbokidsP,T
TurbokidsS5,T
Turbokids_Star,T
Turbopad1015NEW,T
Turbopad1016,T
Turbopad1016NEW,T
Turbox_A3,T
Turbox_S3,T
Turk Telekom TT175,T
Turkcell Maxi Plus 5,T
Turkcell_T_Tablet,T
Tvera 4K Android TV,T
TwinBox 4k,T
Twinkle_i5,T
Twist (2018),T
Twist 2,T
Twist 2 Fit,T
Twist 2 Go,T
Twist 2 Pro,T
Twist 3,T
Twist 4,T
Twist 4 Fit,T
Twist 4 Mini,T
Twist 4 Pro,T
Twist 4 Pro Correios,T
Twist 4G,T
Twist 5,T
Twist 5 Max,T
Twist 5 Pro,T
Twist Max,T
Twist Metal,T
Twist Metal 32GB,T
Twist Mini,T
Twist SE,T
Twist Tab,T
Twist Tab +,T
Twist Tab Kids,T
Twist Tab Minions +,T
Twist Tab SPIDEY +,T
Twist XL,T
Typhoon_C6,T
U,T
U FEEL,T
U FEEL FAB,T
U FEEL GO,T
U FEEL LITE,T
U FEEL PRIME,T
U PULSE,T
U PULSE LITE,T
U1,T
U1 MINI,T
U10,T
U10 Kid,T
U10 Pro,T
U1005,T
U1005E,T
U1006,T
U1006E,T
U1006H,T
U1006HE,T
U10Kid,T
U10PRO,T
U11,T
U11 Kid,T
U11 Kid Pro,T
U11 Pro,T
U1101,T
U11_Plus,T
U12,T
U13,T
U13 Pro,T
U16 Max,T
U17,T
U18,T
U2,T
U2-PLUS-TE-VR,T
U202AA,T
U20_Plus,T
U20a,T
U20i,T
U22,T
U221,T
U221-EEA,T
U23,T
U25,T
U25_Pro,T
U2S,T
U2VR,T
U3,T
U30,T
U304AA,T
U304AC,T
U307AS,T
U318AA,T
U319AA,T
U320,T
U320-EEA,T
U325AC,T
U380AA,T
U380AC,T
U3AR,T
U3H,T
U3_4G,T
U3_EEA,T
U3_US,T
U3_V_EEA,T
U3_V_US,T
U4,T
U400,T
U4001,T
U450,T
U452TL,T
U4560,T
U5,T
U50,T
U500,T
U503,T
U504TL,T
U505S,T
U506S,T
U50A,T
U50A MAX,T
U50A_PLUS,T
U50B,T
U50C,T
U55,T
U5_Breeze,T
U6,T
U6 PRIME,T
U60,T
U601S Pro,T
U6080AA,T
U6080AC,T
U608S,T
U60A,T
U616AT,T
U626AA,T
U63PLUS,T
U652S,T
U652S+,T
U673C,T
U675,T
U680C,T
U683CL,T
U683S,T
U693CL,T
U696CL,T
U6A,T
U6B,T
U6C,T
U6G,T
U6_E,T
U6_EEA,T
U6_US,T
U6_V_EEA,T
U6_V_US,T
U7 Max,T
U7 Plus,T
U70,T
U705AA,T
U705AC,T
U705T,T
U705W,T
U707,T
U707T,T
U708,T
U70A,T
U70B,T
U70C,T
U7900,T
U7_EEA,T
U7_US,T
U8,T
U8 Kid,T
U800B,T
U8100,T
U818,T
U8220,T
U8220PLUS,T
U8230,T
U8652,T
U8800,T
U8800-51,T
U8812D,T
U8832D,T
U8836D,T
U8_EEA,T
U8_US,T
U8_V_EEA,T
U8_V_US,T
U9,T
U9 Kid,T
U9 Pro,T
U901,T
U902,T
U903,T
U9180,T
U921,T
U921-EEA,T
U9500,T
U966,T
U970,T
U972,T
U98,T
UA100,T
UA80,T
UAE,T
UAI_Series,T
UB101,T
UB202,T
UB501,T
UBC Android TV,T
UBS1,T
UBX-010RC,T
UC_TK03,T
UD SMART TV,T
UDX_ProLite_series,T
UDX_Pro_series,T
UDX_series,T
UE010,T
UE020,T
UGE013AM,T
UH0342,T
UHD Google TV STB,T
UHD Google TV Stick,T
UHD Streaming STB,T
UHD-S63AT,T
UHD4K,T
UHD_S56AT,T
UIT,T
UIW4020TLU,T
UJ_1098,T
UK 2K Android TV,T
UK 4K Android TV,T
UKA_Dream_1,T
UKD30,T
UL40,T
ULTRA,T
ULTRA 13P,T
ULTRA S,T
ULTRA S25,T
ULTRA S26,T
ULTRA Z,T
ULTRA-PLUS-BR,T
ULTRAMINTT A5,T
ULTRAMINTT A6,T
ULTRAMINTT X5,T
ULTRAMINTT X6,T
ULTRAMINTT Y3,T
ULTRAMINTT Y5,T
ULTRAPAD,T
ULTRA_10,T
ULTRA_DS11386,T
ULTRA_S,T
UMAX 4K Android TV,T
UMAX4KAndroidTV,T
UMBRA,T
UMIDIGI A71C,T
UMIDIGI A75,T
UMIDIGI A75x,T
UMIDIGI A76,T
UMIDIGI A78C,T
UMIDIGI G100,T
UMIDIGI G100 5G,T
UMIDIGI G100 Pro,T
UMIDIGI G100A,T
UMIDIGI G100x,T
UMIDIGI G100x 5G,T
UMIDIGI G9A,T
UMIDIGI G9C,T
UMIDIGI G9T,T
UMIDIGI G9x,T
UMIDIGI Note 100,T
UMIDIGI Note 100 5G,T
UMIDIGI Note 100A,T
UMIDIGI Note 100x,T
UMIDIGI Note 100x 5G,T
UMIDIGI X,T
UMIX LITE L,T
UMIX LITE M,T
UMIX LITE XL,T
UMIX VINCI M,T
UMI_G,T
UN-CT101,T
UN55L,T
UNI 10X,T
UNI X,T
UNI10IN,T
UNIA62_S01,T
UNIDEAS,T
UNIQ0122,T
UNIQ0222,T
UNIQCELL_A4,T
UNIQCELL_A5,T
UNIQCELL_A55,T
UNISCEDTAB24,T
UNITEL SMART 5G S25,T
UNITEL_TAB_4G_H101,T
UNIVERSE,T
UNIWA M101,T
UNIWA_F400,T
UNIWA_W999,T
UNI_GO,T
UNO,T
UNO Personal,T
UNO Personal Plus,T
UNO Royale Plus,T
UNO X10,T
UNONU N55S,T
UNONU N63,T
UNONU N65 LITE,T
UNONU W50,T
UNONU W57A,T
UNONU W61,T
UNONU X4G,T
UNONU_L55D,T
UNONU_W609,T
UNONU_W60_PLUS,T
UNO_X8,T
UNSP7,T
UNUNI-1640P-RSE,T
UNUNI-1641P-RSE,T
UP 32,T
UP Octa,T
UP Prime,T
UP1,T
UP10S43LA,T
UP10SI36LA,T
UP10_SH36LAG,T
UPD-BJ00R,T
UPT24K,T
UP_Groove,T
UP_Selfie,T
UP_XL,T
UP_Xtreme,T
UPad,T
UPad2,T
UR5,T
UR7,T
URBAN 1,T
URBAN 1 Pro,T
URBAN 2,T
URBAN 3,T
URBAN 3 Plus,T
URBANO PROGRESSO,T
US 2K Android TV,T
US740,T
USCC-C6721,T
USCC-E6762,T
USCCADR3305,T
USCCADR6230US,T
USMART6,T
USP-201901,T
USS,T
UT10,T
UT12,T
UT12P,T
UT2,T
UT3,T
UT30,T
UT32,T
UT3G,T
UT56,T
UTA200,T
UTAB,T
UTAB A2,T
UTAB R1030,T
UTBook,T
UTBook_14,T
UTBook_15,T
UTBook_15_EEA,T
UTBook_16,T
UTBook_EEA,T
UTS800,T
UV350,T
UVP,T
UVP Executive,T
UVP Pro,T
UVP-X,T
UXXSRK,T
UX_Pro_Edge_Display,T
UZTE Blade Q Lux,T
UZTE Blade Q Pro,T
UZTE GRAND V7,T
UZTE GRAND X Quad,T
UZTE V790,T
UZTE V807,T
UZTE V808,T
UZTE V817,T
UZTE V889M,T
UZTE V970,T
U_Pro,T
Uko108T,T
Ulefone S7,T
Ulefone S8,T
Ulefone Tab A7,T
Ulefone_Armor_5,T
Ulefone_Note 7,T
Ulefone_S1,T
Ulefone_S11,T
Ulefone_X,T
Ultimate FU,T
Ultimate U710S,T
Ultimate X4 10.1 3G IPS,T
Ultimate X4 8s 3G,T
Ultra,T
Ultra 11,T
Ultra 2,T
Ultra 4K GTV,T
Ultra 8,T
Ultra 8 Pro,T
Ultra 8i,T
Ultra Active,T
Ultra Charm,T
Ultra Dream,T
Ultra Energy Lite,T
Ultra Energy Plus,T
Ultra Latitude,T
Ultra Live II,T
Ultra Shadow,T
Ultra Shine,T
Ultra Storm,T
Ultra Style,T
Ultra Sync,T
Ultra Trend,T
Ultra Vision,T
UltraJ8,T
UltraMinttS2,T
UltraMinttT2,T
UltraMinttX2,T
UltraMintt_T10,T
Ultra_26S50,T
Ultra_Max_10_1,T
Ultra_Vision_Plus,T
Ultramintt R1,T
Ultym 5.2,T
Ultym5,T
Umi,T
UniQ,T
Unionaire Android TV,T
Unionaire Android TV 2K,T
Unitel SMART 4G II SP136,T
Unitel Smart 1,T
Universe_S24_Plus,T
Univision S800,T
Up_Mobile_Mover_Edition,T
UrTV1,T
Usmart5,T
Uzbekistan,T
V,T
V Lite 2,T
V Lite 3,T
V Max,T
V Max 2,T
V Max 2 Pro,T
V Max LR,T
V Max Play,T
V Max Plus,T
V Max Pro,T
V Max S,T
V Pad,T
V Pro 2,T
V Pro 3,T
V Smart 2,T
V TAB 10\'\' LITE,T
V TAB 2,T
V TAB 7.85\'\' LITE,T
V TAB 8029,T
V TAB Z1,T
V TAB Z1 A,T
V TAB Z1 PRO,T
V TAB Z2 LTE,T
V TAB c1,T
V Tab 7010,T
V Tab Z2 LTE A,T
V-E5,T
V-N5,T
V-Z40,T
V-Z40Pro,T
V-Z70,T
V-Z70Plus,T
V-Z80Plus,T
V.35,T
V.40,T
V.45,T
V.45S,T
V1,T
V1 Plus,T
V10,T
V10-21,T
V100,T
V100MD,T
V1018A,T
V102,T
V10401,T
V105,T
V10A,T
V10E,T
V10E-LTE-464,T
V10E_LTE_464,T
V10E_W-4128,T
V10M,T
V10S,T
V10X,T
V10_Viper,T
V10_Viper_Lite,T
V11,T
V11 Lite,T
V11-11,T
V11-11_EEA,T
V11-21M,T
V11-21M_EEA,T
V11-22M,T
V11-22M_EEA,T
V110,T
V11E LTE,T
V12,T
V12-11M,T
V12-11M_EEA,T
V120,T
V125,T
V128,T
V12E LTE-8128,T
V12E-LTE-8128,T
V13,T
V13-11M,T
V13-11M_EEA,T
V130,T
V136,T
V138,T
V138Lite,T
V139,T
V13_B,T
V140,T
V1401,T
V141,T
V142,T
V145,T
V155,T
V15_LITE,T
V1730EA,T
V1731CA,T
V1732A,T
V18 pro_A,T
V1809A,T
V1813A,T
V1813BA,T
V1813BT,T
V1814A,T
V1816A,T
V1818A,T
V1818BA,T
V1818CA,T
V1821A,T
V1824A,T
V1829A,T
V1831A,T
V1831T,T
V1832A,T
V1836A,T
V1838A,T
V1901A,T
V1911A,T
V1913A,T
V1914A,T
V1916A,T
V1921A,T
V1922A,T
V1923A,T
V1924A,T
V1926,T
V1928A,T
V1930,T
V1930A,T
V1932A,T
V1934A,T
V1936A,T
V1936AL,T
V1937,T
V1938CT,T
V1938T,T
V1941A,T
V1945A,T
V1950A,T
V1955A,T
V1962A,T
V1963A,T
V1965A,T
V1981A,T
V1986A,T
V1990A,T
V1_3G,T
V1_4G,T
V1_Viper_E,T
V1_Viper_I4G,T
V1_Viper_I4G_PL,T
V1_Viper_I4G_TM,T
V1_Viper_L,T
V1_Viper_S4G,T
V2,T
V2 2018,T
V2 LTE,T
V2 Pro,T
V20,T
V20 PRO,T
V200,T
V2001A,T
V2002A,T
V2005A,T
V2006,T
V2009A,T
V2011A,T
V2012A,T
V2019A,T
V2020A,T
V2022,T
V2023,T
V2023A,T
V2023EA,T
V2024,T
V2024A,T
V2025,T
V2025A,T
V2026,T
V2026_21,T
V2027,T
V2028,T
V2029,T
V2029_PK,T
V2030,T
V2031,T
V2031A,T
V2031EA,T
V2031_21,T
V2032,T
V2033,T
V2034,T
V2034A,T
V2035,T
V2036,T
V2036A,T
V2036_21,T
V2037,T
V2038,T
V2039,T
V2040,T
V2041,T
V2042,T
V2043,T
V2043_21,T
V2044,T
V2045,T
V2045A,T
V2046,T
V2046A,T
V2047,T
V2047A,T
V2048,T
V2048A,T
V2049A,T
V2050,T
V2052,T
V2053,T
V2054,T
V2054A,T
V2055,T
V2055A,T
V2056A,T
V2057,T
V2057A,T
V2058,T
V2059,T
V2059A,T
V2060,T
V2061,T
V2061A,T
V2065,T
V2065A,T
V2066,T
V2066A,T
V2066BA,T
V2068,T
V2068A,T
V2069,T
V2069A,T
V2069BA,T
V2070,T
V2072A,T
V2073A,T
V2080A,T
V2085A,T
V2099A,T
V20Pro,T
V20S,T
V210,T
V2101,T
V2102,T
V2102A,T
V2104,T
V2105,T
V2106A,T
V2108,T
V2109,T
V2110,T
V2111,T
V2111-EG,T
V2111A,T
V2113,T
V2114,T
V2115,T
V2115A,T
V2116,T
V2117,T
V2118,T
V2118A,T
V2120,T
V2121A,T
V2123A,T
V2124,T
V2125,T
V2126,T
V2127,T
V2129,T
V2130,T
V2130A,T
V2131,T
V2131A,T
V2132,T
V2132A,T
V2133A,T
V2134,T
V2134A,T
V2135,T
V2135A,T
V2136,T
V2136A,T
V2136GA,T
V2139,T
V2140,T
V2140A,T
V2141,T
V2141A,T
V2142,T
V2143,T
V2143A,T
V2144,T
V2145,T
V2145A,T
V2146,T
V2147,T
V2148A,T
V2149,T
V2150,T
V2151,T
V2152,T
V2153,T
V2154,T
V2154A,T
V2156A,T
V2156FA,T
V2157A,T
V2158,T
V2158A,T
V2160,T
V2162,T
V2162A,T
V2163A,T
V2164A,T
V2164KA,T
V2164PA,T
V2165A,T
V2166,T
V2166A,T
V2166BA,T
V2168,T
V2168A,T
V2170A,T
V2171A,T
V2172A,T
V2178A,T
V2180A,T
V2180GA,T
V2183A,T
V2185A,T
V2186A,T
V2188A,T
V2190A,T
V2196A,T
V2197A,T
V2199A,T
V2199GA,T
V21_Pro,T
V22,T
V2201,T
V2202,T
V2202A,T
V2203,T
V2203A,T
V2204,T
V2205,T
V2206,T
V2207,T
V2207A,T
V2208,T
V2209,T
V2212,T
V2214,T
V2217,T
V2217A,T
V2218,T
V2218A,T
V2219,T
V2219A,T
V2220A,T
V2221,T
V2222,T
V2225,T
V2227A,T
V2228,T
V2229,T
V2229A,T
V2230,T
V2230A,T
V2230EA,T
V2231,T
V2231A,T
V2232A,T
V2234,T
V2234_PK,T
V2236,T
V2236A,T
V2237,T
V2238,T
V2238A,T
V2239,T
V2239A,T
V2240,T
V2241A,T
V2241HA,T
V2242,T
V2242A,T
V2243A,T
V2244,T
V2244A,T
V2245A,T
V2246,T
V2247,T
V2248,T
V2249,T
V2250,T
V2252,T
V2253,T
V2254,T
V2254A,T
V2256A,T
V2266A,T
V2270A,T
V2271A,T
V2272A,T
V2278A,T
V2279A,T
V2282A,T
V2283A,T
V2284A,T
V2285A,T
V22S,T
V2301A,T
V2302,T
V2302A,T
V2303,T
V2303A,T
V2304A,T
V2305,T
V2307,T
V2307A,T
V2308,T
V2309,T
V2309A,T
V2310,T
V2311,T
V2312,T
V2312A,T
V2312BA,T
V2313A,T
V2314,T
V2314A,T
V2315,T
V2317,T
V2317A,T
V2318,T
V2318A,T
V2319,T
V2320,T
V2321,T
V2322,T
V2323A,T
V2324,T
V2324A,T
V2324HA,T
V2325,T
V2327,T
V2327A,T
V2329A,T
V2330,T
V2331,T
V2332,T
V2333,T
V2334,T
V2334A,T
V2335,T
V2336,T
V2337,T
V2337A,T
V2338,T
V2338A,T
V2339,T
V2339A,T
V2339FA,T
V2340,T
V2341,T
V2342,T
V2343,T
V2344,T
V2344A,T
V2345,T
V2346,T
V2347,T
V2348,T
V2349,T
V2350,T
V2351,T
V2352,T
V2352A,T
V2352GA,T
V2353A,T
V2353DA,T
V2354A,T
V2355,T
V2356,T
V2357A,T
V2357EA,T
V2359A,T
V2361A,T
V2361GA,T
V2362A,T
V2364A,T
V2366GA,T
V2366HA,T
V23GB,T
V2401,T
V2403,T
V2403A,T
V2404,T
V2405A,T
V2405DA,T
V2406,T
V2407,T
V2408,T
V2408A,T
V2409,T
V2410,T
V2410A,T
V2412,T
V2413,T
V2414,T
V2415,T
V2415A,T
V2416,T
V2417,T
V2417A,T
V2418,T
V2419,T
V2419A,T
V2420,T
V2422,T
V2423,T
V2424,T
V2425,T
V2425A,T
V2426,T
V2426A,T
V2427,T
V2428,T
V2429,T
V2429A,T
V2430,T
V2430A,T
V2431,T
V2432,T
V2433,T
V2434,T
V2435,T
V2435A,T
V2436,T
V2436A,T
V2437,T
V2438,T
V2439,T
V2440,T
V2441,T
V2442A,T
V2443,T
V2443A,T
V2443BA,T
V2444A,T
V2445,T
V2445A,T
V2445EA,T
V2446,T
V2447,T
V2448,T
V2450,T
V2451,T
V2452A,T
V2452GA,T
V2453,T
V2453A,T
V2454,T
V2454A,T
V2454DA,T
V2455,T
V2456A,T
V2458,T
V2458A,T
V2459,T
V2463A,T
V2464A,T
V2465A,T
V2502,T
V2502A,T
V2502DA,T
V2503,T
V2504,T
V2505,T
V2505A,T
V2506,T
V2506A,T
V2507,T
V2507A,T
V2508,T
V2509,T
V2509A,T
V2510,T
V2511,T
V2512,T
V2513,T
V2514,T
V2515,T
V2516A,T
V2518,T
V2519,T
V2520,T
V2520A,T
V2521,T
V2524,T
V2525,T
V2526,T
V2527,T
V2527A,T
V2528A,T
V2529,T
V2530,T
V2531,T
V2531A,T
V2532,T
V2532A,T
V2532BA,T
V2533,T
V2534,T
V2535,T
V2536A,T
V2537,T
V2538,T
V2539,T
V2540,T
V2541,T
V2542,T
V2542A,T
V2543,T
V2544,T
V2545,T
V2545A,T
V2546,T
V2546A,T
V2547,T
V2547A,T
V2547DA,T
V2548,T
V2548A,T
V2549,T
V2550,T
V2551,T
V2551A,T
V2552,T
V2553,T
V2553A,T
V2554,T
V2555,T
V2556,T
V2557,T
V2558,T
V2559A,T
V2559BA,T
V2559UA,T
V2560,T
V2561,T
V2561A,T
V2562,T
V2564A,T
V2565,T
V2568,T
V2570,T
V2571A,T
V2572A,T
V2573A,T
V2575,T
V2576,T
V2577,T
V2578,T
V2580,T
V2582,T
V2583,T
V2584,T
V2588,T
V2602,T
V2604,T
V2606,T
V2611,T
V2612A,T
V2613,T
V2614,T
V2615,T
V2627,T
V2628,T
V2633,T
V2634,T
V2635,T
V2636,T
V2637,T
V2643,T
V2644,T
V2646,T
V2650,T
V2_Viper,T
V2_Viper_E,T
V2_Viper_I,T
V2_Viper_I4G,T
V2_Viper_I_TM,T
V2_Viper_S,T
V2_Viper_X,T
V2_Viper_X_plus,T
V2_Viper_Xe,T
V2s,T
V2s M,T
V2sNC_EDLA_GL,T
V2sNC_EEA,T
V2sNC_GL,T
V2sNC_RU,T
V2sNC_TR,T
V2sPLUSNC_EDLA_GL,T
V2sPLUSNC_EEA,T
V2sPLUSNC_GL,T
V2sPLUSNC_RU,T
V2sPLUSNC_TR,T
V2s_EDLA_GL,T
V2s_EEA,T
V2s_GL,T
V2s_TR,T
V3,T
V30,T
V30 Ultra,T
V30Pro,T
V30T,T
V31,T
V31D,T
V31E,T
V31GT,T
V34,T
V340U,T
V341U,T
V35,T
V350,T
V350C,T
V350U,T
V356,T
V356B,T
V358,T
V360,T
V370,T
V3_5580_Dual,T
V3_MIX_EDLA_GL,T
V3_PLUS,T
V3_Viper,T
V4,T
V4 Nano,T
V4+,T
V40,T
V40 Max,T
V40 Pro,T
V40 Ultra,T
V40 X,T
V406018,T
V44,T
V47,T
V48,T
V4S,T
V4_Viper,T
V4_Viper_PRO,T
V5,T
V5+,T
V50,T
V50 Pro,T
V500,T
V500_Vector,T
V501C,T
V503630,T
V505024,T
V505820,T
V505920,T
V505c,T
V50LTE,T
V51,T
V511,T
V51A,T
V51B,T
V52,T
V54,T
V540_Level,T
V55,T
V550_Vision,T
V551 Aura,T
V555K,T
V55C,T
V56,T
V570_BIG_BEN,T
V58,T
V5C,T
V5Pro,T
V5_Nano,T
V5_Plus,T
V5_Plus_,T
V5_Plus_Lite,T
V5_Pro,T
V5_Viper,T
V6,T
V60,T
V608C,T
V62A,T
V65,T
V6L,T
V6M,T
V6S,T
V6_Metal,T
V6_Pro,T
V7,T
V7 Zyro,T
V700,T
V702P,T
V710,T
V72C,T
V72M,T
V730,T
V75,T
V75m,T
V765M,T
V769M,T
V791,T
V795(A3S),T
V7S,T
V7_LTE,T
V7_Metal,T
V7_Pro,T
V8,T
V8 Plus,T
V80,T
V800,T
V8000_USA_Cricket,T
V81,T
V8110,T
V817,T
V8200plus,T
V8285,T
V8402,T
V8403,T
V85,T
V8501,T
V8502,T
V8507,T
V8510,T
V8514,T
V8602,T
V865M,T
V88,T
V8802,T
V883M,T
V8S,T
V8X,T
V9,T
V9 Pro,T
V9+,T
V90,T
V900,T
V90_EEA,T
V90_NEU,T
V90_US,T
V917G,T
V9180,T
V92,T
V94,T
V950,T
V96,T
V96A,T
V97,T
V972M,T
V975,T
V98,T
V99,T
V99+,T
V9A,T
V9C,T
V9S,T
V9X,T
V9c,T
V9e,T
VA110,T
VA170,T
VA210,T
VALENCIA,T
VANKYO_S7,T
VANKYO_S7_EEA,T
VANKYO_S8,T
VANKYO_S8_EEA,T
VAP430,T
VARG,T
VAX114,T
VB_10Q_Plus,T
VC5,T
VC80x,T
VC8300,T
VC9253,T
VCA-AN00,T
VCE-AL00,T
VCE-L22,T
VCE-TL00,T
VCR-A0,T
VCR-I0,T
VCT9716Q24,T
VCT9B06Q22,T
VCT9B06Q22N,T
VCT9B06Q23,T
VCT9B06Q23EU,T
VCT9C0AT,T
VCT9F08Q22D,T
VCT9F0A68R,T
VCT9F0A68R23EU,T
VCT9F0A68R44,T
VCT9F1A68R44,T
VCT9F78Q22,T
VCT9F78Q22-A0,T
VCT9F78Q22-A1,T
VCT9F78Q22-E,T
VCT9F78Q22EU,T
VCT9F8A68R,T
VCT9F8A68RD,T
VCT9R4A68R,T
VCT9R5A78R,T
VCT9T48Q34,T
VCT9T48Q34EU,T
VE0319,T
VE1983,T
VECTOR10.1,T
VECTOR10Plus,T
VECTOR_SLIM,T
VECTOR_SLIM2,T
VEGA,T
VEGA 4K Android TV,T
VEIDOO_T30_PLUS,T
VEIDOO_T30_PLUS_EEA,T
VEIDOO_T40,T
VEIDOO_T40_EEA,T
VEIDOO_T50,T
VEIDOO_T60,T
VEIDOO_T60_EEA,T
VEIDOO_T60_PLUS,T
VEIDOO_T60_PLUS_EEA,T
VEIDOO_T70,T
VEIDOO_T70_PLUS,T
VEIDOO_T80,T
VEIDOO_T80_EEA,T
VELA_1201P,T
VEN-L22,T
VENSTAR2050,T
VENUS,T
VENUS_G,T
VENUS_PLUS,T
VENUS_TG05,T
VEON 2K Android TV,T
VEON 4K Android TV,T
VEON_C8680,T
VER-N49,T
VER-N49DP,T
VERGATARIO 5,T
VERGATARIO5PLUS,T
VERSSED vp2.1,T
VERSSED vp3,T
VERTIGO,T
VERTU Ayxta Fold 3,T
VERTU Ti,T
VEXO_X1PRO,T
VF-1397,T
VF-1497,T
VF-696,T
VF-895N,T
VF550,T
VF550_RU,T
VF685,T
VF695,T
VFD 100,T
VFD 1100,T
VFD 1300,T
VFD 1400,T
VFD 200,T
VFD 300,T
VFD 301,T
VFD 310,T
VFD 311,T
VFD 500,T
VFD 501,T
VFD 502,T
VFD 510,T
VFD 511,T
VFD 512,T
VFD 513,T
VFD 520,T
VFD 525,T
VFD 527,T
VFD 528,T
VFD 529,T
VFD 600,T
VFD 610,T
VFD 620,T
VFD 630,T
VFD 700,T
VFD 710,T
VFD 720,T
VFD 730,T
VFD 820,T
VFD 822,T
VFD 900,T
VFD1400,T
VFD320,T
VFD321,T
VFD700,T
VG100,T
VGK02,T
VH777,T
VHEM,T
VI106,T
VI108,T
VI65PB1401NA,T
VI86,T
VI87,T
VIA A4,T
VIA A40,T
VIA F30,T
VIA F30 Plus,T
VIA G5,T
VIA L40,T
VIA L50,T
VIA M30,T
VIA M30 Plus,T
VIA M35,T
VIA M40,T
VIA M45,T
VIA S40,T
VIA S50,T
VIA X20,T
VIA X30,T
VIA X30 Plus,T
VIA X45,T
VIA-T7D,T
VIA-T7D-3G,T
VIATABQX1040,T
VIATABQX730,T
VIATABQX740,T
VIA_A1,T
VIA_A1_1,T
VIA_A1_Plus,T
VIA_A3,T
VIA_A3_Plus,T
VIA_E3,T
VIA_E30,T
VIA_E4,T
VIA_F1,T
VIA_F20,T
VIA_F3,T
VIA_G3,T
VIA_L30,T
VIA_L30_0,T
VIA_M4,T
VIA_P2,T
VIA_P3,T
VIA_S,T
VIA_S10,T
VIA_S17,T
VIA_S18,T
VIA_S30,T
VIA_S30_0,T
VIA_S48,T
VIA_S48_0,T
VIA_T41,T
VIA_X40,T
VIBE,T
VIBE X2Pt5,T
VIDA-V401,T
VIDA-i401,T
VIDAA_TV,T
VIDA_V555Plus,T
VIDA_i450,T
VIDA_i501,T
VIDA_i512,T
VIDEO SOUND BOX,T
VIE-AL10,T
VIE-L09,T
VIE-L29,T
VIETTEL V8411,T
VIETTEL V8506,T
VIEW 1,T
VIEW PRO,T
VIEWPAD I7M,T
VIEWPAD M10M,T
VIEWPAD_AW7M_PLUS,T
VILLAON V30,T
VILLAON V501L,T
VILLAON V501W,T
VILLAON V651L,T
VILLAON V651W,T
VILLAON V652L,T
VILLAON V653L,T
VILLAON V654L,T
VILLAON V671N,T
VILLAON V671NP,T
VILLAON V6751L,T
VILLAON V6752L,T
VILLAON-VP1002L,T
VIMEEL GOOGLE TV,T
VIMEEL GOOGLE TV 4K,T
VIMOQ A507LA,T
VIMOQ A507LD,T
VIMOQ A507LE,T
VIMOQ A507LT,T
VIMOQ A512WS,T
VIMOQ A631LO,T
VIMOQ A631LS,T
VIMOQ A632WS,T
VIMOQ A661WS,T
VIMOQ A662LMO,T
VIMOQ A662LMS,T
VIMOQ A662LO,T
VIMOQ A662LS,T
VIMOQ P662LO,T
VIMOQ S661LS,T
VINATV 4K,T
VINCENT 2K Android TV,T
VINCENT 4K Android TV,T
VINTV 2K,T
VINTV 4K,T
VIOTTO SMART TV,T
VIP5242A,T
VIP6102W,T
VIP7100 A,T
VIP7300,T
VIRSAE25,T
VISION,T
VISION 4K Google TV,T
VISION GSMART 2KTV,T
VISION GSMART 4KTV,T
VISION GSMART 4KTV FF,T
VISION LTE,T
VISION Tab,T
VISION ULTRA,T
VISION W1,T
VISION X3 MAX,T
VISION_E1_Series,T
VIVAX Fly6,T
VIVAX SMART TV,T
VIVAX TPC-102 4G,T
VIVAX_Fly_V1,T
VIVAX_PRO3,T
VIVAX_Point_X2_Lite,T
VIVAX_TPC-105_4G,T
VIVID_PRO,T
VIVIMAGE_A10,T
VIVIMAGE_A10_EEA,T
VIVIMAGE_E11,T
VIVO 5,T
VIVO GO,T
VIVO XL,T
VIWA_V10,T
VIWA_V20,T
VIZ070TAB711,T
VIZ070TAB811BLU,T
VIZ070TAB811PNK,T
VIZ101TAB711,T
VIZ101TAB811BLK,T
VK-A116,T
VK102W,T
VK4000,T
VK410,T
VK700,T
VK7000,T
VK74012BLV2,T
VK802W,T
VK810 4G,T
VK815,T
VKJ-NX9,T
VKONEBOX,T
VKP-NX9,T
VKY-AL00,T
VKY-L09,T
VKY-L29,T
VKY-TL00,T
VK_5400_BK,T
VK_740_12,T
VL10,T
VL68,T
VL68 Lite,T
VL68 Pro,T
VL68_Lite,T
VLE5,T
VLE5A,T
VM1A,T
VM20,T
VM3A,T
VM5021,T
VM670,T
VMD1029,T
VMD9002,T
VM_MD_001,T
VNA-LX2,T
VNA-LX3,T
VNE-LX1,T
VNE-LX2,T
VNE-LX3,T
VNE-N41,T
VNPT SmartBox 2x,T
VNPT SmartBox 3,T
VNTTab2,T
VNT_Tab8,T
VOCAL V0,T
VOCAL V01,T
VOCAL V0Core,T
VOCAL V1,T
VOCAL V11,T
VOG-AL00,T
VOG-AL10,T
VOG-L04,T
VOG-L09,T
VOG-L29,T
VOG-TL00,T
VOL001,T
VOLTA X,T
VOLTA_KIDS,T
VOLT_5XL,T
VOLT_SV451_Vision,T
VOO Box,T
VOOM_TAB_LTE,T
VORTEX BTAB8U,T
VORTEX CM62,T
VORTEX HD65 Choice,T
VORTEX K65,T
VORTEX_HD55_Choice,T
VORTEX_V10,T
VOTO V2,T
VOTO V2i,T
VOTO V3,T
VOTO V5X,T
VOX 4s,T
VOX Alpha,T
VOX Alpha Plus,T
VOX E502 4G VS5036PL,T
VOX Energy,T
VOX FIRE 4G VS5037PL,T
VOX Flash 4G VS5015ML,T
VOX G450 3G VS4001PG,T
VOX POP Pro,T
VOX POP plus,T
VOX S508 3G VS5031PG,T
VOX S509 3G VS5032PG,T
VOX STEEL Plus,T
VOX_G501_4G_VS5033ML,T
VOX_S513_4G_VS5035ML,T
VP0703L,T
VP100+,T
VP10001L,T
VP1001L_Liv,T
VP5004A,T
VP700,T
VP73,T
VP73_Hyundai,T
VP73_Myros,T
VP73_Telefunken,T
VP73_Vox,T
VP73_le,T
VP74,T
VP74-Celcus,T
VP74-Finlux,T
VP74-Luxor,T
VP74-Orava,T
VP74-Telefunken,T
VP74-Vox,T
VP800,T
VPA051,T
VPC-A31-O1,T
VPL-75,T
VPhone 22,T
VR BOT 552,T
VR BOT 552 PLUS,T
VR-1541F,T
VR-S3,T
VR5014,T
VR5533,T
VR6031,T
VR6032,T
VRS5_Plus,T
VRS6 Plus,T
VS-DUAL-86,T
VS4011,T
VS415PP,T
VS425,T
VS425PP,T
VS500,T
VS500PP,T
VS501,T
VS5012,T
VS5016,T
VS5502,T
VS5513,T
VS571,T
VS700,T
VS810PP,T
VS820,T
VS835,T
VS840 4G,T
VS840PP,T
VS870 4G,T
VS876,T
VS880,T
VS880PP,T
VS890 4G,T
VS910 4G,T
VS920 4G,T
VS930 4G,T
VS950 4G,T
VS980 4G,T
VS985 4G,T
VS986,T
VS987,T
VS988,T
VS990,T
VS995,T
VS996,T
VSB-3918,T
VSD220,T
VSD221,T
VSD231,T
VSD241,T
VSD242,T
VSP AndroidTV,T
VSP145M,T
VSP250g,T
VSP250s,T
VSP355g,T
VSP355s,T
VS_EDLA_Box,T
VS_SA14,T
VS_S_P4,T
VT 31,T
VT-7GA,T
VT-7GE,T
VT-A9,T
VT0701A08,T
VT0702A08,T
VT0702A16,T
VT0703C16,T
VT1001,T
VT1002A16,T
VT1003J16,T
VT10E,T
VT10E2,T
VT10M2,T
VT502A,T
VT701,T
VT785P2-Celcus,T
VT785P2-Cleverpad,T
VT785P2-Finlux,T
VT785P2-Vestel,T
VT8216,T
VT97PRO,T
VTAB1008,T
VTAB7,T
VTAB7LITEII,T
VTABX,T
VTL-202101,T
VTL-202201,T
VTL-202301,T
VTL-202302,T
VTL-202403,T
VTR-AL00,T
VTR-L09,T
VTR-L29,T
VTR-TL00,T
VTSH v1,T
VU 4K,T
VU SMART TV,T
VU TV,T
VU TV FFM,T
VULKANO,T
VULKANO_Plus,T
VW_RCBKK1,T
VX,T
VX16,T
VX18,T
VX18_1,T
VX19,T
VX20,T
VX20 PRO,T
VX21,T
VX500,T
VZ-1,T
VZ-24IPM,T
VZ-30,T
VZ-30Pro,T
VZH,T
VZU,T
VZY65P,T
V_M1,T
V_TAB_1040,T
V_TAB_1049,T
V_TAB_1050,T
V_TAB_1069,T
V_TAB_7011,T
V_TAB_7015,T
V_TAB_7020,T
V_TAB_7020A,T
V_TAB_7020B,T
V_TAB_7025,T
V_TAB_7030,T
V_TAB_7040,T
V_TAB_7810,T
V_TAB_7_LITE_II,T
V_TAB_8010,T
V_TAB_8059,T
Vaio TL10,T
Vaio TL10A,T
Vaio TL12,T
Vali1 Pro,T
Valuer_V8,T
Vankyo_S10,T
Vankyo_S10_EEA,T
Vapor X,T
VaxHub2,T
Vector,T
Vector_3G,T
Vectra 4K Box,T
Vectron_K8,T
Vega,T
Vega Q7128,T
VegaPro,T
Vegas,T
Veidoo S30,T
VeidooT30_EEA,T
Veidoo_S10,T
Veidoo_S10_PLUS,T
Veidoo_S10_Pro,T
Veidoo_S20_Pro,T
Veil,T
Vela,T
Velox 10X Pro,T
Venso CX-551,T
Venture V12,T
Venture V8,T
VentureV10,T
Venue 10 5050,T
Venue 10 7040,T
Venue 7 3730,T
Venue 7 3740,T
Venue 7 3741,T
Venue 7 HSPA+,T
Venue 8 3830,T
Venue 8 3840,T
Venue 8 7840,T
Venue 8 7840 LTE,T
Venue 8 HSPA+,T
Venue7 3740,T
Venue7 3740 LTE,T
Venue8 3840,T
Venue8 3840 LTE,T
Venus,T
Venus E2 Plus,T
Venus E3,T
Venus E4,T
Venus GO,T
Venus V5,T
Venus V6,T
Venus V7,T
Venus Z10,T
Venus Z20,T
Venus Z30,T
Venus Z40,T
Venus e5,T
Venus10,T
Venus7,T
Venus_V3_5010,T
Venus_V3_5020,T
Venus_V3_5030,T
Venus_V3_5040,T
Venus_V3_5040_2GB,T
Venus_V3_5070,T
Venus_V3_5570,T
Venus_V3_5580,T
Venus_V4,T
Verda,T
Verdite Hill,T
Versity 9540,T
Versity 9553,T
Versity 9640,T
Versity 9653,T
Versity 9740,T
Versity 9753,T
Verssed VP1,T
Verssed VP2,T
Vertex_Click_M_4095_4G,T
Vertex_Luck_L_5045_3G,T
Vertex_Luck_L_5045_4G,T
Vestel_5000,T
Vestel_5000_2gb,T
Vestel_5000_Dual,T
Vestel_5530,T
Vestel_5530_Dual,T
Vexia FCS E2 CLM,T
Vexia Zippers,T
Vexia_TRES_10,T
Vexon,T
Vibe,T
Victory,T
VictoryPro,T
Video Handset,T
Videocon_V7400,T
ViettelTV 4K BOX,T
ViettelTV 4K Box,T
View,T
View Max,T
View Max Pro,T
View Prime,T
View XL,T
View2 Go,T
View2 Plus,T
ViewPad M10-2/32,T
ViewPad M7-2/32,T
ViewPad-Kids-7A,T
ViewPad_M10,T
ViewPhone3,T
ViewSonic Smart,T
ViewSonic smart,T
Viewedge Tab 11,T
Viewphone Q5,T
Vigor17,T
Vin6,T
Vip Droid,T
Vip Racer III,T
VisioTab 10,T
Vision,T
Vision 1,T
Vision 12,T
Vision 7,T
Vision Android TV,T
Vision FHD Android TV,T
Vision G 4K dongle,T
Vision Plus,T
Vision Plus Tab 8A,T
Vision Pro,T
Vision Tab 10,T
Vision Touch Inspire,T
Vision20,T
VisionBook P55 LTE Pro,T
VisionBook P55 X2 LTE,T
VisionBook_10Qa_3G,T
VisionBook_P50Plus_LTE,T
VisionMaster,T
VisionTouchLife,T
Vision_PRO,T
Vision_Pro,T
Vision_Tab_10,T
Vision_Tab_7,T
Visionbook_10Q_Pro,T
Vista,T
Vitumi 10.1,T
Viu Mini,T
VivaH10LTE,T
VivaH7LTE,T
VivaH8LTE,T
Viva_1001G,T
Viva_1003G,T
Viva_1003G_Lite,T
Viva_803G,T
Viva_C701,T
Viva_C702,T
Viva_C703,T
Viva_H1001_LTE,T
Viva_H1002_LTE,T
Viva_H1003_LTE,T
Viva_H701_LTE,T
Viva_H701_LTE_CZ,T
Viva_H801,T
Viva_H801_LTE,T
Viva_H802_LTE,T
Viva_H802_LTE_TM,T
Viva_Home,T
Viva_Play_804,T
Viva_i10HD,T
Viva_i701G,T
Viva_i701G_TM,T
Viva_i7G,T
Vivensis VX Smart,T
Vivo 12 Pro,T
Vivo 4G_r,T
Vivo 5 Mini,T
Vivo 5R,T
Vivo 6,T
Vivo 8,T
Vivo 8L,T
Vivo ONE,T
Vivo One Plus,T
Vivo One Plus 2019,T
Vivo S,T
Vivo X,T
Vivo XI,T
Vivo XI PLUS,T
Vivo XI+,T
Vivo XL2,T
Vivo XL3,T
Vivo XL3 Plus,T
Vivo XL4,T
Vocal V1 Core,T
Vocal V2 Pro,T
Vodacom Power Tab 10,T
Vodacom Smart Tab 8,T
Vodafone 785,T
Vodafone 845,T
Vodafone 858,T
Vodafone 861,T
Vodafone 875,T
Vodafone 958,T
Vodafone 975,T
Vodafone 975N,T
Vodafone 985N,T
Vodafone Blade V,T
Vodafone Lite 4G,T
Vodafone Pro 4G,T
Vodafone Smart 4,T
Vodafone Smart 4 turbo,T
Vodafone Smart 4G,T
Vodafone Smart Chat,T
Vodafone Smart II,T
Vodafone Smart Tab 3G,T
Vodafone Smart Tab 4,T
Vodafone Smart Tab 4G,T
Vodafone Smart Tab III 10,T
Vodafone Smart Tab III 7,T
Vodafone Smart ultra 6,T
Vodafone Tab grand 6,T
Volentex_101,T
Volt,T
Volt L,T
Volt S,T
Volt-R,T
Volt_Plus,T
Volt_S_A7,T
Volt_X,T
Volvo,T
Volvo XC40,T
Voni 10,T
Voni 10 Pro,T
Vortech 3.0,T
Vortech3.0,T
Vortex,T
VortexPlus,T
Vox,T
Vox V40 3G VT4055MG,T
Vox_5S,T
Voyager,T
VucaPad_N20,T
VucaPad_N20PRO,T
VucaPad_N20_LTE,T
VucaPad_N20_LTE_JP,T
VucaPad_NS20,T
VucaPad_NS20_EEA,T
Vulcan,T
Vyper,T
Vyper PRO,T
W-K130-BYT,T
W-K130-EEA,T
W-K130-OPE,T
W-K130-TMV,T
W-K200,T
W-K211-EEA,T
W-K211-OPE,T
W-K211-TH,T
W-K211-TVM,T
W-K360-TV,T
W-K380-TH,T
W-K380-TVM,T
W-K380-TVM2G,T
W-K420-EEA,T
W-K420-TVM,T
W-K510-BYT,T
W-K510-EEA,T
W-K510-OPE,T
W-K510-SFC,T
W-K510-SUN,T
W-K510-TH,T
W-K510-TVM,T
W-K510S-OPE,T
W-K510S-SWI,T
W-K521-EEA,T
W-K521-OPE,T
W-K560-EEA,T
W-K560-ID,T
W-K560-OPE,T
W-K560-TVM,T
W-K560-TVM1G,T
W-K610-EEA,T
W-K610-FRA,T
W-K610-OPE,T
W-K610-SUI,T
W-K610-TVM,T
W-K630-EEA,T
W-K630-OPE,T
W-K630-TRU,T
W-K630-TVM,T
W-P311-CA,T
W-P311-EEA,T
W-P311-JP,T
W-P311-OPE,T
W-P311-TVM,T
W-P611-EEA,T
W-P611-OPE,T
W-P611-TVM,T
W-U300,T
W-V600,T
W-V680-EEA,T
W-V680-ID,T
W-V680-OPE,T
W-V680-SUN,T
W-V720-CA,T
W-V720-EEA,T
W-V720-OPE,T
W-V720-SUN,T
W-V720-TVM,T
W-V730-EEA,T
W-V730-ID,T
W-V730-OPE,T
W-V730-TVM,T
W-V745-EEA,T
W-V745-OPE,T
W-V745-TVM,T
W-V750BN-EEA,T
W-V750BN-OPE,T
W-V750BN-TVM,T
W-V755-EEA,T
W-V755-OPE,T
W-V755-TVM,T
W-V770,T
W-V800-CA,T
W-V800-DU,T
W-V800-EEA,T
W-V800-OPE,T
W-V800-TIM,T
W-V800-TVM,T
W-V830-EEA,T
W-V830-ID,T
W-V830-OPE,T
W-V850-EEA,T
W-V850-OPE,T
W-V851-EEA,T
W-V851-OPE,T
W-V851-TVM,T
W032I,T
W032I_C3,T
W051,T
W1,T
W10,T
W10 Pro,T
W100,T
W101,T
W1011A,T
W104Plus,T
W10TWF19,T
W10_EEA,T
W10_T_EEA,T
W10_T_US,T
W10_US,T
W11,T
W11 Pro,T
W11_EEA,T
W11_US,T
W12,T
W1450,T
W1452,T
W2,T
W216DS,T
W25042L,T
W25544L,T
W270BD,T
W3,T
W30,T
W30-EEA,T
W337,T
W3620,T
W4,T
W405,T
W40L,T
W40S,T
W41,T
W45S,T
W5,T
W500_EEA,T
W500_M_US,T
W500_US,T
W50A,T
W50M,T
W50Y,T
W50s,T
W5110,T
W55,T
W5510,T
W555,T
W55G,T
W55M,T
W55Y,T
W55_PLUS,T
W56,T
W5A,T
W6,T
W60,T
W626,T
W627,T
W635C,T
W635W,T
W6360,T
W638C,T
W6500,T
W660,T
W6620,T
W6B,T
W6C,T
W7,T
W70,T
W710,T
W717,T
W723,T
W72B,T
W757,T
W77,T
W7B,T
W7T3G19,T
W7TBL19,T
W7TPK19,T
W7TWF19,T
W80,T
W808,T
W83B-F2-RK3576,T
W860,T
W861,T
W87-EEA,T
W888,T
W90,T
W900 LTE,T
W900S,T
W909,T
W93B_A,T
W999,T
WA-P7,T
WA-U420D,T
WA1389T,T
WA65D,T
WA75D,T
WA86D,T
WA912,T
WA960,T
WA966,T
WA978,T
WAF,T
WAF-S,T
WAFX-P,T
WALKMAN,T
WALPAD 10H Pro,T
WALPAD 10P,T
WALPAD 11G,T
WALPAD8G,T
WALPAD_8G,T
WALPAD_9G,T
WALTON GSMART 2KTV,T
WALTON GSMART 4KTV,T
WALTON GSMART 4KTV FF,T
WALTON GSMART5.0 2KTV,T
WALTON GSMART5.0 4KTV,T
WALTON GSMART5.0 4KTV FF,T
WAS-AL00,T
WAS-L03T,T
WAS-LX1,T
WAS-LX1A,T
WAS-LX2,T
WAS-LX2J,T
WAS-LX3,T
WAS-TL10,T
WAS2KA11,T
WATER,T
WAVE 10,T
WAVE 10C,T
WAVE 2C,T
WAVE 2s,T
WAVE 6C,T
WAVE 7C,T
WAVE 8,T
WAVE 8C,T
WAVE 9C,T
WAVETEC-S025,T
WAX,T
WB25SPMTA15P2,T
WB55860W,T
WB76110A,T
WC-F11,T
WC300,T
WC300SN,T
WD200,T
WD200P,T
WDTLQA102,T
WDY-LX1,T
WDY-LX2,T
WDY-LX3,T
WD_PL,T
WE A10,T
WE A50,T
WE B3,T
WE E2,T
WE F10,T
WE F20,T
WE L9,T
WE R4,T
WE V4,T
WE1,T
WE3FE,T
WEBPAD1002,T
WEIMEI_NEON2,T
WETAB700DG,T
WF1589T,T
WF2189T,T
WF2489T,T
WF3289T,T
WG-7650,T
WH10S9863232,T
WH2-9832,T
WIDE,T
WIDEVISION_IFPD,T
WIDEVU Google TV,T
WIKO T10,T
WIKO T21,T
WIKO T50,T
WIKO-CINK SLIM,T
WILLETT FHD Android TV,T
WILLETT UHD Android TV,T
WIM,T
WIM Lite,T
WIN,T
WIN4,T
WINBOX DV8947,T
WIND,T
WISENET5,T
WIZ Arc 8,T
WK03C,T
WK03K,T
WK08K,T
WK1863L,T
WLT710M,T
WM-LG8200,T
WM03H,T
WM03M,T
WM03R,T
WM18P,T
WM18PPv2,T
WM19,T
WM26,T
WM58,T
WM8,T
WM_YL_Series,T
WOD-LX1,T
WOD-LX2,T
WOD-LX3,T
WOM,T
WORLD,T
WOWYTVBox,T
WP003,T
WP005,T
WP1,T
WP1-N,T
WP10,T
WP100,T
WP100 Plus,T
WP100 TITAN,T
WP101,T
WP12,T
WP12 Pro,T
WP13,T
WP15,T
WP15 S,T
WP16,T
WP17,T
WP18,T
WP18 Pro,T
WP19,T
WP19 Pro,T
WP2,T
WP20,T
WP20 Pro,T
WP200 Pro,T
WP20N,T
WP21,T
WP21 Ultra,T
WP210 Pro,T
WP22,T
WP23,T
WP23 Plus,T
WP23 S,T
WP25,T
WP26,T
WP27,T
WP28,T
WP28 E,T
WP28 S,T
WP30,T
WP30 Pro,T
WP300,T
WP32,T
WP32 Pro,T
WP32_Pro,T
WP33 Pro,T
WP35,T
WP35 Pro,T
WP35 S,T
WP36,T
WP36 Pro,T
WP38,T
WP39,T
WP39 Pro,T
WP5,T
WP5 Pro,T
WP50,T
WP500,T
WP500 Ultra,T
WP5000,T
WP52,T
WP53,T
WP53 Pro,T
WP53 S,T
WP55,T
WP55 S,T
WP55 Ultra,T
WP56,T
WP58,T
WP58 Pro,T
WP6,T
WP60,T
WP61,T
WP61 Plus,T
WP61 TI,T
WP61 Ultra,T
WP62,T
WP63,T
WP65,T
WP66,T
WP68,T
WP68 Air,T
WP68 Air 4G,T
WP68 Pro,T
WP7,T
WP8 Pro,T
WP856,T
WP9,T
WPT005,T
WS-T01,T
WS040,T
WS041,T
WS051,T
WS107,T
WSCU3,T
WSD-F21HR,T
WSD-F30,T
WS_T02,T
WT19a,T
WT19i,T
WT5400,T
WT6000,T
WT6300,T
WT6400,T
WTATTRW2,T
WTCELERO5G,T
WTCKT01,T
WTVIS01,T
WUUM S PRO,T
WUUM TAB,T
WV10Q,T
WV7P,T
WV8O,T
WV8R_N,T
WV8TV,T
WX,T
WX04K,T
WX04SH,T
WX05SH,T
WX10K,T
WX442,T
WX445,T
WX_IFPD01,T
WZONE,T
W_C200SN,T
W_C800,T
W_C800S,T
W_C860,T
W_K300,T
W_K300S,T
W_K400,T
W_K600,T
W_P130,T
W_P200,T
W_P200CM,T
Walpad 8G Pro,T
Walpad10HProMax,T
Walpad11G,T
Walpad_10H,T
Walton Primo X5,T
Warp,T
Warrior,T
WasabiMango 4K Android TV,T
WasabiMango4KAndroidTV,T
Wave,T
Wave 2,T
Wave 3,T
Wave TA2D5P02,T
Wave TAXX5P0X,T
Wave i007Kids,T
Wave i007T,T
Wave_Plus,T
Wave_i101G,T
Wave_i101MC,T
Wave_i101T4,T
Wave_i101u,T
WayteQ Libra,T
WePad,T
WeTab1004B,T
WeTap_Y10,T
Wear24,T
WebPad1004,T
WebPad7007,T
WebPad_1003,T
Webee_Tab_8,T
Webpad7006,T
Webpad_1002_02,T
Webpad_7005,T
WelcomeTV,T
Wide,T
Widevu UHD Android TV,T
Wieppo E1,T
Wieppo S5,T
Wieppo S6,T
Wieppo S8,T
Wiko U316AT,T
Wiko U520AS,T
Wiko U614AS,T
Wildfire E,T
Wildfire E Lite,T
Wildfire E plus,T
Wildfire E star,T
Wildfire E ultra,T
Wildfire E1,T
Wildfire E1 Plus,T
Wildfire E2,T
Wildfire E2 play,T
Wildfire E2 plus,T
Wildfire E3,T
Wildfire E3 lite,T
Wildfire E4,T
Wildfire E4 Plus,T
Wildfire E5,T
Wildfire E5 Elite,T
Wildfire E5 Life,T
Wildfire E5 Plus,T
Wildfire E6,T
Wildfire E6 Elite,T
Wildfire E6 Plus,T
Wildfire E6 Star,T
Wildfire E7,T
Wildfire E7 Elite,T
Wildfire E7 Life,T
Wildfire E7 Plus,T
Wildfire E8,T
Wildfire E8 Plus,T
Wildfire E9 Plus,T
Wildfire R70,T
Wileyfox Spark,T
Wileyfox Spark +,T
Wileyfox Spark X,T
Wileyfox Storm,T
Wileyfox Swift,T
Wileyfox Swift 2 Plus,T
Willfon_Pad_02,T
WinPRO,T
Wind,T
Wings,T
Wink Glory SE,T
Wink World SE,T
Wink_City_S,T
Wink_Share_SE,T
Winner,T
Winner7,T
Winner8,T
WinnovoT5,T
Winovo_M50B,T
Wireless Joey 4,T
Wise Tech Wifi,T
Wise-Tech_M1,T
WiseTech Note 10,T
WiseTech Note 12,T
Wise_Tab,T
Wishtel_IRA_T1029,T
Wiz,T
Wizard_1,T
Wizpad Valuer R10S,T
Wizpad_Valuer_V8,T
Wolf10R,T
WoozeI45,T
Wooze_I5,T
Wooze_I55,T
Wooze_L,T
Wooze_XL,T
Wopad-Kids7Q,T
Woxter_N100,T
Woxter_N200,T
Woxter_N70,T
Woxter_N90,T
Wren,T
X,T
X Bot Senior,T
X MAX,T
X Pro,T
X-120,T
X-AGE,T
X-AGE Leap 1,T
X-AGE Snap 1,T
X-Go,T
X-Max,T
X-N10,T
X-N15,T
X-ONE,T
X-Style_S5501,T
X-Style_S5502,T
X-TIGI_JOY10 Mate,T
X-TIGI_JOY7_MAX,T
X-TIGI_JOY8 Mate,T
X-TIGI_Kids8 Pro,T
X-TIGI_V11,T
X-TIGI_V13,T
X-TIGI_V15,T
X-TIGI_V18 Pro,T
X-TIGI_V21,T
X-TIGI_V28,T
X-TIGI_V28 LTE,T
X-TIGI_V3+,T
X-TIGI_V33,T
X-TIGI_V5,T
X-TIGI_V9,T
X-TREME PQ39,T
X-TREME PQ52,T
X-TREME_PQ37,T
X-TREME_PQ38,T
X-Treme_PQ51,T
X-ViewGamer10,T
X-ViewTablet,T
X-ViewTablet10,T
X-ViewTablet7,T
X-treme PQ53,T
X-treme PQ55,T
X-treme PQ57,T
X-treme PQ58,T
X-treme Play Tab,T
X-treme_PQ18,T
X-treme_PQ18_MAX,T
X-treme_PQ20,T
X-treme_PQ24,T
X-treme_PQ28,T
X-treme_PQ29,T
X-treme_PQ36,T
X-treme_PQ54,T
X-treme_PQ54 MAX,T
X-treme_PQ56,T
X-tremer,T
X01A,T
X06HT,T
X086AF,T
X1,T
X1 7.0,T
X1 Dual,T
X1 Light,T
X1 Notch,T
X1 Plus,T
X1 Pro,T
X1 Selfie,T
X1-Prime-R2,T
X1-Prime-c,T
X1-Prime-i,T
X10,T
X10 Pro,T
X10 Pulse,T
X10 Tablet,T
X100,T
X100 GT,T
X100L,T
X100PRO,T
X100_EEA,T
X100_PRO,T
X100v3,T
X101,T
X101PRO+,T
X102,T
X1030X,T
X1031X,T
X103PRO,T
X104,T
X104-EEA,T
X1060X,T
X107,T
X107L,T
X108,T
X109,T
X1090,T
X10G,T
X10MT16,T
X10MT87,T
X10Max,T
X10S,T
X10ULTRA,T
X10_Pro,T
X10_Soul,T
X10_Soul_Lite,T
X10a,T
X10g,T
X10i,T
X11,T
X11-11M,T
X11-11M_EEA,T
X1100,T
X1100S,T
X1102N,T
X11S,T
X11_EEA,T
X12,T
X12-11,T
X12-21M,T
X12-21M_EEA,T
X120C,T
X13,T
X134,T
X134L,T
X13L,T
X14-11MN,T
X14-11MN_EEA,T
X15,T
X17,T
X18,T
X18_Ultra,T
X19,T
X19 S,T
X1LTE,T
X1Lite,T
X1S,T
X1_Light,T
X1_Light_Lte,T
X1x,T
X2,T
X2 Max,T
X2 Premium,T
X2 SE,T
X2-HT,T
X20,T
X20 PRO,T
X20 Pro,T
X200,T
X200_PRO_v2,T
X2034,T
X20L,T
X20_Pro,T
X20_Soul,T
X22,T
X23,T
X23 TAB,T
X230,T
X230A,T
X23_Pro,T
X240,T
X24_EU,T
X27,T
X28,T
X28 Plus,T
X2_EEA,T
X2_SE,T
X2_S_EEA,T
X2_S_US,T
X2_Soul_Lite,T
X2_Soul_Lite_TM,T
X2_Soul_Mini,T
X2_Soul_PRO,T
X2_Soul_Style,T
X2_Soul_Style_Plus,T
X2_Soul_Style_TM,T
X2_Soul_Xtreme,T
X2_T_EEA,T
X2_T_US,T
X2_US,T
X2_U_EEA,T
X2_U_US,T
X2_euro,T
X3,T
X3 PRO SLIM,T
X3-KC,T
X30,T
X300,T
X300_EEA,T
X300_US,T
X30P,T
X32,T
X35E,T
X35T,T
X36,T
X37,T
X38,T
X38 2GB,T
X3Pro,T
X3_1,T
X3_EEA,T
X3_Pro,T
X3_Soul,T
X3_Soul_Lite,T
X3_Soul_Lite_TM,T
X3_Soul_PLUS,T
X3_Soul_PRO,T
X3_Soul_Style,T
X3_Soul_mini,T
X4,T
X4-40,T
X4-SH,T
X40,T
X400,T
X4000,T
X40E,T
X40L,T
X41,T
X41 Plus,T
X410,T
X425 Shavit,T
X428 Astute,T
X430,T
X450-Locked to Life Wireless,T
X4503,T
X4508,T
X46,T
X47,T
X4G,T
X4UPlus,T
X4_CRISTAL,T
X4_LTE,T
X4_Plus,T
X4_Soul,T
X4_Soul_Infinity_L,T
X4_Soul_Infinity_N,T
X4_Soul_Infinity_Plus,T
X4_Soul_Infinity_S,T
X4_Soul_Infinity_Z,T
X4_Soul_Lite,T
X4_Soul_Mini,T
X4_Soul_Mini_S,T
X4_Soul_Mini_S_TM,T
X4_Soul_Style,T
X4_Soul_Vision,T
X4_Soul_Xtreme,T
X4e,T
X5,T
X5 PLUS,T
X5-LG,T
X50,T
X50 Plus,T
X500,T
X500_EEA,T
X500_T_EEA,T
X500_US,T
X501_USA_Cricket,T
X501_USA_OM,T
X501_USA_RS,T
X503,T
X507,T
X507T,T
X50A,T
X50D,T
X50L,T
X50US,T
X50_15EEA,T
X50_15US,T
X50_P80_15EEA,T
X50_P80_15US,T
X50u,T
X515,T
X516,T
X53,T
X530,T
X540,T
X547,T
X55,T
X550,T
X55E,T
X55G,T
X55_PLUS,T
X560,T
X57,T
X570,T
X570Lite,T
X572,T
X58,T
X5C,T
X5_Display,T
X5_PRO,T
X5_Soul,T
X5_Soul_Mini,T
X5_Soul_Pro,T
X5_Soul_Style,T
X5_T,T
X5max,T
X5max_PRO,T
X6,T
X6 Pro,T
X60,T
X60 Pro,T
X600,T
X600 NFC,T
X60L,T
X610,T
X618,T
X62,T
X620,T
X626,T
X626_4G,T
X62S,T
X63,T
X63L,T
X63Max,T
X63Pro,T
X65,T
X65),T
X650,T
X655,T
X66,T
X668_32GB,T
X668_64GB,T
X67,T
X67 5G,T
X68,T
X6Pro,T
X6_Pro,T
X6_Soul_Xtreme,T
X6_Soul_mini,T
X6pro,T
X7,T
X7 Pro,T
X70,T
X70-2021,T
X700,T
X700_EEA,T
X701,T
X703,T
X70_PRO,T
X70v2,T
X72,T
X739Q,T
X75,T
X75-2021,T
X750,T
X76,T
X77,T
X770,T
X7A,T
X7D Ultra,T
X7K,T
X7L,T
X7_EEA,T
X7_Soul_Pro,T
X7_Soul_Style,T
X7g,T
X7pro,T
X7s,T
X8,T
X8 PRO,T
X8 Tablet,T
X80,T
X80 Plus,T
X80-EEA,T
X800,T
X800_EEA,T
X800_US,T
X802,T
X81,T
X82,T
X83,T
X84,T
X85,T
X85 PRO,T
X86,T
X860,T
X8607,T
X87,T
X88,T
X8A,T
X8G,T
X8MT16,T
X8MT87,T
X8Max,T
X8Pro,T
X8ULTRA,T
X8_Soul_Pro,T
X8_Soul_Style,T
X8a,T
X8g,T
X9,T
X9 Mini,T
X9 pro,T
X90,T
X900,T
X900-US,T
X9000,T
X9006,T
X9007,T
X9009,T
X9009fw,T
X900_EEA,T
X900_US,T
X9070,T
X9076,T
X9077,T
X9079,T
X909,T
X909T,T
X90L,T
X91,T
X9180,T
X93,T
X937,T
X93Pro,T
X95,T
X95Pro,T
X95i,T
X96,T
X96Pro,T
X97,T
X97Pro,T
X98,T
X98Pro,T
X9S,T
X9_16GB,T
X9_EEA,T
X9_US,T
X9pro,T
XA401,T
XA402,T
XA403,T
XANON X1 ultra,T
XANON X20,T
XANON X21,T
XANON X22 5G,T
XANON X50,T
XANON X90,T
XANON X91,T
XB-T11i,T
XBOOK,T
XBOOK 12,T
XBOOK 8M,T
XBOOK_12,T
XBOOK_PRO,T
XBot Junior,T
XBot_Senior,T
XC70_US,T
XC90_US,T
XCD 28,T
XCD35,T
XD,T
XD 2K Andriod TV,T
XD 4K Andriod TV,T
XDDGM10,T
XDDGM10-1,T
XDDGM11BS,T
XDDGM99PM,T
XDP-100R,T
XDP-300R,T
XELIO_HD10,T
XENON TV G4K,T
XForge 01,T
XG200,T
XG34WCDMTG,T
XG4,T
XG5,T
XGT,T
XGT-T901-A,T
XGT-T901-E,T
XGTB-A,T
XGTB-E,T
XGT_EEA,T
XHA537,T
XHSM,T
XIG01,T
XIG02,T
XIG03,T
XIG04,T
XIG05,T
XIG07,T
XI_CEU55,T
XK03H,T
XK10T,T
XL,T
XL PLUS,T
XL100,T
XL150,T
XL39h,T
XLDRCAV1,T
XLED-xxMY5200A,T
XLPlus,T
XM-SW1,T
XM03U,T
XM14G,T
XM75,T
XMOBILE X7,T
XO Learning tablet,T
XOLO One HD,T
XOLO T1000,T
XOLO X910,T
XOLO_X1000,T
XP,T
XP03C,T
XP06C,T
XP10_4G,T
XP10_Wifi,T
XP3,T
XP6700,T
XP7700,T
XP8105,T
XP8105A,T
XP8776,T
XP8800,T
XP9800,T
XP9900,T
XPID210,T
XPLAY,T
XPLAY3,T
XPLORE 1,T
XPLORE 1 Pro,T
XPLORE 1 Walkie Talkie,T
XPLORE 2,T
XPLORE 2 Projector,T
XPLORE 2 Satellite,T
XPLORE X1,T
XPLORE X7U,T
XPOWER_P6000,T
XQ Dual,T
XQ-AD51,T
XQ-AD52,T
XQ-AQ52,T
XQ-AQ62,T
XQ-AS42,T
XQ-AS52,T
XQ-AS62,T
XQ-AS72,T
XQ-AT42,T
XQ-AT51,T
XQ-AT52,T
XQ-AT72,T
XQ-AU42,T
XQ-AU51,T
XQ-AU52,T
XQ-BC42,T
XQ-BC52,T
XQ-BC62,T
XQ-BC72,T
XQ-BE42,T
XQ-BE52,T
XQ-BE62,T
XQ-BE72,T
XQ-BQ42,T
XQ-BQ52,T
XQ-BQ62,T
XQ-BQ72,T
XQ-BT44,T
XQ-BT52,T
XQ-CC44,T
XQ-CC54,T
XQ-CC72,T
XQ-CQ44,T
XQ-CQ54,T
XQ-CQ62,T
XQ-CQ72,T
XQ-CT44,T
XQ-CT54,T
XQ-CT62,T
XQ-CT72,T
XQ-DC44,T
XQ-DC54,T
XQ-DC72,T
XQ-DE44,T
XQ-DE54,T
XQ-DE72,T
XQ-DQ44,T
XQ-DQ54,T
XQ-DQ62,T
XQ-DQ72,T
XQ-EC44,T
XQ-EC54,T
XQ-EC72,T
XQ-ES44,T
XQ-ES54,T
XQ-ES72,T
XQ-FE44,T
XQ-FE54,T
XQ-FE72,T
XQ-FS44,T
XQ-FS54,T
XQ-FS72,T
XQ-GE44,T
XQ-GE54,T
XQ-GE74,T
XQ107,T
XQ107-EEA,T
XR Theater G,T
XR10 Tablet,T
XR13A,T
XR14A,T
XR16A,T
XR2,T
XR6M10,T
XR6P10,T
XR8 Tablet,T
XRB15,T
XRover,T
XRover C,T
XS2_LTE,T
XStream_Smart_Box_001,T
XT0000,T
XT080,T
XT100,T
XT1002,T
XT1003,T
XT1008,T
XT1019,T
XT1021,T
XT1022,T
XT1023,T
XT1025,T
XT1028,T
XT1030,T
XT1031,T
XT1032,T
XT1033,T
XT1034,T
XT1039,T
XT1040,T
XT1042,T
XT1045,T
XT1049,T
XT1050,T
XT1052,T
XT1053,T
XT1055,T
XT1056,T
XT1058,T
XT1060,T
XT1063,T
XT1064,T
XT1068,T
XT1069,T
XT1072,T
XT1077,T
XT1078,T
XT1079,T
XT1080,T
XT1085,T
XT1092,T
XT1093,T
XT1094,T
XT1095,T
XT1096,T
XT1097,T
XT1098,T
XT1225,T
XT1250,T
XT1254,T
XT1526,T
XT1528,T
XT1528O,T
XT1562,T
XT1563,T
XT1564,T
XT1565,T
XT1570,T
XT1572,T
XT1575,T
XT1580,T
XT1581,T
XT1585,T
XT1609,T
XT1635-01,T
XT1635-02,T
XT1635-03,T
XT1650,T
XT1650-05,T
XT1662,T
XT1663,T
XT1700,T
XT1706,T
XT1710-02,T
XT1710-08,T
XT1710-11,T
XT1754,T
XT1755,T
XT1789-05,T
XT1790,T
XT1799-1,T
XT1799-2,T
XT1902-3,T
XT1924-9,T
XT1925-10,T
XT1929-15,T
XT1941-2,T
XT1942-1,T
XT1943-1,T
XT1965-6,T
XT1970-5,T
XT2,T
XT200,T
XT2071-4,T
XT2125-4,T
XT2137-2,T
XT2143-1,T
XT2153-1,T
XT2169-2,T
XT2171-3,T
XT2175-2,T
XT2201-2,T
XT2201-6,T
XT2225-2,T
XT2243-2,T
XT2251-1,T
XT2261-1,T
XT2261-2,T
XT2301-5,T
XT2321-2,T
XT2323-3,T
XT2335-3,T
XT2343-3,T
XT2363-4,T
XT2427-4,T
XT2451-4,T
XT2453-2,T
XT2533-4,T
XT2551-3,T
XT2575-1,T
XT2575-3,T
XT2575-4,T
XT2601-1,T
XT2603-1,T
XT2611-1,T
XT2655-4,T
XT2675-1,T
XT3,T
XT30,T
XT300,T
XT301,T
XT303,T
XT305,T
XT320,T
XT321,T
XT389,T
XT390,T
XT4,T
XT40,T
XT50,T
XT535,T
XT555C,T
XT556,T
XT557,T
XT560,T
XT605,T
XT610,T
XT611,T
XT615,T
XT621,T
XT626,T
XT627,T
XT682,T
XT685,T
XT687,T
XT701,T
XT702,T
XT720,T
XT800,T
XT830C,T
XT881,T
XT885,T
XT886,T
XT890,T
XT897,T
XT897S,T
XT901,T
XT907,T
XT910,T
XT914,T
XT915,T
XT916,T
XT918,T
XT919,T
XT920,T
XT925,T
XT937C,T
XT939G,T
XTCTR_201,T
XTOUCH X10,T
XTOUCH_A5,T
XTS7,T
XT_50IP600,T
XTi,T
XTouch X,T
XULTRA2,T
XULTRA3,T
XULTRAPLUS,T
XULTRAPLUS3,T
XView+,T
XW,T
XX-X15X,T
XXW82B,T
XXXX,T
XZPAD412LTE,T
XZPAD414LTE,T
XZPAD414W,T
XZPAD470LTE,T
X_1,T
X_50,T
X_50US,T
X_50_EEA,T
X_EEA,T
X_Game,T
X_PLAY_3,T
X_Play_Ultra,T
X_RAINBOW,T
X_ROW,T
X_Style_Tab_A103,T
X_Style_Tab_A104,T
X_TIGI_A1,T
X_TIGI_A1Plus,T
X_TIGI_A2,T
X_TIGI_JOY7_Mate,T
X_TIGI_JOY7_TV,T
X_TIGI_Photo P16,T
X_TIGI_Photo P20,T
X_TIGI_V16,T
X_TIGI_V16_LTE,T
X_TIGI_V18,T
X_TIGI_V19,T
X_Ultra,T
X_View_Q7,T
X_style_Tab_A1010,T
X_style_Tab_A801,T
X_style_Tab_A83,T
Xavy G7,T
Xavy_G8,T
Xavy_L8,T
Xavy_T7,T
Xbook_Plus,T
Xbookkids,T
Xedition,T
Xenium S266,T
Xenium S566,T
Xever 7,T
Xever 7 Pro,T
Xever 8,T
Xhero_7,T
Xiaomi for arm64,T
Xingxing10,T
Xino Z46 X4+,T
Xiphos(R)TMD,T
Xlife-415,T
Xlife-441Q,T
Xlife-450Q,T
Xlife-514Q,T
Xlife-M44Q,T
Xlife-Proton5 Pro,T
Xlife-Victor5,T
Xming Google TV,T
Xmini,T
Xmini4G,T
Xolo_X500,T
Xoom,T
Xpad_M9_3G,T
Xplorer_2,T
Xsmart Nova 7,T
Xsmart Nova 8,T
Xsnap 7 Pro,T
Xstream4_AR,T
XstreamIPTV1-VT,T
XstreamIPTV2-SM,T
Xtrem650,T
Xtreme 1,T
Xtreme 6,T
Xtreme XT309,T
Xtreme XT309 Plus,T
Xtreme XT84,T
Xtreme_3,T
Xtreme_3x,T
Xtreme_7,T
Xview+,T
Xview_tablet_7,T
Xylo,T
Xylo P,T
Xylo X,T
Xylo_T,T
Y,T
Y Series,T
Y-20,T
Y10,T
Y10 Plus,T
Y10 Premium,T
Y10 Pro,T
Y10 Ultra,T
Y100,T
Y1000,T
Y101,T
Y101P,T
Y102,T
Y103_EEA,T
Y108,T
Y10G001S4M_EEA,T
Y10G007S4MI_EEA,T
Y10G007S4M_EEA,T
Y10G652S8M,T
Y11,T
Y121-EEA,T
Y15,T
Y2,T
Y20,T
Y200,T
Y220-U00,T
Y220-U05,T
Y220-U10,T
Y220-U17,T
Y230,T
Y3,T
Y3-EEA,T
Y30,T
Y300,T
Y320-U01,T
Y340-U081,T
Y400,T
Y4800,T
Y5,T
Y5-EEA,T
Y50,T
Y50s,T
Y511-T00,T
Y511-U00,T
Y538,T
Y541-U02,T
Y545-U05,T
Y550-L02,T
Y550-L03,T
Y57,T
Y57A,T
Y57P,T
Y6,T
Y6 Max,T
Y60,T
Y61,T
Y61-EEA,T
Y635-L01,T
Y635-L02,T
Y635-L03,T
Y635-L21,T
Y635-TL00,T
Y6C,T
Y7,T
Y7Plus,T
Y8,T
Y8 Plus,T
Y8-EEA,T
Y80,T
Y85,T
Y86,T
Y88X Plus,T
Y88X_A,T
Y88X_PLUS,T
Y88X_PRO,T
Y88X__PLUS,T
Y8C,T
Y95,T
Y9Plus,T
YAG-W09,R
YAG-W19,R
YAL-AL00,T
YAL-AL10,T
YAL-L21,T
YAL-L41,T
YAL-TL00,T
YASIN 2K Android TV,T
YASIN 4K Android TV,T
YBMK01,T
YC-08P,T
YC-102D,T
YC-3135D,T
YC-83P,T
YC-83T,T
YC-M10,T
YCQ_Q88,T
YD201,T
YES Altitude 4,T
YETC 1123,T
YG381,T
YGF-F35,T
YGF-F7,T
YK_P30,T
YK_P30_EEA,T
YL,T
YLE-W09,R
YLP-W00,R
YMR8,T
YNDX-000SB,T
YOGA Tablet 2 Pro-1380F,T
YOGA Tablet 2 Pro-1380L,T
YOGA Tablet 2-1050F,T
YOGA Tablet 2-1050L,T
YOGA Tablet 2-1050LC,T
YOGA Tablet 2-830F,T
YOGA Tablet 2-830L,T
YOGA Tablet 2-830LC,T
YOLO,T
YOTECH_YP,T
YOU-BOX,T
YOUTAB S7,T
YP-10,T
YP-G1,T
YP-G50,T
YP-G70,T
YP-GB1,T
YP-GB70,T
YP-GB70D,T
YP-GH1,T
YP-GI1,T
YP-GI2,T
YP-GP1,T
YP-GS1,T
YPY10FTA,T
YPY10STA,T
YPY_07FTA,T
YPY_07FTB,T
YPY_07FTBF,T
YPY_07STA,T
YPY_07STB,T
YPY_07STBF,T
YPY_10FTA,T
YPY_10FTB,T
YPY_10FTBF,T
YPY_10STB,T
YPY_10STBF,T
YPY_AB10D,T
YPY_AB10DC,T
YPY_AB10DP,T
YPY_AB7D,T
YPY_AB7DC,T
YPY_AB7K,T
YPY_S350,T
YPY_S350_PLUS,T
YPY_S400,T
YPY_S405,T
YPY_S450,T
YPY_S460,T
YPY_S500,T
YPY_TQ7,T
YQ-SVAIOR-EEA,T
YQ10,T
YQ10M,T
YQ10S,T
YQ10SC_MAX,T
YQ10SK,T
YQ10S_Gold,T
YQ10S_MAX,T
YQ10S_PRO,T
YQ10S_Pro,T
YQ11,T
YQ11M,T
YQ11MK,T
YQ30,T
YQ81-ROW,T
YS-CK0001,T
YU 6000,T
YU4711,T
YU5010,T
YU5010A,T
YU5011,T
YU5012,T
YU5014,T
YU5040,T
YU5041,T
YU5050,T
YU5200,T
YU5510,T
YU5510A,T
YU5530,T
YU5551,T
YUHO_O1,T
YUHO_O1_LITE,T
YUHO_O2_PRO,T
YUHO_Vast,T
YUHO_Vast2,T
YUHO_Vast2_Plus,T
YUHO_Vast_Plus,T
YUHO_Y1_ACE,T
YUHO_Y1_PRO,T
YUHO_Y1_STAR,T
YUHO_Y1_StarS,T
YUHO_Y2,T
YUHO_Y2_PRO,T
YUHO_Y3_PRO,T
YUMPINGO_1,T
YUNTAB-K107,T
YUNTAB-K107_EEA,T
YUNTAB-Q88,T
YURATAB YT108,T
YURATAB YT110,T
YUREKA,T
YY-P30,T
YY_766,T
YY_766_EEA,T
Yeah_Go,T
Yellowstone,T
Yes,T
You,T
You L,T
YouSee Streamer,T
Ypy 7 - TB07FTA,T
Ypy 7 - TB07STA,T
Ypy AB10i,T
Yuno,T
Yupiroid,T
Z-01K,T
Z-2252,T
Z-PAD PRO ZP210P,T
Z-PAD ULTRA ZP210U,T
Z-T10,T
Z-TAB10,T
Z-Ultra,T
Z00D,T
Z08MK,T
Z1,T
Z10,T
Z10 DA6B0P01,T
Z10-E,T
Z100,T
Z101G,T
Z103,T
Z108,T
Z11,T
Z110,T
Z118-EEA,T
Z118-T-EEA,T
Z118-T-US,T
Z118-U-EEA,T
Z118-U-US,T
Z118-US,T
Z118_EEA,T
Z118_US,T
Z11MK,T
Z12,T
Z12 PRO,T
Z120,T
Z128_EEA,T
Z128_T_EEA,T
Z128_T_US,T
Z128_US,T
Z12_PRO,T
Z13,T
Z130,T
Z138_EEA,T
Z138_EU,T
Z138_US,T
Z138_V_EEA,T
Z138_V_US,T
Z138_W,T
Z14,T
Z15,T
Z150,T
Z155,T
Z158_EEA,T
Z158_US,T
Z16,T
Z160,T
Z168-EU,T
Z168-W,T
Z168_EEA,T
Z168_US,T
Z168_U_EEA,T
Z168_U_US,T
Z19,T
Z1A,T
Z1_EEA,T
Z2,T
Z20,T
Z200,T
Z205,T
Z205P,T
Z210,T
Z22,T
Z220,T
Z23,T
Z2339K,T
Z2350,T
Z2351N,T
Z2352N,T
Z2353,T
Z2356,T
Z2357N,T
Z2359,T
Z2450,T
Z2453,T
Z2455,T
Z2458,T
Z2459,T
Z2460,T
Z2461,T
Z2462N,T
Z2463N,T
Z2464N,T
Z2465N,T
Z2466,T
Z2467,T
Z2468N,T
Z2469N,T
Z2470C,T
Z2471C,T
Z2472,T
Z2473,T
Z2474,T
Z25,T
Z250,T
Z255,T
Z2570N,T
Z2571N,T
Z2575,T
Z2576,T
Z2577,T
Z2581,T
Z28,T
Z2Lite,T
Z2_PRO,T
Z3,T
Z30,T
Z30 pro,T
Z3001S,T
Z30_EEA,T
Z3153V,T
Z3211G,T
Z33,T
Z3351S,T
Z3352CA,T
Z3353CA,T
Z35,T
Z353VL,T
Z355,T
Z4,T
Z40,T
Z410,T
Z42,T
Z42 pro,T
Z455,T
Z47,T
Z4PRO,T
Z4_EEA,T
Z5,T
Z50,T
Z500,T
Z5000,T
Z5031O,T
Z50_Pro,T
Z51,T
Z5151V,T
Z5156CC,T
Z5157V,T
Z5157Y,T
Z5158,T
Z518,T
Z519,T
Z520,T
Z55,T
Z555,T
Z557BL,T
Z558VL,T
Z559DL,T
Z570,T
Z60,T
Z60 plus,T
Z600,T
Z60s,T
Z61,T
Z6103,T
Z610DL,T
Z61_2GB,T
Z6201V,T
Z621,T
Z6250CC,T
Z6251,T
Z6251V,T
Z6252CA,T
Z6255CA,T
Z6305R,T
Z6356T,T
Z6400C,T
Z6410S,T
Z6530M,T
Z6530V,T
Z6561J,T
Z660G,T
Z6621O,T
Z6657CA,T
Z665C,T
Z667,T
Z667G,T
Z667T,T
Z669,T
Z67,T
Z6750M,T
Z7,T
Z70,T
Z716BL,T
Z717VL,T
Z718TL,T
Z719DL,T
Z72,T
Z730,T
Z740,T
Z740G,T
Z750C,T
Z752C,T
Z753G,T
Z7540,T
Z755,T
Z768G,T
Z777,T
Z787,T
Z791G,T
Z792,T
Z793C,T
Z795G,T
Z796C,T
Z797C,T
Z798BL,T
Z799VL,T
Z7_JP,T
Z8,T
Z80,T
Z81,T
Z812,T
Z813,T
Z815,T
Z818L,T
Z819L,T
Z820,T
Z826,T
Z828,T
Z828TL,T
Z830,T
Z831,T
Z832,T
Z833,T
Z835,T
Z836BL,T
Z836F,T
Z837VL,T
Z839,T
Z839V,T
Z850,T
Z851,T
Z851M,T
Z852,T
Z855,T
Z861BL,T
Z862VL,T
Z863DL,T
Z8900CA,T
Z899VL,T
Z8PLUS,T
Z8POCKET,T
Z9,T
Z9 PLUS,T
Z9 Plus,T
Z90,T
Z91,T
Z916BL,T
Z917VL,T
Z92,T
Z92S,T
Z930L,T
Z932L,T
Z933,T
Z936L,T
Z955A,T
Z955L,T
Z956,T
Z957,T
Z958,T
Z959,T
Z962BL,T
Z963U,T
Z963VL,T
Z965,T
Z968,T
Z970,T
Z971,T
Z978,T
Z980L,T
Z981,T
Z982,T
Z983,T
Z986DL,T
Z986U,T
Z987,T
Z988,T
Z9910,T
Z992,T
Z993,T
Z995,T
Z9950,T
Z998,T
Z999,T
Z9A,T
ZA550KL,T
ZA555,T
ZA833,T
ZAPI2022,T
ZAPI2023,T
ZB10,T
ZB10A,T
ZB10M,T
ZB10S,T
ZB10_EEA,T
ZB11S,T
ZB31,T
ZB32,T
ZB32A,T
ZB32V,T
ZB32_PRO,T
ZB40,T
ZB40_EEA,T
ZB553KL,T
ZB555KL,T
ZB602KL,T
ZB631KL,T
ZB633KL,T
ZC-100J,T
ZC600KL,T
ZCM_Z1,T
ZCM_Z1_Pro,T
ZDKMP-T30A,T
ZDKMP-T30B,T
ZE620KL,T
ZEEKER P10,T
ZEEKER T100,T
ZEN,T
ZENO 1,T
ZENO 10,T
ZENO 100,T
ZENO 2,T
ZENO 5,T
ZENX 1,T
ZEPHIR 2K Android TV,T
ZEPHIR 4K Android TV,T
ZER A10,T
ZERO 50,T
ZEUS 2,T
ZEUS 2 ELITE,T
ZEUS 2 PRO,T
ZEUS_4G,T
ZEUS_4G_PRO,T
ZEUSs68,T
ZG55,T
ZG65,T
ZG65 Pro,T
ZG65H,T
ZH600_Series,T
ZIDS701,T
ZIDS_701,T
ZIK_W1027,T
ZKB2A,T
ZKEMPLER,T
ZKEMPLER PLUS,T
ZKEMPLER11,T
ZKEMPLER11PLUS,T
ZKEMPLER11PRO,T
ZKEMPLERMAX,T
ZKEMPLERPRO,T
ZKEMPLER_11,T
ZKEMPLER_11PRO,T
ZKEMPLER_MAX,T
ZKIDS,T
ZKTeco_I3,T
ZL833,T
ZLQ9,T
ZM10,T
ZM800,T
ZMBIZI Z1,T
ZMBIZI Z2,T
ZONGHENGCA_G8,T
ZOOM,T
ZOOM-H,T
ZOOM_1,T
ZOPO Flash X3,T
ZP785,T
ZPAD_1,T
ZPB17,T
ZPB18,T
ZPLAY1_2018,T
ZR01,T
ZS590KS,T
ZS600KL,T
ZS620KL,T
ZS630KL,T
ZS660KL,T
ZS661KS,T
ZS670KS,T
ZS671KS,T
ZS672KS,T
ZS673KS,T
ZS676KS,T
ZT 216,T
ZT-701,T
ZT216_1,T
ZT216_17,T
ZT216_19,T
ZT216_2,T
ZT216_23,T
ZT216_3,T
ZT216_4,T
ZT216_5,T
ZT216_7,T
ZT8332_1,T
ZT8332_2,T
ZTAB01B,T
ZTAB020,T
ZTE 1010L,T
ZTE 1020L,T
ZTE 2050,T
ZTE 2050RU,T
ZTE 7060,T
ZTE 7160N,T
ZTE 7530N,T
ZTE 7531N,T
ZTE 7532N,T
ZTE 7540N,T
ZTE 7541N,T
ZTE 7661N,T
ZTE 8000,T
ZTE 8010,T
ZTE 8010RU,T
ZTE 8012N,T
ZTE 8030,T
ZTE 8030N,T
ZTE 8030RU,T
ZTE 8031,T
ZTE 8040N,T
ZTE 8045,T
ZTE 8045RU,T
ZTE 8046,T
ZTE 8050,T
ZTE 8140N,T
ZTE 8150N,T
ZTE 8550,T
ZTE 9000,T
ZTE 9000N,T
ZTE 9000RU,T
ZTE 9030,T
ZTE 9030N,T
ZTE 9030RU,T
ZTE 9040N,T
ZTE 9041N,T
ZTE 9042N,T
ZTE 9045,T
ZTE 9045RU,T
ZTE 9046,T
ZTE 9047,T
ZTE 9050N,T
ZTE 9100N,T
ZTE A0616,T
ZTE A0620,T
ZTE A0622,T
ZTE A0722,T
ZTE A2015,T
ZTE A2016,T
ZTE A2017,T
ZTE A2017G,T
ZTE A2017U,T
ZTE A2018,T
ZTE A2019 Pro,T
ZTE A2019G Pro,T
ZTE A2020 Pro,T
ZTE A2020 SP,T
ZTE A2020G Pro,T
ZTE A2020N2 Pro,T
ZTE A2020N3 Pro,T
ZTE A2020RU Pro,T
ZTE A2020U Pro,T
ZTE A2021,T
ZTE A2021E,T
ZTE A2021G,T
ZTE A2021H,T
ZTE A2021L,T
ZTE A2022,T
ZTE A2022H,T
ZTE A2022L,T
ZTE A2022P,T
ZTE A2022PG,T
ZTE A2023,T
ZTE A2023G,T
ZTE A2023P,T
ZTE A2023PG,T
ZTE A2024H,T
ZTE A2121,T
ZTE A2121E,T
ZTE A2121G,T
ZTE A2121L,T
ZTE A2122H,T
ZTE A2322,T
ZTE A2322G,T
ZTE A31 Lite,T
ZTE A51,T
ZTE A520S,T
ZTE A53,T
ZTE A530,T
ZTE A55,T
ZTE A606,T
ZTE A7000,T
ZTE A7010,T
ZTE A7020,T
ZTE A7020RU,T
ZTE A7030,T
ZTE A7030RU,T
ZTE A7040,T
ZTE A7050,T
ZTE A71 5G,T
ZTE A880,T
ZTE Axon 10 Pro,T
ZTE B2015,T
ZTE B2016,T
ZTE B2017,T
ZTE B2017G,T
ZTE B790,T
ZTE B792,T
ZTE B795,T
ZTE B815,T
ZTE B816,T
ZTE B880,T
ZTE BA510,T
ZTE BA520,T
ZTE BA601,T
ZTE BA602,T
ZTE BA602T,T
ZTE BA603,T
ZTE BA610C,T
ZTE BA610T,T
ZTE BA611C,T
ZTE BA611T,T
ZTE BA910,T
ZTE BA910T,T
ZTE BLADE A0605,T
ZTE BLADE A0620,T
ZTE BLADE A0621,T
ZTE BLADE A0622,T
ZTE BLADE A110,T
ZTE BLADE A112,T
ZTE BLADE A125,T
ZTE BLADE A210,T
ZTE BLADE A3,T
ZTE BLADE A310,T
ZTE BLADE A320,T
ZTE BLADE A321,T
ZTE BLADE A322,T
ZTE BLADE A330,T
ZTE BLADE A460,T
ZTE BLADE A5 PRO,T
ZTE BLADE A506,T
ZTE BLADE A510,T
ZTE BLADE A512,T
ZTE BLADE A520,T
ZTE BLADE A520C,T
ZTE BLADE A521,T
ZTE BLADE A522,T
ZTE BLADE A530,T
ZTE BLADE A6,T
ZTE BLADE A6 MAX,T
ZTE BLADE A601,T
ZTE BLADE A602,T
ZTE BLADE A610,T
ZTE BLADE A610C,T
ZTE BLADE A612,T
ZTE BLADE A910,T
ZTE BLADE B111,T
ZTE BLADE B112,T
ZTE BLADE B125,T
ZTE BLADE C,T
ZTE BLADE C370,T
ZTE BLADE III,T
ZTE BLADE L0510,T
ZTE BLADE L110,T
ZTE BLADE L111,T
ZTE BLADE L5 PLUS,T
ZTE BLADE L7,T
ZTE BLADE L7A,T
ZTE BLADE L8,T
ZTE BLADE V Ultra Z982,T
ZTE BLADE V0710,T
ZTE BLADE V0720,T
ZTE BLADE V0730,T
ZTE BLADE V0800,T
ZTE BLADE V0820,T
ZTE BLADE V0840,T
ZTE BLADE V0850,T
ZTE BLADE V0900,T
ZTE BLADE V0920,T
ZTE BLADE V7,T
ZTE BLADE V7 LITE,T
ZTE BLADE V7 PLUS,T
ZTE BLADE V8 MINI,T
ZTE BLADE V9,T
ZTE BLADE V9 VITA,T
ZTE BV0701,T
ZTE BV0710,T
ZTE BV0710T,T
ZTE BV0720,T
ZTE BV0720T,T
ZTE BV0730,T
ZTE BV0800,T
ZTE BV0850,T
ZTE BV0870,T
ZTE Blade 10 Vita,T
ZTE Blade 2,T
ZTE Blade A0722,T
ZTE Blade A210,T
ZTE Blade A3 2019,T
ZTE Blade A3 2019RU,T
ZTE Blade A3 2020,T
ZTE Blade A3 2020RU,T
ZTE Blade A3 Lite,T
ZTE Blade A31,T
ZTE Blade A31 Lite,T
ZTE Blade A31 Lite RU,T
ZTE Blade A31 Plus,T
ZTE Blade A31 Plus RU,T
ZTE Blade A315,T
ZTE Blade A31RU,T
ZTE Blade A32,T
ZTE Blade A33,T
ZTE Blade A33 Core,T
ZTE Blade A33+,T
ZTE Blade A33+ Core,T
ZTE Blade A33s,T
ZTE Blade A34,T
ZTE Blade A35 Core,T
ZTE Blade A35 Lite,T
ZTE Blade A410,T
ZTE Blade A430,T
ZTE Blade A450,T
ZTE Blade A452,T
ZTE Blade A460,T
ZTE Blade A462,T
ZTE Blade A465,T
ZTE Blade A470,T
ZTE Blade A475,T
ZTE Blade A476,T
ZTE Blade A5,T
ZTE Blade A5 2019,T
ZTE Blade A5 2019RU,T
ZTE Blade A5 2020,T
ZTE Blade A5 2020RU,T
ZTE Blade A51,T
ZTE Blade A51 Lite,T
ZTE Blade A51 Lite RU,T
ZTE Blade A511,T
ZTE Blade A515,T
ZTE Blade A51RU,T
ZTE Blade A52,T
ZTE Blade A52 Lite,T
ZTE Blade A522,T
ZTE Blade A52RU,T
ZTE Blade A53,T
ZTE Blade A53 Pro,T
ZTE Blade A53+,T
ZTE Blade A531,T
ZTE Blade A54,T
ZTE Blade A570,T
ZTE Blade A610,T
ZTE Blade A7 2019,T
ZTE Blade A7 2019RU,T
ZTE Blade A7 2020,T
ZTE Blade A7 2020RU,T
ZTE Blade A7s,T
ZTE Blade AF5,T
ZTE Blade Apex,T
ZTE Blade Apex2,T
ZTE Blade Apex3,T
ZTE Blade Buzz,T
ZTE Blade C2,T
ZTE Blade C2 Plus,T
ZTE Blade C310,T
ZTE Blade C312,T
ZTE Blade C320,T
ZTE Blade C340,T
ZTE Blade C341,T
ZTE Blade C342,T
ZTE Blade C370,T
ZTE Blade D6 Lite 3G,T
ZTE Blade D6 Lite 4G,T
ZTE Blade G,T
ZTE Blade G LTE,T
ZTE Blade G Lux,T
ZTE Blade G Plus,T
ZTE Blade G Pro,T
ZTE Blade G2,T
ZTE Blade HN,T
ZTE Blade III,T
ZTE Blade III Pro,T
ZTE Blade L,T
ZTE Blade L110,T
ZTE Blade L130,T
ZTE Blade L130RU,T
ZTE Blade L2,T
ZTE Blade L210,T
ZTE Blade L210RU,T
ZTE Blade L220,T
ZTE Blade L3,T
ZTE Blade L3 Apex,T
ZTE Blade L3 Lite,T
ZTE Blade L3 Plus,T
ZTE Blade L315,T
ZTE Blade L370,T
ZTE Blade L4 Pro,T
ZTE Blade L5,T
ZTE Blade L5 Plus,T
ZTE Blade L6,T
ZTE Blade L8,T
ZTE Blade L8RU,T
ZTE Blade L9,T
ZTE Blade L9RU,T
ZTE Blade Q,T
ZTE Blade Q Lux,T
ZTE Blade Q Lux 3G,T
ZTE Blade Q Maxi,T
ZTE Blade Q Mini,T
ZTE Blade Q1,T
ZTE Blade Q3,T
ZTE Blade S6 Flex,T
ZTE Blade S6 Plus,T
ZTE Blade V,T
ZTE Blade V10,T
ZTE Blade V10 Vita,T
ZTE Blade V10 Vita RU,T
ZTE Blade V1000,T
ZTE Blade V1000RU,T
ZTE Blade V2,T
ZTE Blade V2 Lite,T
ZTE Blade V220,T
ZTE Blade V580,T
ZTE Blade V6,T
ZTE Blade V6 Lite,T
ZTE Blade V6 Plus,T
ZTE Blade V770,T
ZTE Blade V8 Arc,T
ZTE Blade VEC,T
ZTE Blade Vec,T
ZTE Blade Vec 4G,T
ZTE Blade Vec Pro,T
ZTE Blade X9,T
ZTE C2016,T
ZTE C2017,T
ZTE C310,T
ZTE C880,T
ZTE C880A,T
ZTE C880D,T
ZTE C880S,T
ZTE C880U,T
ZTE E7LS,T
ZTE Fit 4G Smart,T
ZTE G601U,T
ZTE G717C,T
ZTE G718C,T
ZTE G719C,T
ZTE G720C,T
ZTE G720T,T
ZTE GEEK II 4G,T
ZTE GEEK II Pro,T
ZTE GEEK II Pro 4G,T
ZTE Geek,T
ZTE Geek 2,T
ZTE Geek 2 LTE,T
ZTE Geek 2 pro,T
ZTE Grand Era,T
ZTE Grand Memo,T
ZTE Grand Memo LTE,T
ZTE Grand Memo lite,T
ZTE Grand S Flex,T
ZTE Grand S II,T
ZTE Grand S II LTE,T
ZTE Grand X,T
ZTE Grand X 2,T
ZTE Grand X Classic,T
ZTE Grand X In,T
ZTE Grand X Quad Lite,T
ZTE Grand X2,T
ZTE Grand X2 In,T
ZTE K97,T
ZTE KIS Flex,T
ZTE KIS II,T
ZTE KIS II PRO,T
ZTE Kis 3,T
ZTE Kis II,T
ZTE Kis II Max,T
ZTE Kis II Max Plus,T
ZTE Kis II Max plus,T
ZTE Kis Lite,T
ZTE Kis Pro,T
ZTE Kis Q,T
ZTE Kis3 max,T
ZTE LEO M1,T
ZTE LEO Q1,T
ZTE LEO Q2,T
ZTE LEO S1,T
ZTE LEO S2,T
ZTE Libra,T
ZTE M1001,T
ZTE M901C,T
ZTE Maxx,T
ZTE N5L,T
ZTE N5S,T
ZTE N795,T
ZTE N798,T
ZTE N798+,T
ZTE N799D,T
ZTE N818,T
ZTE N880E,T
ZTE N880G,T
ZTE N900,T
ZTE N900D,T
ZTE N909,T
ZTE N909D,T
ZTE N9120,T
ZTE N918St,T
ZTE N919,T
ZTE N919D,T
ZTE N928Dt,T
ZTE N939Sc,T
ZTE N939St,T
ZTE N983,T
ZTE N9835,T
ZTE N986,T
ZTE PA01,T
ZTE P_C880S,T
ZTE Q101T,T
ZTE Q201T,T
ZTE Q2S-C,T
ZTE Q2S-T,T
ZTE Q301C,T
ZTE Q301T,T
ZTE Q302C,T
ZTE Q5-C,T
ZTE Q5-T,T
ZTE Q501T,T
ZTE Q501U,T
ZTE Q503U,T
ZTE Q505T,T
ZTE Q507T,T
ZTE Q508U,T
ZTE Q509T,T
ZTE Q519T,T
ZTE Q529C,T
ZTE Q529E,T
ZTE Q529T,T
ZTE Q7,T
ZTE Q7-C,T
ZTE Q701C,T
ZTE Q705U,T
ZTE Q801C,T
ZTE Q801L,T
ZTE Q801T,T
ZTE Q801U,T
ZTE Q802C,T
ZTE Q802D,T
ZTE Q802T,T
ZTE Q805T,T
ZTE Q806T,T
ZTE R83,T
ZTE R84,T
ZTE R880H,T
ZTE S118,T
ZTE S2002,T
ZTE S2004,T
ZTE S2005,T
ZTE S2007,T
ZTE S2010,T
ZTE S2014,T
ZTE S2015,T
ZTE S221,T
ZTE STAR,T
ZTE Skate,T
ZTE Skate 2,T
ZTE Star 1,T
ZTE Switch X1,T
ZTE T0801,T
ZTE T0802,T
ZTE T0805,T
ZTE T1002,T
ZTE T1003,T
ZTE T1004,T
ZTE T1006,T
ZTE T12,T
ZTE T220,T
ZTE T221,T
ZTE T230,T
ZTE T28,T
ZTE T28 Prepaid,T
ZTE T311,T
ZTE T320,T
ZTE T325,T
ZTE T520,T
ZTE T57,T
ZTE T60,T
ZTE T610,T
ZTE T617,T
ZTE T620,T
ZTE T630,T
ZTE T660,T
ZTE T663,T
ZTE T760,T
ZTE T790,T
ZTE T792,T
ZTE T80,T
ZTE T809,T
ZTE T81,T
ZTE T815,T
ZTE T816,T
ZTE T82,T
ZTE T83,T
ZTE T84,T
ZTE T86,T
ZTE T88,T
ZTE T911,T
ZTE T912,T
ZTE T920,T
ZTE U5,T
ZTE U5S,T
ZTE U791,T
ZTE U791(OPEN),T
ZTE U808,T
ZTE U808(OPEN),T
ZTE U809,T
ZTE U816,T
ZTE U817,T
ZTE U818,T
ZTE U819,T
ZTE U879,T
ZTE U887,T
ZTE U889,T
ZTE U9180,T
ZTE U956,T
ZTE U960E,T
ZTE U968,T
ZTE U969,T
ZTE U9815,T
ZTE U988S,T
ZTE V0721,T
ZTE V0840,T
ZTE V0900,T
ZTE V0920,T
ZTE V1000,T
ZTE V1050,T
ZTE V5S,T
ZTE V6700,T
ZTE V70,T
ZTE V7073,T
ZTE V72,T
ZTE V765M,T
ZTE V768,T
ZTE V769M,T
ZTE V779M,T
ZTE V790,T
ZTE V791,T
ZTE V792C,T
ZTE V793,T
ZTE V795,T
ZTE V796,T
ZTE V797,T
ZTE V807,T
ZTE V808,T
ZTE V809,T
ZTE V811,T
ZTE V811C,T
ZTE V811W,T
ZTE V812,T
ZTE V813W,T
ZTE V815W,T
ZTE V816W,T
ZTE V817,T
ZTE V818,T
ZTE V829,T
ZTE V830W,T
ZTE V831W,T
ZTE V879,T
ZTE V880,T
ZTE V880E,T
ZTE V880G,T
ZTE V880H,T
ZTE V882,T
ZTE V886J,T
ZTE V887,T
ZTE V889D,T
ZTE V889M,T
ZTE V889S,T
ZTE V890,T
ZTE V891,T
ZTE V956,T
ZTE V965,T
ZTE V967S,T
ZTE V968,T
ZTE V969,T
ZTE V970,T
ZTE V970M,T
ZTE V975,T
ZTE V9800,T
ZTE V9820,T
ZTE V983,T
ZTE V987,T
ZTE V993W,T
ZTE V9A,T
ZTE X1001,T
ZTE X1010,T
ZTE X1101,T
ZTE X850,T
ZTE X8701,T
ZTE Z10,T
ZTE Z932L,T
ZTE-BLADE,T
ZTE-C N600,T
ZTE-C N600+,T
ZTE-C N880S,T
ZTE-K813,T
ZTE-LIBRA,T
ZTE-LINK,T
ZTE-Libra,T
ZTE-N910,T
ZTE-RACER,T
ZTE-SKATE,T
ZTE-T U880,T
ZTE-U N720,T
ZTE-U N721,T
ZTE-U V760,T
ZTE-U V852,T
ZTE-U V856,T
ZTE-U V857,T
ZTE-U V880,T
ZTE-U V970M,T
ZTE-U X850,T
ZTE-V6500,T
ZTE-V856,T
ZTE-V9VITA,T
ZTE-X500,T
ZTE-Z990,T
ZTE-Z990G,T
ZTE_CLARO_Q1,T
ZTE_LEO_Q1,T
ZTE_N9511,T
ZTE_T0805,T
ZTE_U N720,T
ZTE_V5,T
ZTE_V971LM,T
ZTE_V97L,T
ZTG01,T
ZTU31,T
ZT_216,T
ZUK Z1,T
ZUK Z2121,T
ZUK Z2131,T
ZUK Z2132,T
ZUN XO,T
ZUUM PAD Kids,T
ZUUM PAD Lightyear,T
ZVII,T
ZVIII,T
ZW10,T
ZX,T
ZX10,T
ZX10G2,T
ZX70,T
ZX70G2,T
ZX80,T
ZXT-10FL323G-PRO,T
ZXT-10HL323S,T
ZXV10_TCS500B,T
ZXY-ZTE_N8010,T
ZXY-ZTE_V6700,T
ZX_001,T
ZZB_ZB30,T
Z_742,T
Z_766_EEA,T
Z_Voyage,T
Zafiro,T
Zapi2020,T
Zeal1,T
Zebra,T
Zen 6T,T
Zen One,T
Zenbo,T
Zenith,T
Zenith II TAXX1P0X,T
Zeop N9000,T
Zephir 2K Android TV,T
Zephir 2K Android TV,T
Zephir 4K Android TV,T
Zephir FHD Android TV,T
Zephir UHD Android TV,T
Zero_60,T
Zero_Spin,T
Zest_Q108I,T
Zest_Q708I,T
Zettaly Avy ZA-407,T
Zeus,T
Zigo_Nebula_10_1,T
Zilo,T
Zinox_Zirra_Pro,T
Zio,T
Zion_5,T
Zircon 12NS,T
Zircon_1015,T
Zircon_1016_4G,T
Zone,T
Zoom,T
Zoom II TAXX0P0X,T
Zpad 608,T
Zpad X7,T
Zpad-X8,T
Zpad-X8-PRO,T
ZpadX7,T
Zpower_2018,T
Zpower_Plus,T
Zumbo S 2017,T
Zumbo_S_2017,T
Zumbo_S_2017_Lite,T
Zun X,T
Zun XS,T
Zun_N,T
_712_TAM1A_RSE,T
a1,T
a37dj dugl,T
a4,T
a5,T
a500,T
abxylute_one,T
abxylute_one_EEA,T
access,T
aegean,T
afriphone S10,T
aiworks,T
ajib X1,T
ajib i10,T
ajib l1,T
alcatel_5098O,T
ampliaTV,T
andrino 2K Android TV,T
andrino 4K Android TV,T
angelica,T
angelican,T
arc 10HD,T
arc 7,T
arc 7HD,T
arcelik_uhd_powermax_at,T
archer,T
arrowsM03,T
arrowsM04,T
arrowsM04-PREMIUM,T
arrowsM05,T
arrowsRX,T
aruba,T
asus_google_cube,T
atlas,T
atom,T
aura ULTRA,T
b-box,T
b1-720,T
b1-721,T
ba101,T
ba201,T
base10_3g_silver,T
bbox-M752A,T
begonia,T
bnd,T
bomb,T
bq Aquaris,T
brask,T
bravis_A506,T
brown 1,T
brown 2,T
brown tab1,T
burmese,T
buzz 8 Lite,T
buzz 8 Note,T
buzz 8 Prime,T
buzz 8 Prime Plus,T
buzz 8 Pro,T
buzz 8 Pro Plus,T
buzz Neo 5G,T
bytello_edla,T
c71kw200,T
calgary,T
cancun,T
cattail,T
cello 2K Android TV,T
cello 4K Android TV,T
cello UK 4K Android TV,T
chagall,T
conference_aio,T
connect,T
connect 2,T
connect 2 US,T
conquest-EX101,T
conquest-S20,T
conquest_S16,T
conquest_S20,T
coolpad Cool 12A,T
coolpad E2,T
cooper,T
cp250_gts,T
cp3636a,T
cp3648A,T
cp3648AT,T
cp3705A,T
crelander_android15,T
crelander_android16,T
curtana,T
cyprus,T
cyprus64,T
d-01G,T
d-01H,T
d-01J,T
d-01K,T
d-02H,T
d-02K,T
d-41A,T
d-42A,T
d-51C,T
d-51F,T
d-52C,T
dL1,T
dTV01,T
dandelion,T
dazen 6A,T
dazen 6E,T
dbx,T
dopod A6288,T
drallion,T
dtab 01,T
dtac phone M1,T
dtacPhoneM2,T
dtacPhoneS3,T
dtacPhoneT2,T
dtacPhoneT3,T
dtacPhoneX3,T
dtac_Phone_S2,T
e-Chat,T
e-PAD,T
e-tab 20,T
e-tab4,T
e-tab_Style,T
e-tab_style_REV3,T
e501,T
e502,T
e551,T
e551 Lite,T
e6,T
e6_plus,T
e720,T
eH811,T
eM61,T
eSTAR 2K Android TV,T
eSTAR 4K Smart TV,T
eSTAR BEAUTY 2 HD Quad core,T
eSTAR BEAUTY 3 HD Quad core,T
eSTAR FHD Android TV,T
eSTAR GO HD Quad core 3G,T
eSTAR GO! IPS Quad core 3G,T
eSTAR GRAND HD Quad core,T
eSTAR Grand IPS Quad core 3G,T
eSTAR UHD Android TV,T
eSTAR_PAD_B8,T
eWs10164T,T
eZeeTab10D12-S,T
eZeeTab7D15-M,T
e_Smart,T
e_Smarter,T
eco_s,T
electroneumM1,T
elevn_eTab,T
em_i8180,T
equuleus,T
era 2,T
era 4K,T
era1X,T
era1Xpro,T
era3x,T
era_4G,T
era_X,T
eye3,T
f100_65u,T
f400,T
falcon,T
fap5_rk76,T
fast-10,T
fibwi,T
fijisc,T
fizz,T
fm502,T
focX2,T
focX2_Row,T
freebit PandA,T
freebit PandA_m14,T
freedom turbo,T
freedom turbo XL,T
g-mee1,T
g06,T
galahad,T
galneoscreen_V5,T
gama_alta_6_128G,T
gambit,T
general_edu_v2,T
general_en_bytello_edla,T
geralt,T
gionee A10,T
globe,T
gloria A50,T
gminfo37,T
gminfo38,T
gprimelteacg,T
gta2xllte,T
gta2xlltechn,T
gta2xlltekx,T
gta2xlwifi,T
gta2xlwifichn,T
gta4s,T
gto,T
gtowifi,T
gucci,T
h31,T
h33,T
haierATV,T
haierATVnippori,T
helio 110,T
helio 15,T
helio 150,T
helio 20,T
helio 22,T
helio 30,T
helio 40,T
helio 45,T
helio 46,T
helio 47,T
helio 50,T
helio 55,T
helio 62,T
helio 80,T
hero A1,T
hk101,T
hoco_A14,T
hoco_A15,T
hoco_HI10,T
hoco_HI10_EEA,T
hoco_HI10_R,T
hoco_HI11,T
hoco_HI12,T
hoco_HI14,T
hoco_HI15,T
hongik,T
hsw4026atl,T
hudl ht7s3,T
i-217D1,T
i-450,T
i-STYLE 713,T
i-Tab Mini 3,T
i-mobile IQ II,T
i-mobile IQ X,T
i-mobile IQ X2,T
i-mobile IQ X2A,T
i-mobile IQ XA,T
i-mobile IQ1-1,T
i-mobile M1703,T
i-mobile Y1,T
i-mobile i-STYLE 7,T
i-mobile i-STYLE 7A,T
i-mobile i-STYLE 812 4G,T
i-touch M1,T
i1,T
i10,T
i10 2019,T
i10 2020,T
i10 plus,T
i100,T
i101AC,T
i101GMC,T
i12,T
i120,T
i15,T
i17 mini,T
i18,T
i1s,T
i2,T
i20,T
i25,T
i2_Lite,T
i30,T
i32,T
i3COMPUTER-A01-OPS,T
i3SIXTY-3,T
i3TOUCH-X3,T
i4901,T
i4U,T
i5+,T
i50,T
i5012,T
i5013,T
i5014,T
i5032,T
i5050,T
i50F,T
i5510,T
i5532,T
i55C,T
i55D,T
i55K,T
i5C,T
i5D,T
i5E,T
i5G,T
i5K,T
i5Plus,T
i6 Metal HD,T
i60,T
i6200Series,T
i6310,T
i65,T
i66,T
i67,T
i68,T
i69,T
i6i 2020,T
i7,T
i700,T
i71,T
i72,T
i73,T
i74,T
i785Q,T
i7A,T
i7Plus,T
i7U,T
i7_Plus,T
i7c,T
i7i 2020,T
i8,T
i80,T
i85,T
i8_ROKR,T
i90,T
i9000S,T
i9100,T
i95,T
i96,T
i97,T
i98,T
i99,T
iBRIT_POWER6,T
iBall Slide Brace XJ,T
iBall Slide Cleo S9,T
iBall Slide Dazzle i7,T
iBall Slide Spirit V2,T
iBall_Slide_Elan_3x32,T
iBall_Slide_Elan_4G2_Plus,T
iBall_Slide_Imprint_4G,T
iBall_Slide_Iris_Drishti_4G,T
iBall_Slide_Majestic_01,T
iBall_Slide_Nimble_4GF,T
iBall_Slide_Perfect_10,T
iBall_Slide_Wings_4GP,T
iCare07,T
iCare10,T
iData 50,T
iData K1,T
iData P1,T
iData P1 mini,T
iData T1,T
iData T1 UHF,T
iData T1S,T
iData T5,T
iData i2,T
iData i3,T
iDataT2,T
iDataW7,T
iData_T2,T
iGET T2,T
iHunt Cyber Shark 4G,T
iHunt Cyber Wolf 5G,T
iHunt Fit Runner,T
iHunt Like 12,T
iHunt Like 12 PRO,T
iHunt Note Ultra,T
iHunt S22 PLUS,T
iHunt S22 ULTRA,T
iHunt S23 ULTRA,T
iHunt S24 PLUS,T
iHunt S24 ULTRA,T
iHunt S24 Xtreme,T
iHunt S25 ULTRA,T
iHunt S26 ULTRA,T
iHunt S60 Discovery Pro 2022,T
iHunt STRONG Tablet X PRO,T
iHunt Tablet PC 11 Ultra,T
iHunt Titan P10000 Pro,T
iHunt Titan P15000 Ultra,T
iHunt Titan P25000 Xtreme,T
iHunt Titan X 5G,T
iHunt_S23_PLUS,T
iHunt_S60_Discovery_Pro_2020,T
iKU A22,T
iKU A36,T
iKU A45,T
iKU A50,T
iKU A70,T
iKU T1,T
iKU X2,T
iKU X3,T
iLA-X,T
iLA_Silk,T
iM319,T
iMart_MAX,T
iMart_Pro,T
iMax_EC1053,T
iNO S9,T
iPA2375,T
iPA2451,T
iPA2453,T
iPA2475,T
iPA2537,T
iPA2556,T
iPA2575,T
iPlay 50 mini,T
iPlay 70 Pad Pro,T
iPlay 70 Ultra,T
iPlay 70 mini Ultra,T
iPlay20S,T
iPlay40_5G,T
iPlay50,T
iPlay50 Pro,T
iPlay50S,T
iPlay50_Lite,T
iPlay50_Mini_Lite,T
iPlay50_Pro,T
iPlay50_SE,T
iPlay50_Upgraded,T
iPlay50_mini_Pro,T
iPlay60 mini Turbo,T
iPlay60_Pro,T
iPlay60_S,T
iPlay60_S_4G,T
iPlay60_mini,T
iPlay60_mini_Pro,T
iPlay70,T
iPlay70 mini Turbo,T
iPlay70MaxPro,T
iPlay70MaxPro5G,T
iPlay70SE,T
iPlay70_S,T
iPlay80SE,T
iPlay80miniPro,T
iPlay80miniTurbo,T
iPlay80miniUltra,T
iPlay9T,T
iPlay_20,T
iPlay_20P,T
iPlay_30,T
iPlay_40,T
iPlay_40H,T
iPlay_50,T
iPlay_50S,T
iPlay_50_Pro,T
iPlay_60,T
iPlay_60_Lite,T
iPlay_60_SE,T
iPlay_70_Max,T
iPlay_70_Pro,T
iPlay_70_S,T
iPlay_8T,T
iPlus P1,T
iPlus P3,T
iPlus1,T
iPro_BOARD,T
iQ&T N8,T
iQ1012N,T
iQ1060M,T
iQ1452aN,T
iQ1568,T
iQ1653,T
iQ1805N,T
iQ181011N,T
iQ411M,T
iQ5011_E,T
iQ7_2018,T
iQ8011,T
iQ8225,T
iQ9013_4N,T
iQA27X_E,T
iQD10S,T
iQD700,T
iQE200,T
iQF 200,T
iQG550,T
iQGW516,T
iQK700,T
iQL550,T
iQL626,T
iQM1001,T
iQM1518,T
iQM801,T
iQM960,T
iQM960L,T
iQME100,T
iQN700,T
iQR704,T
iQS1001,T
iQS300,T
iQS801,T
iQS805,T
iQT1161,T
iQT610,T
iQT800,T
iQW503,T
iQW511T,T
iQW553N,T
iQW570,T
iQW603,T
iQW608,T
iQW626,T
iRULU X11,T
iRULU_V3,T
iS1,T
iSTAR AndroidTV,T
iSWAG ACTIV,T
iT-KSA0003,T
iT-KSA0012,T
iT-KSA0066,T
iTAB-A1,T
iTabS10,T
iTab_XPLUS_10_1,T
iV 505,T
iV_301,T
iX,T
iX101B1,T
iX101D1,T
iX101D1-FIOS,T
iX101T1,T
iX101T1-2G,T
iYOU_M1,T
i_Smart,T
icube-830,T
idea_Board,T
ideatv K72,T
ideatv K82,T
ideatv K91,T
ideatv S52,T
ideatv S61,T
ido,T
igs-series,T
igs-series-gen2,T
ilium PAD E7,T
ilium PAD E8,T
ilium PAD E9,T
ilium PAD i8 v3,T
ilium Pad E9,T
iliumPAD,T
ilium_PADE10,T
ilium_Pad_E7,T
imiia 2k stick,T
infone X,T
innova 40,T
innova10,T
innova20,T
innova30,T
inoiPad 128+4GB Wi-Fi+4G,T
inoiPad 2+32 Wi-Fi+3G,T
inoiPad 64GB Wi-Fi +4G,T
inoiPad 64GB Wi-Fi+3G,T
inoiPad Max,T
inoiPad Pro,T
inoiPad mini 1+16 Wi-Fi,T
inoiPad mini 2+32 Wi-Fi+3G,T
inoiPad_Pro,T
int999G,T
ione note,T
iphone C600,T
iris,T
iris 31,T
iris 50 Pro,T
iris pro 30,T
iris30,T
iris40,T
iris42,T
iris50,T
iris505,T
iris51,T
iris512,T
iris515,T
iris53,T
iris560,T
iris565,T
iris60,T
iris605,T
iris60c,T
iris65,T
iris702,T
iris80,T
iris820,T
iris821,T
iris870,T
iris88,T
iris880,T
iris88_go,T
iris88_lite,T
iris88s,T
iris90,T
it1512,T
itabx,T
itel A11,T
itel A12,T
itel A13,T
itel A13Plus,T
itel A14,T
itel A14RU,T
itel A14S,T
itel A14TZ,T
itel A15,T
itel A15R,T
itel A16,T
itel A16 Plus,T
itel A16 Plus RU,T
itel A16S,T
itel A16TZ,T
itel A20,T
itel A21,T
itel A22,T
itel A22 Pro,T
itel A23,T
itel A23P,T
itel A23R,T
itel A23S,T
itel A31,T
itel A31Plus,T
itel A32F,T
itel A40,T
itel A41,T
itel A41 Plus,T
itel A42 Plus,T
itel A43,T
itel A44,T
itel A44 Power,T
itel A44 Pro,T
itel A45,T
itel A507LC,T
itel A507LM,T
itel A507LMO,T
itel A507LMU,T
itel A507LN,T
itel A507LNP,T
itel A507LP,T
itel A507LS,T
itel A507LSP,T
itel A507LSU,T
itel A507LV,T
itel A507LVU,T
itel A507LX,T
itel A507LXU,T
itel A509WP,T
itel A51,T
itel A510W,T
itel A511LP,T
itel A511LQ,T
itel A512W,T
itel A513W,T
itel A515W,T
itel A52,T
itel A52 Lite,T
itel A52B,T
itel A52S Lite,T
itel A551L,T
itel A571L,T
itel A571LK,T
itel A571LL,T
itel A571W,T
itel A571WM,T
itel A611W,T
itel A611WP,T
itel A62,T
itel A631L,T
itel A631W,T
itel A632L,T
itel A632W,T
itel A632WM,T
itel A6610L,T
itel A6611L,T
itel A661L,T
itel A661W,T
itel A661WP,T
itel A662L,T
itel A662LM,T
itel A663L,T
itel A663LC,T
itel A665L,T
itel A666L,T
itel A666LN,T
itel A667L,T
itel A667LP,T
itel A669L,T
itel A669W,T
itel A671L,T
itel A671LC,T
itel A671N,T
itel A673L,T
itel A675L,T
itel A676L,T
itel Android TV,T
itel AndroidTV,T
itel C671L,T
itel C672L,T
itel C681L,T
itel C681LN,T
itel L5002,T
itel L5002P,T
itel L5006,T
itel L5006C,T
itel L5006S,T
itel L5007,T
itel L5007A,T
itel L5007D,T
itel L5007S,T
itel L5502,T
itel L5502S,T
itel L5503,T
itel L5503L,T
itel L5505,T
itel L6002P,T
itel L6003P,T
itel L6004,T
itel L6004L,T
itel L6004P,T
itel L6005,T
itel L6006,T
itel L6006F,T
itel L6006L,T
itel L6006S,T
itel L6501,T
itel L6502,T
itel L6503,T
itel P08003L,T
itel P10001L,T
itel P10003L,T
itel P10004L,T
itel P10005L,T
itel P10006L,T
itel P11,T
itel P11002L,T
itel P11025G,T
itel P1102GT,T
itel P12,T
itel P13,T
itel P13 Plus,T
itel P13001L,T
itel P31,T
itel P32,T
itel P41,T
itel P51,T
itel P551W,T
itel P552W,T
itel P651L,T
itel P651W,T
itel P661N,T
itel P661W,T
itel P662L,T
itel P663L,T
itel P663LN,T
itel P665L,T
itel P666L,T
itel P671L,T
itel P671LN,T
itel P681L,T
itel P681LM,T
itel P682L,T
itel P682LP,T
itel P682LPN,T
itel P683L,T
itel P685L,T
itel Prime 4,T
itel S11,T
itel S11 Plus,T
itel S11 Pro,T
itel S11Plus,T
itel S11X,T
itel S12,T
itel S13,T
itel S13 Pro,T
itel S21,T
itel S31,T
itel S32,T
itel S32LTE,T
itel S33,T
itel S41,T
itel S42,T
itel S661L,T
itel S661LN,T
itel S661LP,T
itel S661LPN,T
itel S661W,T
itel S662L,T
itel S662LCN,T
itel S663L,T
itel S663LC,T
itel S665L,T
itel S665LN,T
itel S666LN,T
itel S667LN,T
itel S681LN,T
itel S685LN,T
itel S686LN,T
itel S688LN,T
itel W4001,T
itel W4001O,T
itel W4001P,T
itel W4001S,T
itel W4002,T
itel W4003,T
itel W5001P,T
itel W5002,T
itel W5003,T
itel W5004,T
itel W5004D,T
itel W5004V,T
itel W5005,T
itel W5005P,T
itel W5006X,T
itel W5008,T
itel W5503,T
itel W5504,T
itel W5505,T
itel W6001,T
itel W6002,T
itel W6002E,T
itel W6003,T
itel W6004,T
itel W6004P,T
itel W6501,T
itel W6502,T
itel W6503,T
itel W7002,T
itel W7002P,T
itel it1355,T
itel it1355M,T
itel it1407,T
itel it1408,T
itel it1409,T
itel it1460,T
itel it1460 Pro,T
itel it1506,T
itel it1507,T
itel it1508,T
itel it1508 GPS,T
itel it1508 Plus,T
itel it1513,T
itel it1516 Plus,T
itel it1518,T
itel it1551,T
itel it1556,T
itel it1556 Plus,T
itel it1556 plus,T
itel it1655,T
itel it1655S,T
itel it1702,T
itel it1703,T
itel-P10002L,T
itel-P10002LP,T
itel-P8002L,T
itel-it1520,T
itel-it1553,T
itel_it1505,T
itel_it1550,T
ivvi SK5,T
ivvi SK5_S,T
ivvi SS1-03,T
ivvi SS2-01,T
ivvi V1M-S,T
ivvi i1,T
ivvi i1-01,T
ivvi i1-S,T
ivvi i3-01,T
ivvi i3-M1,T
ivvi i3P-02,T
jAC AndroidTV,T
joyar_mid,T
jupiter,T
kPad,T
kalista,T
kids 3g,T
kids20A15_A537,T
kr101,T
kukui,T
l11,T
l3453,T
l4300,T
l5400,T
l5450,T
l5550,T
l9450,T
lactive_IA75,T
lamu_g,T
laurus,T
lc_xxdem6h,T
lc_xxeos5h,T
lcd_xxdem9a,T
lcd_xxdemxa,T
lcd_xxeos5a,T
lephone P1,T
lephone P2,T
lephone P2Plus,T
lephone P5,T
lephoneP1,T
lephone_W10,T
lephone_W11,T
lephone_W15,T
lephone_W21,T
lephone_W7,T
lephone_W7R,T
lephone_W7_plus,T
lephone_W8,T
lgyuev-T11,T
lgyuev-T11Pro,T
lion,T
lithium,T
llium Pad L8,T
logikids4,T
lotus,T
m2307,T
m2467,T
m384wb,T
m60,T
m63,T
mDESK,T
malta,T
maltalsc,T
martin,T
matepadpro,T
maxTV Stream,T
maxhub_bytello_edla,T
mbadge,T
md501,T
mdt1060,T
mdt865,T
mdt880,T
meanIT K10,T
meanIT X10,T
meanIT X4,T
meanIT_C1,T
meanIT_C10C11,T
meanIT_C2,T
meanIT_C80C81,T
meanIT_K20,T
meanIT_K7,T
meanIT_X1,T
meanIT_X2,T
meanIT_X20,T
meanIT_X40,T
meanIT_X6,T
meanit K28,T
meanit X50,T
meizu 16Xs,T
meizu 17,T
meizu 17 Pro,T
meizu C9,T
meizu C9 pro,T
meizu M10,T
meizu M8,T
meizu M8 lite,T
meizu X8,T
meizu note8,T
meizu note9,T
mensa,T
meo smart a12,T
mibot,T
mid1031_mp_64,T
mid8006_mk_32,T
midcb232pr,T
mione M1,T
mione_S20,T
mipo_M17,T
mipo_M25,T
mipo_M34,T
mipo_M36,T
mipo_M46_Plus,T
mipo_M59,T
mipo_m26,T
mipo_m28,T
miracle_tap_10,T
mirarel JTB Google TV,T
mito A39,T
mobifone M9001,T
mobiistar C1,T
mobiistar C1 Power,T
mobiistar C1 Shine,T
mobiistar C2,T
mobiistar E Selfie,T
mobiistar E1,T
mobiistar LAI YUNA 1,T
mobiistar LAI Z1 4G,T
mobiistar LAI ZORO 3,T
mobiistar X,T
mobiistar ZORO 5,T
mobiistar ZUMBO Power,T
mobiistar ZUMBO S2 Dual,T
mobiistar Zumbo S2,T
mobiistar_LAI_Z2,T
mobiistar_ZORO_4G,T
moche smart a8,T
moii E598,T
moii E996+,T
morep_mavic_20,T
morep_mavic_40,T
morep_v5,T
morrison,T
moto,T
moto e,T
moto e (XT2052DL),T
moto e(6) plus,T
moto e(6i),T
moto e(6s),T
moto e(7),T
moto e(7) plus,T
moto e(7) power,T
moto e(7i) power,T
moto e13,T
moto e20,T
moto e22,T
moto e22i,T
moto e30,T
moto e32,T
moto e40,T
moto e5,T
moto e5 (XT1920DL),T
moto e5 cruise,T
moto e5 go,T
moto e5 play,T
moto e5 plus,T
moto e5 supra,T
moto e6,T
moto e6 (XT2005DL),T
moto e6 play,T
moto e6s,T
moto g - 2025,T
moto g - 2026,T
moto g 5G,T
moto g 5G (2022),T
moto g 5G - 2023,T
moto g 5G - 2024,T
moto g 5G plus,T
moto g fast,T
moto g max,T
moto g play (2021),T
moto g play (XT2093DL),T
moto g play - 2024,T
moto g play - 2026,T
moto g power,T
moto g power (2021),T
moto g power (2022),T
moto g power (XT2041DL),T
moto g power - 2025,T
moto g power - 2026,T
moto g power 5G - 2023,T
moto g power 5G - 2024,T
moto g pro,T
moto g pure,T
moto g stylus,T
moto g stylus (2021),T
moto g stylus (2022),T
moto g stylus (2023),T
moto g stylus (XT2115DL),T
moto g stylus - 2025,T
moto g stylus - 2026,T
moto g stylus 5G,T
moto g stylus 5G (2022),T
moto g stylus 5G - 2023,T
moto g stylus 5G - 2024,T
moto g stylus 5g,T
moto g(10),T
moto g(10) power,T
moto g(100),T
moto g(20),T
moto g(30),T
moto g(40) fusion,T
moto g(50),T
moto g(50) 5G,T
moto g(6),T
moto g(6) (XT1925DL),T
moto g(6) play,T
moto g(6) plus,T
moto g(60),T
moto g(60)s,T
moto g(7),T
moto g(7) optimo (XT1952DL),T
moto g(7) optimo maxx(XT1955DL),T
moto g(7) play,T
moto g(7) plus,T
moto g(7) power,T
moto g(7) supra,T
moto g(8),T
moto g(8) play,T
moto g(8) plus,T
moto g(8) power,T
moto g(8) power lite,T
moto g(9),T
moto g(9) play,T
moto g(9) plus,T
moto g(9) power,T
moto g04,T
moto g04s,T
moto g05,T
moto g06,T
moto g06 power,T
moto g13,T
moto g14,T
moto g15,T
moto g20,T
moto g200 5G,T
moto g22,T
moto g23,T
moto g24,T
moto g24 power,T
moto g31,T
moto g31(w),T
moto g32,T
moto g34 5G,T
moto g34 5GP,T
moto g35 5G,T
moto g37,T
moto g37 power,T
moto g41,T
moto g42,T
moto g45 5G,T
moto g47,T
moto g51 5G,T
moto g52,T
moto g52j 5G,T
moto g53 5G,T
moto g53j 5G,T
moto g53s 5G,T
moto g53y 5G,T
moto g54 5G,T
moto g55 5G,T
moto g56 5G,T
moto g57,T
moto g57 power,T
moto g62 5G,T
moto g64 5G,T
moto g64y 5G,T
moto g66j 5G,T
moto g66y 5G,T
moto g67,T
moto g67 power 5G,T
moto g71 5G,T
moto g72,T
moto g73 5G,T
moto g75 5G,T
moto g77,T
moto g77 power,T
moto g8 power lite,T
moto g82 5G,T
moto g84 5G,T
moto g85 5G,T
moto g86 5G,T
moto g86 power 5G,T
moto g87,T
moto g96 5G,T
moto tab g20,T
moto tab g70,T
moto tab g70 LTE,T
moto x4,T
moto z3,T
moto z4,T
moto[SPACE]g(50),T
motorola,T
motorola defy x,T
motorola edge,T
motorola edge (2021),T
motorola edge (2022),T
motorola edge - 2026,T
motorola edge 20,T
motorola edge 20 fusion,T
motorola edge 20 lite,T
motorola edge 20 pro,T
motorola edge 2023,T
motorola edge 2024,T
motorola edge 2025,T
motorola edge 30,T
motorola edge 30 fusion,T
motorola edge 30 neo,T
motorola edge 30 pro,T
motorola edge 30 ultra,T
motorola edge 40,T
motorola edge 40 neo,T
motorola edge 40 pro,T
motorola edge 50,T
motorola edge 50 fusion,T
motorola edge 50 neo,T
motorola edge 50 pro,T
motorola edge 50 ultra,T
motorola edge 5G UW,T
motorola edge 5G UW (2021),T
motorola edge 60,T
motorola edge 60 fusion,T
motorola edge 60 neo,T
motorola edge 60 pro,T
motorola edge 60 stylus,T
motorola edge 60s pro,T
motorola edge 70,T
motorola edge 70 fusion,T
motorola edge 70 fusion plus,T
motorola edge 70 max,T
motorola edge 70 pro,T
motorola edge 70 pro+,T
motorola edge plus,T
motorola edge plus (2022),T
motorola edge plus 2023,T
motorola edge plus 5G UW (2022),T
motorola one,T
motorola one 5G,T
motorola one 5G UW,T
motorola one 5G UW ace,T
motorola one 5G ace,T
motorola one action,T
motorola one fusion,T
motorola one fusion+,T
motorola one hyper,T
motorola one macro,T
motorola one power,T
motorola one vision,T
motorola one vision plus,T
motorola one zoom,T
motorola razr,T
motorola razr (2020),T
motorola razr 2022,T
motorola razr 2023,T
motorola razr 2024,T
motorola razr 2025,T
motorola razr 2026,T
motorola razr 40,T
motorola razr 40 ultra,T
motorola razr 40s,T
motorola razr 50,T
motorola razr 50 ultra,T
motorola razr 50s,T
motorola razr 5G,T
motorola razr 60,T
motorola razr 60 ultra,T
motorola razr 60s,T
motorola razr 70,T
motorola razr 70 plus,T
motorola razr 70 ultra,T
motorola razr fold,T
motorola razr fold 2026,T
motorola razr plus 2023,T
motorola razr plus 2024,T
motorola razr plus 2025,T
motorola razr plus 2026,T
motorola razr ultra 2025,T
motorola razr ultra 2026,T
motorola signature,T
move 2,T
movo,T
movo_la,T
moxie,T
msm8625,T
mu6,T
muPAD L10,T
muPAD102,T
muPAD104,T
muPADT7,T
muPAD_K10,T
mvshub Stick,T
mx50,T
my Pad P3,T
my17,T
my28S Smart,T
my29S,T
myA1 Lite,T
myA10,T
myA11i,T
myA12,T
myA15,T
myA16,T
myA17,T
myA18,T
myA1_Plus,T
myA7 DTV,T
myA8 DTV,T
myA9 DTV,T
myG1,T
myHome,T
myNX1,T
myP1,T
myPad P2,T
myPad P3,T
myPad P4 Lite,T
myPad P5,T
myPadP4,T
myPhone CityXL,T
myPhone Cube,T
myPhone Fun LTE,T
myPhone Go,T
myPhone Jet,T
myPhone N23 Plus,T
myPhone N23 Plus 5G,T
myPhone_C-Smart_4,T
myPhone_City_2,T
myPhone_FUN_18x9_EEA,T
myPhone_Fun6Lite,T
myPhone_Fun_6,T
myPhone_Fun_7_LTE,T
myPhone_Fun_8,T
myPhone_Fun_9,T
myPhone_Now_eSIM,T
myPhone_Pocket_18x9,T
myPhone_Pocket_Pro,T
myPhone_Prime_3,T
myPhone_Prime_5,T
myPhone_Q-Smart_III,T
myT10,T
myT3 DTV,T
myT5 DTV,T
myT6 DTV,T
myT6S,T
myT8,T
myT8S,T
myTouch_4G_Slide,T
myWX1 Lite,T
myWX1 Plus,T
myWX2,T
myWX2 Pro,T
myX12,T
myX2,T
myX5,T
myX8,T
myX9,T
myXI1,T
myXI1 Plus,T
myXI1 Pro,T
myXI3,T
mymaga CLASS Plus 2,T
myphone N23 5G,T
n7,T
nJoy_Arcas_7,T
nJoy_Tityos_10,T
nJoy_Turnus_8,T
neo,T
neocore E1-2,T
neocore_E1R1,T
neocore_N1G1,T
newline26Q,T
newline26S,T
noa X plus,T
noa X2 Plus,T
noaXPower,T
noa_G1,T
nocturne,T
note,T
note 16,T
nubia 8046,T
nubia 8050,T
nubia 8150N,T
nubia 8550,T
nubia Focus 2 5G,T
nubia Pad 5G,T
nubia Z5,T
nubia_NB1001,T
nuvi 3590,T
nuvi 3592,T
nuvi 3595,T
nuvifone A50,T
nüvifone A50,T
omega_lite_4,T
one touch 995C+,T
one touch D920,T
one touch T10,T
one695_1,T
one695_1_coho,T
one7_0_4,T
one7_0_4_coho,T
one8_0_1,T
one8_0_1_coho,T
onetouch EVO7,T
onetouch_P689L,T
onn. 4K Plus Streaming,T
onn. 4K Streaming Box,T
onn. Full HD Streaming Device,T
onn. Streaming Device 4K pro,T
oona1W15,T
oona2W22,T
open_fhd,T
open_uhd,T
oraimo R401,T
oraimo R401S,T
oraimo R402,T
pCloud,T
pad6_EEA,T
pad_d85,T
patrick,T
pearl,T
penangf,T
pine,T
planck,T
play2,T
polsat soundbox 4K,T
popper2,T
projector,T
prowise,T
puff,T
pulse,T
q7,T
quattro,T
redbeat A2,T
redbeat D5,T
redbeat M3,T
redbeatA2,T
redbeatC1,T
redbeatM2,T
redway10,T
redway10_lite,T
redway7_pro,T
redway_7,T
reeder_M10 Plus,T
reeder_M7_Go,T
reeder_M8 Plus,T
reeder_M8S,T
reeder_T8,T
ref_SCTF,T
rg730,T
rk3576_u,T
rk3588_t,T
roarV95,T
roar_V150,T
s-tron,T
s2,T
s4,T
s4_pro,T
s5029,T
s5031,T
s5Pro,T
s6005X,T
s6w,T
samsung-printer-tablet,T
santoni,T
sdk_gphone64_x86_64,T
sdk_gphone_x86,T
seocho,T
sepolia,T
sico pro,T
simi X3,T
sirius,T
siwxxf1x,T
six_zero_XXAplus,T
skipper,T
smart,T
smart_S5,T
smart_touch,T
smartboard_2,T
soda E1,T
soda FIRE,T
soda S1,T
soda S2,T
sp401,T
st70408_4,T
st70408_4_coho,T
starTIM tab 7,T
starTIM1,T
star_X,T
star_phone_x,T
star_plus_plus,T
star_two,T
start.ca IPBS9510,T
staryu,T
sti6130d353,T
strongbad,T
studybook_Tablets,T
supraGuide_DIVA_5,T
surface7,T
sweam,T
swisstone SD 510,T
swisstone SD 530,T
switch plus,T
t8332_l40mmeiw_T10_64_k419,T
tPad8,T
tab10,T
tamachi,T
tb8792p1_64_wifi,T
tcsu2uj,T
telma i401,T
the101loop,T
theaterv3,T
theloop,T
theloop_ROW,T
thunderc,T
titan_niibr_ds,T
titan_retbr_dstv,T
tmau400,T
tmn smart a15,T
tmn smart a18,T
tmn smart a20,T
tmn smart a6,T
tmn smart a60,T
tmn smart a7,T
tmn smart a8,T
toco,T
tolino tab 7,T
tolino tab 8,T
tolino tab 8.9,T
twist neo,T
uLesson_Education_Tab,T
uLesson_Education_Tab_V2,T
uMax85,T
uie4057lgu,T
uiw4030dnm,T
umts,T
unknown,T
uvh1301,T
v7,T
v7-EEA,T
venus,T
vernee_M5,T
verykool Luna II S4513,T
verykool Wave Pro s5021,T
verykoolS5007,T
verykoolS5019,T
verykoolS5021,T
verykoolS5027,T
verykoolS5028,T
verykoolSL5029,T
verykoolSL5050,T
verykoolSL5200,T
verykoolSL5560,T
verykoolSL5565,T
verykoolT7445,T
verykools5019,T
verykools5034,T
verykools5035,T
verykools5036,T
verykools5037,T
verykools5204,T
verykools5205,T
verykools5526,T
verykools5527,T
verykools5528,T
verykools5528Jr,T
verykools5702,T
verykools6005X,T
vision2_1,T
vision2_5,T
visionbook P55 LTE,T
vivo 1601,T
vivo 1603,T
vivo 1606,T
vivo 1609,T
vivo 1610,T
vivo 1611,T
vivo 1707,T
vivo 1713,T
vivo 1714,T
vivo 1716,T
vivo 1718,T
vivo 1719,T
vivo 1720,T
vivo 1721,T
vivo 1723,T
vivo 1724,T
vivo 1725,T
vivo 1726,T
vivo 1727,T
vivo 1801,T
vivo 1802,T
vivo 1803,T
vivo 1804,T
vivo 1805,T
vivo 1806,T
vivo 1807,T
vivo 1808,T
vivo 1811,T
vivo 1812,T
vivo 1813,T
vivo 1814,T
vivo 1815,T
vivo 1816,T
vivo 1817,T
vivo 1818,T
vivo 1819,T
vivo 1820,T
vivo 1851,T
vivo 1901,T
vivo 1902,T
vivo 1904,T
vivo 1906,T
vivo 1907,T
vivo 1909,T
vivo 1910,T
vivo 1912,T
vivo 1913,T
vivo 1914,T
vivo 1915,T
vivo 1916,T
vivo 1917,T
vivo 1919,T
vivo 1920,T
vivo 1921,T
vivo 1929,T
vivo 1933,T
vivo 1935,T
vivo 1937,T
vivo 1938,T
vivo 1940,T
vivo 1951,T
vivo 2004,T
vivo 2005,T
vivo 2006,T
vivo 2007,T
vivo 2010,T
vivo 2015,T
vivo 2015_21,T
vivo 2018,T
vivo 2019,T
vivo NEX A,T
vivo NEX S,T
vivo PD1415A,T
vivo PD1501D,T
vivo PD1515A,T
vivo PD1515BA,T
vivo PD1522A,T
vivo PD1523A,T
vivo PD1524B,T
vivo PD1612,T
vivo PD1616B,T
vivo PD1628,T
vivo PD1635,T
vivo PD1708,T
vivo PD1709,T
vivo PD1710,T
vivo PD1721,T
vivo V1,T
vivo V3,T
vivo V3Lite,T
vivo V3Max,T
vivo V3Max+ A,T
vivo V5Plus,T
vivo X20A,T
vivo X20Plus A,T
vivo X20Plus UD,T
vivo X21A,T
vivo X21UD A,T
vivo X21i A,T
vivo X5,T
vivo X5M,T
vivo X5Max,T
vivo X5Max S,T
vivo X5MaxV,T
vivo X5Pro,T
vivo X5Pro D,T
vivo X5Pro V,T
vivo X6D,T
vivo X6S A,T
vivo X7,T
vivo X7Plus,T
vivo X9,T
vivo X9Plus,T
vivo X9i,T
vivo X9s,T
vivo X9s Plus,T
vivo Xplay5A,T
vivo Xplay6,T
vivo Y11,T
vivo Y13iL,T
vivo Y15,T
vivo Y15S,T
vivo Y21,T
vivo Y21L,T
vivo Y22,T
vivo Y27,T
vivo Y28,T
vivo Y31,T
vivo Y31L,T
vivo Y31i,T
vivo Y33,T
vivo Y35,T
vivo Y35A,T
vivo Y37,T
vivo Y51,T
vivo Y51A,T
vivo Y55,T
vivo Y66,T
vivo Y66i A,T
vivo Y67,T
vivo Y69A,T
vivo Y71A,T
vivo Y75A,T
vivo Y75s,T
vivo Y79A,T
vivo Y83A,T
vivo Y85A,T
vivo Y89,T
vivo Y923,T
vivo Y937,T
vivo Z1,T
vivo Z1i,T
vivo Z3x,T
vsi7q_1,T
vsi7q_1_coho,T
vsi8q_1,T
vsi8q_1_coho,T
w5,T
w6,T
wPad_Aura,T
wave-i007w,T
weplus_3,T
wg_tablet_01,T
willow,T
wolverine12,T
wolverine7,T
x600,T
xTablet-A680,T
xTabletA680,T
yeongdeungpo,T
yes,T
yetruepad21,T
zBOX 2,T
zBox 1,T
zenx 2,T
zx70,T
Hisense U968,T
MPT-1011,T
Permaray3576-IFPD,T
S3_E,T
SM-A085M,T
"iPhone19,2",T
"iPhone19,3",T
"iPhone19,4",T
"iPhone19,7",T
101HH1C,T
25128PNA1C,T
26012RN62A,T
26012RN62L,T
26012RN62Y,T
26020RNB4A,T
26020RNB4L,T
26062PC92I,T
26062RN92I,T
26077PC53G,T
2607APCA5G,T
2607DPC18G,T
2607DPC18I,T
2607DRA18C,T
2607DRA18G,T
2607DRA18I,T
2607DRA18T,T
2607FRNEAG,T
26081RA18G,T
26081RA18L,T
2608BPX34C,T
2609FRA74G,T
2KTV-6SH,T
3576,T
4KTV-6SU,T
4KTV-6SUF,T
9426X,T
A1095Z-5G,T
A18 Pro,T
A18ST,T
A603SH,T
A604SH,T
A88ST,T
ACP75P,T
AD-C1,T
AD-C2,T
AD-C3,T
ADS75P,T
ADZ75P,T
AF13Air_US,T
AF8_EEA,T
AF8_ROW,T
AIGO_Pad_HY800,T
AIXT2604,T
ARCHOS T110 FHD3 4G ULTRA,T
ARMOR 40A,T
ASTECH_S21,T
ASUS Googlebook 14,T
AUTOID PAD Air-5G-P,T
Ace2,T
Acer Googlebook 14,T
Android M11,T
Astral,T
At_Home,T
Azimut_4_lite,T
B22_C,T
B25_E,T
BF00A,T
BH1002G,T
BPad T11,T
BPad X1,T
BSN-NX1,T
BSN-NX1M,T
BSN-NX3,T
BT-A800,T
BT-A800M,T
BV9300Pro Plus,T
BYD300F_G,T
BYD300F_G_P,T
BYD300F_VCP_G,T
BYD300F_VCP_G_P,T
Black S3,T
Black S4,T
Blade20 Plus,T
Blade20 X,T
Blade_6_Pro,T
C17 SE,T
C20 Plus,T
COMEK Tab K10,T
COMEK Tab K20,T
CP31M-4T,T
CPH2829,T
CPH2931,T
CPH2993,T
CPH3007,T
CPH3009,T
CTP100,T
CTS05,T
CW10,T
CX10,T
ClassyS26Ultra4G,T
Comtrend-S3A,T
Construction_3_5G,T
Core-Z5P,T
D117,T
D126_PRO,T
D126_PRO_EEA,T
D126_US,T
D2151,T
D3_E,T
DAE65P,T
DE-T919,T
DEVOPS_RK3576,T
DL1061,T
DREAME SMART 4KTV EU,T
DREAME SMART 4KTV SA,T
DS95,T
E11_E,T
E15_E,T
E3_Series,T
E940-3044-00,T
E940-3044-01,T
E940-3045-00,T
E940-3045-01,T
ECLIPSE PLUS TAB 10,T
EE940-3043-00,T
EID-1001A,T
EPIC Vision,T
EPIC_G_12,T
EPICa,T
ETEL_P69,T
EWT56_STYLO VALOR,T
F118,T
FLOW 12,T
FUTURE_18_PRO,T
GT350,T
GigaX F19,T
Gtel_Delta_18,T
H-H101_EEA,T
HDBC,T
HDBN,T
HP Googlebook 14,T
HPA-1319,T
HSD-M03F,T
HSG1507,T
HT738-01,T
Heze,T
Hisense E36,T
Hisense E73,T
Hisense Enigma Lite,T
Hisense Enigma Plus,T
Hisense Hisense Engima Plus,T
Hisense Hisense Enigma Plus,T
Hisense M90 Pro,T
Hisense U55,T
Hisense Y63,T
I26K01,T
I26K02,T
I26K03,T
I26K04,T
IM-H031N,T
IM-S881,T
IRA_T808M_Wishtel,T
IS-IFSeries,T
Infinix X1102D,T
J2608,T
JT1,T
JTOUCH_26_ADVANCED_SERIES,T
JTOUCH_26_ESSENTIAL_SERIES,T
K15A,T
K20 Pro,T
K610AO,T
K931AO,T
KC-S704,T
KG4101,T
KIDS707A-708,T
KSTB2500,T
KSTB6200,T
KSTB7268,T
KSTB8000,T
L67 Ultra,T
LINK 5,T
Leica Cine Compact 1,T
Lenovo Googlebook 15,T
Logic L67 PRO MAX,T
LoopPhone,T
M10_C13,T
M18ProMax,T
M367FC,R
M80X,T
M80XE,T
M8781A,T
MES-B4,T
MF52,T
MLD-LX2,T
MLD-LX3,T
MOBOE1,T
MPT-1012,T
MT-A10,T
MZYIA,T
M_Q59Pro,T
MegaPad Air,T
Mistral,T
N6801X,T
N962,T
NOTE 25 5G,T
NXLPAD1,T
Neo_16,T
NitroX,T
Note 57,T
Note57 Lite,T
Note60,T
ONE_1C,T
ONI75P,T
ONX75P,T
ORION E2,T
Olternix_A11,T
OneScreen_Android_OPS_2,T
Onvo Smart TV,T
P10_R,T
P35_ROW,T
P35_Y_ROW,T
P50_B_US,T
P65PR,T
PILOT 8,T
PRO_MAX_16,T
PYE110,T
PYE130,T
Pad 15 Pro,T
Pad 17 Pro,T
Pad 31 Ultra,T
Pad Neo,T
Pad_SE,T
Philips Google TV TC1,T
Power V1,T
Prime Pro 5G,T
Primebook Duo Max,T
Q11_Pro,T
Q5S,T
R10Pro,T
R3GS,T
R500_E,T
RAVOZ_A7_PRO,T
REC75P,T
RGD1_ROW,T
RMX5125,T
RMX5398,T
RS20,T
RS2503,T
RS2613,T
RSE_GTRONX,T
RT1308B,T
RT710,T
RTC_M102,T
S-T6128HD,T
S10_E,T
S17Pro_Sub,T
S200 X Pro,T
S7221,T
SC-790KT,T
SH-M36,T
SL-75SLEDU168U,T
SM-A185F,T
SM-A185G,T
SM-A185N,T
SM-A376N,T
SN512C,T
SN512CCM,T
SO-52G,T
SPECTRA A2,T
SPECTRA PLAY,T
SPPL 2K GOOGLE TV,T
SPPL 4K 65P,T
SPPL 4K Google TV,T
SPPL4K,T
STAB7,T
STYLO_ELEVATE,T
ST_55_CONNECT_SMARTMOVE,T
SWTV-24LA-FHD,T
SWTV-25HK,T
SWTV-25NA-4K,T
SWTV-25SA-4K,T
SWTV-26AE-2KA5,T
SWTV-26AE-4K NF,T
SWTV-26HK-4K,T
SWTV-26LA-4K,T
SWTV-26NA-2KA5,T
SWTV-26NA-4K,T
SWTV-26SA-2KA5,T
SWTV-26SA-4K,T
Shinelink_136COB,T
Smart 20 GO,T
Smart One,T
Sofia5,T
Sonic Lite,T
Spectra_TAB,T
T2072,T
T852K,T
T852P,T
T853K,T
T853P,T
T91A,T
T952K,T
T952P,T
TA-05,T
TAB 10 MAX,T
TAB R7 Pro,T
TAB30_E,T
TB336ZA,T
TB522FU,T
TECNO KO2,T
TELOX_TE850,T
TM08F6W74,T
TR3ER,T
Teachmint_XC,T
Telefunken 2K SmartTV,T
U14,T
U8_E,T
V Max Play Pro,T
V10E LTE-464,T
V2559,T
V2571,T
V2574,T
V2602A,T
V2602DA,T
V2603A,T
V2606A,T
V2607,T
V2607A,T
V2608A,T
V2608DA,T
V2609A,T
V2617A,T
V2620A,T
V2626,T
V2640,T
V2655,T
V6 Lite,T
VILLAON V655L,T
VZY SMART TV,T
Video Soundbox,T
W Series,T
WAFX-PS,T
WAVE 3,T
WP106,T
WT3 Pro,T
Wynn_Pad_EEA,T
X100 Mecha,T
X100 SE,T
X109K,T
X26 Ultra,T
X5_G,T
XPLORE 6,T
XPLORE 6 Pro,T
XPS Googlebook,T
XQ-GH54,T
XQ-GH74,T
XT1,T
XT2673-1,T
XT2673-2,T
X_AGE_Leap,T
Z,T
Z-PAD SE ZP105-SE,T
Z168_E,T
ZENO 6 Pro,T
ZEUS HALO,T
edu-africa2026_ROW,T
fap6_rk76,T
helio 23,T
helio 65,T
i18 Pro Max,T
iDataP5,T
iKids20_A16_JAE,T
iPA2691,T
iPlay80Mini,T
itel C672N,T
itel P11003L,T
moose on uxc10,T
myBoard_Horizon,T
nissan aivi2e high,T
